Order Date,Product Name,Category,Region,Unit_cost,Quantity,cost,Sales,Profit
11/8/2016,Bush Somerset Collection Bookcase,Furniture,South,110,2,220,262,42
11/8/2016,"Hon Deluxe Fabric Upholstered Stacking Chairs, Rounded Back",Furniture,South,171,3,512,732,220
6/12/2016,Self-Adhesive Address Labels for Typewriters by Universal,Office Supplies,West,4,2,8,15,7
10/11/2015,Bretford CR4500 Series Slim Rectangular Table,Furniture,South,268,5,1341,958,383
10/11/2015,Eldon Fold 'N Roll Cart System,Office Supplies,South,10,2,20,22,3
6/9/2014,"Eldon Expressions Wood and Plastic Desk Accessories, Cherry Wood",Furniture,West,5,7,35,49,14
6/9/2014,Newell 322,Office Supplies,West,1,4,5,7,2
6/9/2014,Mitel 5320 IP Phone VoIP phone,Technology,West,136,6,816,907,91
6/9/2014,DXL Angle-View Binders with Locking Rings by Samsill,Office Supplies,West,4,3,13,19,6
6/9/2014,Belkin F5C206VTEL 6 Outlet Surge,Office Supplies,West,16,5,80,115,34
6/9/2014,Chromcraft Rectangular Conference Tables,Furniture,West,180,9,1621,1706,85
6/9/2014,Konftel 250 Conference phone - Charcoal black,Technology,West,211,4,843,911,68
4/15/2017,Xerox 1967,Office Supplies,South,3,3,10,16,5
12/5/2016,Fellowes PB200 Plastic Comb Binding Machine,Office Supplies,West,92,3,275,408,133
11/22/2015,"Holmes Replacement Filter for HEPA Air Cleaner, Very Large Room, HEPA Filter",Office Supplies,Central,39,5,193,69,124
11/22/2015,Storex DuraTech Recycled Plastic Frosted Binders,Office Supplies,Central,2,3,6,3,4
11/11/2014,"Stur-D-Stor Shelving, Vertical 5-Shelf: 72""H x 36""W x 18 1/2""D",Office Supplies,Central,109,6,653,666,13
5/13/2014,Fellowes Super Stor/Drawer,Office Supplies,West,23,2,46,56,10
8/27/2014,Newell 341,Office Supplies,West,3,2,6,9,2
8/27/2014,Cisco SPA 501G IP Phone,Technology,West,66,3,197,213,16
8/27/2014,"Wilson Jones Hanging View Binder, White, 1""",Office Supplies,West,4,4,15,23,7
12/9/2016,Newell 318,Office Supplies,Central,2,7,14,19,5
12/9/2016,"Acco Six-Outlet Power Strip, 4' Cord Length",Office Supplies,Central,6,7,45,60,16
7/16/2017,"Global Deluxe Stacking Chair, Gray",Furniture,East,36,2,72,71,1
9/25/2015,Bretford CR4500 Series Slim Rectangular Table,Furniture,West,268,3,804,1045,240
1/16/2016,Wilson Jones Active Use Binders,Office Supplies,West,4,2,7,12,4
1/16/2016,Imation 8GB Mini TravelDrive USB 2.0 Flash Drive,Technology,West,26,3,79,91,12
9/17/2015,"Riverside Palais Royal Lawyers Bookcase, Royale Cherry Finish",Furniture,East,678,7,4748,3083,1665
9/17/2015,Avery Recycled Flexi-View Covers for Binding Systems,Office Supplies,East,8,2,17,10,7
9/17/2015,"Howard Miller 13-3/4"" Diameter Brushed Chrome Round Wall Clock",Furniture,East,36,3,109,124,16
9/17/2015,Poly String Tie Envelopes,Office Supplies,East,1,2,2,3,1
9/17/2015,"BOSTON Model 1800 Electric Pencil Sharpeners, Putty/Woodgrain",Office Supplies,East,13,6,77,86,10
9/17/2015,"Acco Pressboard Covers with Storage Hooks, 14 7/8"" x 11"", Executive Red",Office Supplies,East,2,6,13,7,6
9/17/2015,Lumber Crayons,Office Supplies,East,6,2,12,16,4
10/19/2017,Easy-staple paper,Office Supplies,Central,7,3,20,29,10
12/8/2016,GE 30524EE4,Technology,Central,139,7,974,1098,123
12/8/2016,"Electrix Architect's Clamp-On Swing Arm Lamp, Black",Furniture,Central,68,5,339,191,148
12/27/2015,"#10-4 1/8"" x 9 1/2"" Premium Diagonal Seam Envelopes",Office Supplies,Central,9,9,78,113,35
12/27/2015,"Atlantic Metals Mobile 3-Shelf Bookcases, Custom Colors",Furniture,Central,193,3,579,532,47
12/27/2015,"Global Fabric Manager's Chair, Dark Gray",Furniture,Central,76,3,227,212,15
12/27/2015,Plantronics HL10 Handset Lifter,Technology,Central,82,4,329,371,42
9/10/2017,Panasonic Kx-TS550,Technology,Central,33,4,131,147,17
7/17/2016,"Eldon Base for stackable storage shelf, platinum",Office Supplies,West,37,2,74,78,4
9/19/2017,"Advantus 10-Drawer Portable Organizer, Chrome Metal Frame, Smoke Drawers",Office Supplies,South,43,2,86,96,10
3/11/2016,"Verbatim 25 GB 6x Blu-ray Single Layer Recordable Disc, 25/Pack",Technology,Central,13,2,26,46,20
3/11/2016,Wilson Jones Leather-Like Binders with DublLock Round Rings,Office Supplies,Central,5,2,9,17,8
10/20/2014,"Gould Plastics 9-Pocket Panel Bin, 18-3/8w x 5-1/4d x 20-1/2h, Black",Office Supplies,Central,51,4,203,212,8
6/20/2016,Imation 8gb Micro Traveldrive Usb 2.0 Flash Drive,Technology,East,13,3,40,45,5
6/20/2016,"LF Elite 3D Dazzle Designer Hard Case Cover, Lf Stylus Pen and Wiper For Apple Iphone 5c Mini Lite",Technology,East,8,2,16,22,6
4/18/2015,"C-Line Peel & Stick Add-On Filing Pockets, 8-3/4 x 5-1/8, 10/Pack",Office Supplies,Central,3,6,20,38,18
4/18/2015,Avery 485,Office Supplies,Central,7,6,40,75,35
4/18/2015,Longer-Life Soft White Bulbs,Furniture,Central,2,2,3,6,3
4/18/2015,"Global Leather Task Chair, Black",Furniture,Central,73,1,73,90,17
12/11/2016,Advantus Push Pins,Office Supplies,East,1,7,9,15,6
12/11/2016,AT&T CL83451 4-Handset Telephone,Technology,East,146,5,731,1030,299
6/17/2016,Home/Office Personal File Carts,Office Supplies,East,26,6,156,209,52
6/17/2016,Xerox 232,Office Supplies,East,3,5,17,32,16
6/17/2016,Novimex Turbo Task Chair,Furniture,East,62,5,312,319,7
6/17/2016,"Array Parchment Paper, Assorted Colors",Office Supplies,East,4,2,8,15,7
6/17/2016,Imation 8gb Micro Traveldrive Usb 2.0 Flash Drive,Technology,East,13,2,27,30,3
6/17/2016,Plastic Binding Combs,Office Supplies,East,8,4,32,48,16
6/17/2016,Prang Dustless Chalk Sticks,Office Supplies,East,1,1,1,2,1
11/24/2015,"Verbatim 25 GB 6x Blu-ray Single Layer Recordable Disc, 3/Pack",Technology,West,4,2,8,14,6
11/24/2015,"Acco PRESSTEX Data Binder with Storage Hooks, Dark Blue, 14 7/8"" X 11""",Office Supplies,West,3,6,16,26,9
11/24/2015,Xerox 1943,Office Supplies,West,26,3,78,147,69
11/24/2015,Luxo Economy Swing Arm Lamp,Furniture,West,14,4,57,80,22
4/30/2015,"Global Value Mid-Back Manager's Chair, Gray",Furniture,Central,46,5,228,213,15
12/5/2014,"Hunt BOSTON Model 1606 High-Volume Electric Pencil Sharpener, Beige",Office Supplies,West,125,8,1002,1113,111
12/5/2014,netTALK DUO VoIP Telephone Service,Technology,West,26,4,105,168,63
6/4/2016,"Snap-A-Way Black Print Carbonless Ruled Speed Letter, Triplicate",Office Supplies,South,20,2,40,76,36
9/18/2016,Avery Binding System Hidden Tab Executive Style Index Sets,Office Supplies,East,3,1,3,5,2
9/14/2017,"Telephone Message Books with Fax/Mobile Section, 5 1/2"" x 3 3/16""",Office Supplies,Central,3,3,10,19,9
4/26/2015,High-Back Leather Manager's Chair,Furniture,South,118,8,946,832,114
4/26/2015,"Tenex Traditional Chairmats for Medium Pile Carpet, Standard Lip, 36"" x 48""",Furniture,South,48,2,96,97,1
4/26/2015,Safco Industrial Wire Shelving System,Office Supplies,South,91,1,91,73,18
12/9/2017,Economy Binders,Office Supplies,Central,1,3,3,1,2
12/9/2017,"6"" Cubicle Wall Clock, Black",Furniture,Central,5,3,16,10,6
12/9/2017,"SimpliFile Personal File, Black Granite, 15w x 6-15/16d x 11-1/4h",Office Supplies,Central,8,3,25,27,3
11/26/2014,"Eldon Expressions Desk Accessory, Wood Pencil Holder, Oak",Furniture,Central,7,5,34,19,14
6/12/2016,"1.7 Cubic Foot Compact ""Cube"" Office Refrigerators",Office Supplies,South,152,1,152,208,56
6/12/2016,Avery Heavy-Duty EZD  Binder With Locking Rings,Office Supplies,South,3,3,9,17,8
10/12/2014,"Premium Writing Pencils, Soft, #2 by Central Association for the Blind",Office Supplies,West,2,5,11,15,4
10/12/2014,"Sortfiler Multipurpose Personal File Organizer, Black",Office Supplies,West,15,1,15,21,6
9/3/2015,Jet-Pak Recycled Peel 'N' Seal Padded Mailers,Office Supplies,South,20,7,138,201,63
11/13/2017,Safco Industrial Wire Shelving,Office Supplies,Central,93,3,279,230,49
5/28/2017,Novimex Swivel Fabric Task Chair,Furniture,South,134,2,269,302,33
10/26/2017,Logitech LS21 Speaker System - PC Multimedia - 2.1-CH - Wired,Technology,Central,13,1,13,20,7
10/26/2017,Avery 511,Office Supplies,Central,2,2,3,6,3
4/5/2016,Eldon Portable Mobile Manager,Office Supplies,Central,21,7,145,158,14
9/17/2016,Turquoise Lead Holder with Pocket Clip,Office Supplies,West,4,3,13,20,7
9/17/2016,Panasonic Kx-TS550,Technology,West,33,2,65,74,8
9/17/2016,Xerox 1995,Office Supplies,West,3,1,3,6,3
1/31/2015,Xerox 1999,Office Supplies,Central,3,2,7,13,6
1/31/2015,"Seth Thomas 13 1/2"" Wall Clock",Furniture,Central,12,3,37,53,17
1/31/2015,Ibico Standard Transparent Covers,Office Supplies,Central,8,2,17,33,16
11/6/2017,Flexible Leather- Look Classic Collection Ring Binder,Office Supplies,West,9,1,9,6,4
11/9/2017,9-3/4 Diameter Round Wall Clock,Furniture,East,8,7,56,97,41
6/17/2017,Trimflex Flexible Post Binders,Office Supplies,West,11,3,33,51,18
9/6/2016,Fellowes Basic Home/Office Series Surge Protectors,Office Supplies,Central,9,6,55,78,23
8/29/2016,Avery Personal Creations Heavyweight Cards,Office Supplies,Central,6,7,42,65,23
8/29/2016,SanDisk Ultra 64 GB MicroSDHC Class 10 Memory Card,Technology,Central,36,3,107,96,11
8/29/2016,Avery Hidden Tab Dividers for Binding Systems,Office Supplies,Central,2,3,5,2,3
12/1/2016,Universal Premium White Copier/Laser Paper (20Lb. and 87 Bright),Office Supplies,Central,3,4,12,24,12
11/13/2015,Logitech K350 2.4Ghz Wireless Keyboard,Technology,West,44,6,266,239,27
11/13/2015,"Deflect-o DuraMat Lighweight, Studded, Beveled Mat for Low Pile Carpeting",Furniture,West,35,3,106,102,4
11/13/2015,"Avery Trapezoid Ring Binder, 3"" Capacity, Black, 1040 sheets",Office Supplies,West,21,3,63,37,26
11/23/2017,Memorex Mini Travel Drive 8 GB USB 2.0 Flash Drive,Technology,South,7,8,57,74,18
11/23/2017,Speck Products Candyshell Flip Case,Technology,South,26,1,26,28,2
11/23/2017,Newell Chalk Holder,Office Supplies,South,2,1,2,3,1
10/15/2015,Logitech Gaming G510s - Keyboard,Technology,Central,54,5,272,340,68
12/25/2017,Magnifier Swing Arm Lamp,Furniture,East,16,2,31,42,11
11/3/2016,"Hunt PowerHouse Electric Pencil Sharpener, Blue",Office Supplies,Central,27,2,53,76,23
11/3/2016,"Avery Durable Plastic 1"" Binders",Office Supplies,Central,2,6,14,27,13
8/25/2014,"OIC Colored Binder Clips, Assorted Sizes",Office Supplies,East,2,14,26,40,15
8/25/2014,"Redi-Strip #10 Envelopes, 4 1/8 x 9 1/2",Office Supplies,East,2,2,3,5,2
8/25/2014,Xerox 1921,Office Supplies,East,5,3,16,24,7
8/25/2014,"Tyvek  Top-Opening Peel & Seel Envelopes, Plain White",Office Supplies,East,14,6,86,130,44
3/2/2015,Hon Racetrack Conference Tables,Furniture,West,207,3,622,788,165
4/5/2015,GBC DocuBind 300 Electric Binding Machine,Office Supplies,South,274,1,274,158,116
6/12/2016,Artistic Insta-Plaque,Furniture,East,10,3,29,47,18
6/12/2016,DXL Angle-View Binders with Locking Rings by Samsill,Office Supplies,East,4,4,17,31,14
6/12/2016,"Companion Letter/Legal File, Black",Office Supplies,East,27,6,163,227,63
6/12/2016,Globe Weis Peel & Seel First Class Envelopes,Office Supplies,East,7,9,63,115,52
6/12/2016,KLD Oscar II Style Snap-on Ultra Thin Side Flip Synthetic Leather Cover Case for HTC One HTC M7,Technology,East,7,7,48,68,20
12/26/2014,Global Deluxe High-Back Manager's Chair,Furniture,Central,203,3,609,601,9
9/20/2014,Bevis 44 x 96 Conference Tables,Furniture,Central,171,6,1025,618,408
11/5/2017,"Avery Durable Slant Ring Binders, No Labels",Office Supplies,West,2,2,4,2,2
11/5/2017,"Trav-L-File Heavy-Duty Shuttle II, Black",Office Supplies,West,30,7,213,244,30
11/6/2016,"Global Task Chair, Black",Furniture,West,45,2,91,81,9
11/6/2016,Eldon Cleatmat Plus Chair Mats for High Pile Carpets,Furniture,West,71,3,212,239,26
2/2/2017,Anker 36W 4-Port USB Wall Charger Travel Power Adapter for iPhone 5s 5c 5,Technology,East,14,5,72,60,12
2/2/2017,Xerox 1916,Office Supplies,East,24,2,49,78,29
2/2/2017,Staples,Office Supplies,East,2,9,14,21,7
10/13/2016,Xerox 195,Office Supplies,West,3,3,10,20,10
10/13/2016,Xerox 1880,Office Supplies,West,19,1,19,35,17
10/13/2016,"Sanford Colorific Colored Pencils, 12/Box",Office Supplies,West,2,4,8,12,3
10/13/2016,Ideal Clamps,Office Supplies,West,1,2,2,4,2
10/13/2016,GBC Wire Binding Strips,Office Supplies,West,17,3,50,76,27
10/13/2016,Fiskars Softgrip Scissors,Office Supplies,West,8,6,47,66,18
10/13/2016,Longer-Life Soft White Bulbs,Furniture,West,2,14,22,43,21
9/5/2016,"Howard Miller 13-3/4"" Diameter Brushed Chrome Round Wall Clock",Furniture,East,36,2,72,83,10
9/18/2017,Newell 343,Office Supplies,West,2,3,6,9,2
9/18/2017,Convenience Packs of Business Envelopes,Office Supplies,West,2,3,6,11,5
9/18/2017,Xerox 1911,Office Supplies,West,25,3,75,144,69
12/22/2017,Sanyo 2.5 Cubic Foot Mid-Size Office Refrigerators,Office Supplies,Central,207,3,621,839,218
9/7/2015,Safco Industrial Wire Shelving,Office Supplies,West,93,7,652,672,20
10/22/2014,"Seth Thomas 14"" Putty-Colored Wall Clock",Furniture,East,20,4,81,94,13
12/5/2016,Plantronics Cordless Phone Headset with In-line Volume - M214C,Technology,Central,26,11,281,384,104
12/5/2016,Anker Astro 15000mAh USB Portable Charger,Technology,Central,48,3,144,150,6
12/5/2016,"Hon Deluxe Fabric Upholstered Stacking Chairs, Rounded Back",Furniture,Central,171,8,1366,1952,586
12/5/2016,GBC Prestige Therm-A-Bind Covers,Office Supplies,Central,18,5,91,172,81
3/13/2016,Belkin 7 Outlet SurgeMaster Surge Protector with Phone Protection,Office Supplies,West,28,5,140,158,18
3/13/2016,Jabra BIZ 2300 Duo QD Duo Corded Headset,Technology,West,94,2,188,203,15
5/31/2015,Southworth 25% Cotton Antique Laid Paper & Envelopes,Office Supplies,West,5,7,32,58,26
5/31/2015,Xerox 1883,Office Supplies,West,14,4,57,106,49
5/31/2015,"Tenex Personal Project File with Scoop Front Design, Black",Office Supplies,West,10,6,60,81,21
5/28/2015,Newell 311,Office Supplies,West,2,3,5,7,2
3/1/2014,Global Deluxe High-Back Manager's Chair,Furniture,West,203,2,406,458,51
11/20/2016,Avery 519,Office Supplies,Central,4,2,8,15,7
11/20/2016,Avaya 5420 Digital phone,Technology,Central,101,7,709,945,236
5/11/2016,Xerox 1920,Office Supplies,West,3,1,3,6,3
12/28/2015,Lenovo 17-Key USB Numeric Keypad,Technology,East,27,2,53,54,1
11/16/2016,Staple envelope,Office Supplies,West,3,5,15,28,13
11/7/2016,Wilson Jones International Size A4 Ring Binders,Office Supplies,West,9,2,18,28,10
9/8/2014,BIC Brite Liner Highlighters,Office Supplies,Central,2,3,7,10,3
9/8/2014,Lexmark MX611dhe Monochrome Laser Printer,Technology,Central,1190,8,9520,8160,1360
9/8/2014,Space Solutions HD Industrial Steel Shelving.,Office Supplies,Central,112,3,335,276,59
9/8/2014,SAFCO Arco Folding Chair,Furniture,Central,196,9,1765,1740,25
9/8/2014,Sanford Liquid Accent Highlighters,Office Supplies,Central,4,6,25,32,7
9/8/2014,Kensington 7 Outlet MasterPiece Power Center,Office Supplies,Central,126,5,632,178,454
9/8/2014,JBL Micro Wireless Portable Bluetooth Speaker,Technology,Central,45,3,135,144,9
8/5/2014,"Adams Phone Message Book, Professional, 400 Message Capacity, 5 3/6” x 11”",Office Supplies,West,4,3,11,21,10
8/5/2014,Xerox 1913,Office Supplies,West,29,2,58,111,53
8/5/2014,"Global Value Steno Chair, Gray",Furniture,West,46,7,319,340,21
9/14/2014,Kensington 7 Outlet MasterPiece HOMEOFFICE Power Control Center,Office Supplies,Central,92,2,184,52,131
9/14/2014,Avery 51,Office Supplies,Central,3,4,14,20,7
4/21/2017,"Acco 7-Outlet Masterpiece Power Center, Wihtout Fax/Phone Line Protection",Office Supplies,Central,85,4,340,97,243
11/21/2015,"Padded Folding Chairs, Black, 4/Carton",Furniture,East,58,7,408,397,11
11/21/2015,Acme Rosewood Handle Letter Opener,Office Supplies,East,4,5,20,16,4
12/15/2015,"Sanford Colorific Eraseable Coloring Pencils, 12 Count",Office Supplies,East,2,1,2,3,1
12/5/2014,"Tenex File Box, Personal Filing Tote with Lid, Black",Office Supplies,Central,11,2,23,25,2
12/5/2014,Imation Secure+ Hardware Encrypted USB 2.0 Flash Drive; 16GB,Technology,Central,47,7,332,409,77
11/19/2014,AT&T TR1909W,Technology,South,93,4,373,504,131
11/19/2014,Nokia Lumia 521 (T-Mobile),Technology,South,22,5,108,150,42
11/19/2014,HP Standard 104 key PS/2 Keyboard,Technology,South,11,2,22,29,7
11/28/2016,Avery Poly Binder Pockets,Office Supplies,East,2,2,4,7,3
8/26/2014,SanDisk Ultra 32 GB MicroSDHC Class 10 Memory Card,Technology,West,19,8,154,177,23
7/16/2016,"Personal Filing Tote with Lid, Black/Gray",Office Supplies,Central,11,3,34,37,4
7/16/2016,Southworth 25% Cotton Antique Laid Paper & Envelopes,Office Supplies,Central,5,3,14,20,6
10/12/2015,"Atlantic Metals Mobile 4-Shelf Bookcases, Custom Colors",Furniture,East,197,4,787,899,112
10/12/2015,I Need's 3d Hello Kitty Hybrid Silicone Case Cover for HTC One X 4g with 3d Hello Kitty Stylus Pen Green/pink,Technology,East,9,6,52,72,20
10/12/2015,Xerox 205,Office Supplies,East,3,8,27,52,25
10/12/2015,"Atlantic Metals Mobile 3-Shelf Bookcases, Custom Colors",Furniture,East,193,3,579,626,47
10/12/2015,4009 Highlighters by Sanford,Office Supplies,East,3,5,13,20,7
10/31/2015,Poly String Tie Envelopes,Office Supplies,West,1,7,8,14,7
3/21/2014,"Binney & Smith Crayola Metallic Colored Pencils, 8-Color Set",Office Supplies,East,3,2,6,7,1
3/21/2014,"Binney & Smith inkTank Erasable Desk Highlighter, Chisel Tip, Yellow, 12/Box",Office Supplies,East,1,3,4,6,2
11/6/2017,Decoflex Hanging Personal Folder File,Office Supplies,East,11,3,34,46,12
7/6/2017,"Pressboard Covers with Storage Hooks, 9 1/2"" x 11"", Light Blue",Office Supplies,East,3,2,5,3,2
7/6/2017,"Wirebound Message Books, 5-1/2 x 4 Forms, 2 or 4 Forms per Page",Office Supplies,East,3,3,10,16,6
6/24/2017,Southworth 25% Cotton Linen-Finish Paper & Envelopes,Office Supplies,East,5,3,15,22,7
8/3/2014,BoxOffice By Design Rectangular and Half-Moon Meeting Room Tables,Furniture,West,190,2,381,219,162
8/3/2014,"Bravo II Megaboss 12-Amp Hard Body Upright, Replacement Belts, 2 Belts per Pack",Office Supplies,West,2,1,2,3,0
12/17/2017,Eureka Sanitaire  Commercial Upright,Office Supplies,Central,123,2,245,66,179
6/3/2017,"Eldon 200 Class Desk Accessories, Burgundy",Furniture,South,4,7,25,35,10
12/9/2017,Nortel Business Series Terminal T7208 Digital phone,Technology,West,100,4,400,445,44
12/1/2017,"Tennsco Lockers, Gray",Office Supplies,Central,20,4,78,84,6
12/1/2017,Panasonic KX-TG6844B Expandable Digital Cordless Telephone,Technology,Central,48,2,96,132,36
12/1/2017,"Avery Durable Slant Ring Binders, No Labels",Office Supplies,Central,2,4,8,16,7
12/1/2017,"Advantus Push Pins, Aluminum Head",Office Supplies,Central,4,9,36,52,16
12/1/2017,"Gould Plastics 18-Pocket Panel Bin, 34w x 5-1/4d x 20-1/2h",Office Supplies,Central,88,1,88,92,4
2/9/2015,Memorex Micro Travel Drive 8 GB,Technology,Central,7,2,14,21,7
1/2/2015,Avery 505,Office Supplies,East,7,2,15,24,9
1/2/2015,O'Sullivan 2-Door Barrister Bookcase in Odessa Pine,Furniture,East,139,5,697,452,244
1/2/2015,Speck Products Candyshell Flip Case,Technology,East,26,3,78,63,15
1/2/2015,Cisco 9971 IP Video Phone Charcoal,Technology,East,238,9,2138,1188,950
1/2/2015,Sony Micro Vault Click 16 GB USB 2.0 Flash Drive,Technology,East,43,2,85,90,4
10/28/2016,"Personal Filing Tote with Lid, Black/Gray",Office Supplies,West,11,6,67,93,26
10/28/2016,Adtran 1202752G1,Technology,West,93,3,280,302,23
12/24/2015,OIC Bulk Pack Metal Binder Clips,Office Supplies,East,2,2,4,6,2
12/24/2015,"While You Were Out Pads, 50 per Pad, 4 x 5 1/4, Green Cycle",Office Supplies,East,2,6,14,23,8
12/24/2015,Ibico Standard Transparent Covers,Office Supplies,East,8,4,34,20,14
12/24/2015,"Executive Impressions 14"" Two-Color Numerals Wall Clock",Furniture,East,13,4,54,73,19
12/24/2015,Swingline SM12-08 MicroCut Jam Free Shredder,Technology,East,216,4,864,480,384
12/24/2015,Stanley Bostitch Contemporary Electric Pencil Sharpeners,Office Supplies,East,12,2,24,27,3
8/9/2015,"Sanford Uni-Blazer View Highlighters, Chisel Tip, Yellow",Office Supplies,Central,1,1,1,2,1
8/9/2015,Bevis 36 x 72 Conference Tables,Furniture,Central,97,5,486,622,137
8/9/2015,Rogers Deluxe File Chest,Office Supplies,Central,22,1,22,22,0
2/28/2015,Global Low Back Tilter Chair,Furniture,South,95,2,190,162,28
2/28/2015,"Global Push Button Manager's Chair, Indigo",Furniture,South,43,8,346,390,44
9/13/2014,GBC Instant Index System for Binding Systems,Office Supplies,South,4,7,31,19,12
4/7/2017,Bush Advantage Collection Round Conference Table,Furniture,South,168,2,336,234,102
4/7/2017,Bretford Rectangular Conference Table Tops,Furniture,South,290,3,869,621,248
4/7/2017,GBC Instant Index System for Binding Systems,Office Supplies,South,4,2,9,5,4
4/7/2017,"Tenex Contemporary Contur Chairmats for Low and Medium Pile Carpet, Computer, 39"" x 49""",Furniture,South,86,3,258,258,0
4/7/2017,Logitech P710e Mobile Speakerphone,Technology,South,209,3,626,618,8
11/12/2017,Xerox 4200 Series MultiUse Premium Copy Paper (20Lb. and 84 Bright),Office Supplies,West,3,2,6,11,5
6/4/2016,Xerox 1957,Office Supplies,Central,3,5,17,26,9
6/4/2016,Luxo Professional Fluorescent Magnifier Lamp with Clamp-Mount Base,Furniture,Central,155,5,776,420,357
6/4/2016,Staple-based wall hangings,Furniture,Central,5,3,16,12,5
6/4/2016,PureGear Roll-On Screen Protector,Technology,Central,10,2,21,32,11
6/4/2016,KI Conference Tables,Furniture,Central,60,5,298,177,121
6/4/2016,Eldon 100 Class Desk Accessories,Furniture,Central,2,3,7,4,3
6/4/2016,"Binney & Smith Crayola Metallic Colored Pencils, 8-Color Set",Office Supplies,Central,3,2,6,7,1
6/1/2014,Global Deluxe High-Back Manager's Chair,Furniture,Central,203,7,1421,2002,581
6/1/2014,Safco Steel Mobile File Cart,Office Supplies,Central,63,2,125,167,42
6/1/2014,"Adams Telephone Message Book w/Frequently-Called Numbers Space, 400 Messages per Book",Office Supplies,Central,4,6,24,48,24
6/1/2014,Honeywell Enviracaire Portable HEPA Air Cleaner for 17' x 22' Room,Office Supplies,Central,201,5,1007,1503,496
6/1/2014,Xerox 205,Office Supplies,Central,3,4,13,26,12
12/10/2016,"Global Leather Highback Executive Chair with Pneumatic Height Adjustment, Black",Furniture,West,147,2,293,322,28
9/11/2016,"Wirebound Message Books, Two 4 1/4"" x 5"" Forms per Page",Office Supplies,West,4,1,4,8,4
9/11/2016,Logitech P710e Mobile Speakerphone,Technology,West,209,13,2711,3347,636
12/10/2016,"Fellowes Personal Hanging Folder Files, Navy",Office Supplies,East,10,6,58,81,23
12/10/2016,Tyvek Side-Opening Peel & Seel Expanding Envelopes,Office Supplies,East,50,4,199,362,163
11/28/2015,Eldon 100 Class Desk Accessories,Furniture,Central,2,9,21,12,8
11/28/2015,"Belkin 19"" Vented Equipment Shelf, Black",Office Supplies,Central,51,2,102,82,20
11/28/2015,"Tenex Personal Project File with Scoop Front Design, Black",Office Supplies,Central,10,5,50,54,4
11/28/2015,Logitech Mobile Speakerphone P710e - speaker phone,Technology,Central,99,6,591,648,57
12/1/2017,Sabrent 4-Port USB 2.0 Hub,Technology,East,4,3,13,20,7
12/1/2017,Safco Industrial Shelving,Office Supplies,East,72,3,215,222,7
12/1/2017,Acco 3-Hole Punch,Office Supplies,East,2,5,11,18,6
6/8/2017,Eureka Disposable Bags for Sanitaire Vibra Groomer I Upright Vac,Office Supplies,Central,3,2,6,2,4
9/19/2014,Lexmark MX611dhe Monochrome Laser Printer,Technology,Central,1190,3,3570,3060,510
9/19/2014,Xerox WorkCentre 6505DN Laser Multifunction Printer,Technology,Central,396,7,2772,2520,252
6/6/2016,Cisco Small Business SPA 502G VoIP phone,Technology,Central,75,4,300,328,29
11/10/2015,Microsoft Sculpt Comfort Mouse,Technology,West,22,2,45,80,35
6/16/2017,"Quartet Omega Colored Chalk, 12/Pack",Office Supplies,South,3,3,9,14,5
1/22/2016,Bagged Rubber Bands,Office Supplies,East,1,6,7,8,0
12/9/2017,Safco Commercial Shelving,Office Supplies,East,45,1,45,37,7
12/9/2017,"Recycled Interoffice Envelopes with String and Button Closure, 10 x 13",Office Supplies,East,12,3,36,58,22
12/28/2017,Adjustable Depth Letter/Legal Cart,Office Supplies,West,129,4,515,726,210
7/30/2015,Logitech 910-002974 M325 Wireless Mouse for Web Scrolling,Technology,West,17,7,118,210,92
7/30/2015,Regeneration Desk Collection,Furniture,West,1,3,3,5,2
7/30/2015,Presstex Flexible Ring Binders,Office Supplies,West,2,3,7,11,4
9/16/2017,"Ampad Gold Fibre Wirebound Steno Books, 6"" x 9"", Gregg Ruled",Office Supplies,West,2,2,5,9,4
9/16/2017,Newell 330,Office Supplies,West,4,1,4,6,2
10/13/2017,"Post-it “Important Message” Note Pad, Neon Colors, 50 Sheets/Pad",Office Supplies,East,4,2,8,12,4
10/13/2017,"Adams Write n' Stick Phone Message Book, 11"" X 5 1/4"", 200 Messages",Office Supplies,East,3,4,12,18,6
10/13/2017,Eldon Simplefile Box Office,Office Supplies,East,9,6,54,60,6
10/13/2017,Avery 489,Office Supplies,East,5,3,16,25,9
9/26/2015,Round Ring Binders,Office Supplies,Central,1,5,6,2,3
9/26/2015,Bose SoundLink Bluetooth Speaker,Technology,Central,105,7,738,1114,376
11/2/2015,"Bevis Round Bullnose 29"" High Table Top",Furniture,West,197,5,987,1039,52
9/26/2015,Easy-staple paper,Office Supplies,West,19,5,94,142,48
9/26/2015,Microsoft Arc Touch Mouse,Technology,West,38,5,192,240,48
9/26/2015,Xerox 216,Office Supplies,West,3,6,20,31,11
12/18/2016,GBC VeloBinder Electric Binding Machine,Office Supplies,South,60,7,423,254,169
12/18/2016,"Acco 7-Outlet Masterpiece Power Center, Wihtout Fax/Phone Line Protection",Office Supplies,South,85,2,170,195,24
12/18/2016,Premier Automatic Letter Opener,Office Supplies,South,233,5,1166,961,204
11/20/2016,Advantus SlideClip Paper Clips,Office Supplies,East,2,7,12,19,7
11/20/2016,Avery 512,Office Supplies,East,2,8,12,18,6
11/20/2016,Logitech Wireless Gaming Headset G930,Technology,East,101,2,202,256,54
11/20/2016,"Bush Westfield Collection Bookcases, Medium Cherry Finish",Furniture,East,45,3,136,87,49
12/26/2014,"Howard Miller 13"" Diameter Goldtone Round Wall Clock",Furniture,West,28,8,222,300,79
12/26/2014,Global Deluxe Office Fabric Chairs,Furniture,West,70,3,210,230,20
12/26/2014,Eldon ClusterMat Chair Mat with Cordless Antistatic Protection,Furniture,West,81,3,243,218,25
12/26/2014,Ibico Laser Imprintable Binding System Covers,Office Supplies,West,28,5,141,79,63
12/26/2014,"Vinyl Coated Wire Paper Clips in Organizer Box, 800/Box",Office Supplies,West,6,3,18,28,9
10/28/2016,Xerox 223,Office Supplies,East,3,5,17,32,16
10/28/2016,"Tennsco Stur-D-Stor Boltless Shelving, 5 Shelves, 24"" Deep, Sand",Office Supplies,East,134,8,1072,1082,11
10/28/2016,Xerox 1939,Office Supplies,East,10,3,30,57,27
10/28/2016,"Floodlight Indoor Halogen Bulbs, 1 Bulb per Pack, 60 Watts",Furniture,East,10,4,40,78,38
10/28/2016,Avery Premier Heavy-Duty Binder with Round Locking Rings,Office Supplies,East,8,1,8,14,7
11/19/2017,BPI Conference Tables,Furniture,Central,117,3,351,219,131
5/4/2015,Electrix 20W Halogen Replacement Bulb for Zoom-In Desk Lamp,Furniture,East,7,2,14,27,13
12/30/2014,Newell 350,Office Supplies,Central,2,3,7,10,3
6/1/2014,"GBC Clear Cover, 8-1/2 x 11, unpunched, 25 covers per pack",Office Supplies,East,8,3,25,45,21
6/1/2014,Boston Heavy-Duty Trimline Electric Pencil Sharpeners,Office Supplies,East,34,6,205,289,84
4/15/2017,Faber Castell Col-Erase Pencils,Office Supplies,South,3,1,3,5,2
9/12/2016,C-Line Cubicle Keepers Polyproplyene Holder With Velcro Backings,Furniture,West,3,4,12,15,4
9/12/2016,Hon 4070 Series Pagoda Armless Upholstered Stacking Chairs,Furniture,West,207,2,414,467,53
9/12/2016,"Eldon Expressions Desk Accessory, Wood Photo Frame, Mahogany",Furniture,West,14,1,14,15,2
9/12/2016,Avery 509,Office Supplies,West,1,3,4,6,2
9/27/2014,"Deflect-o SuperTray Unbreakable Stackable Tray, Letter, Black",Furniture,East,17,3,50,88,38
8/9/2014,AT&T 1070 Corded Phone,Technology,South,78,2,156,178,22
8/9/2014,Xerox 21,Office Supplies,South,3,3,10,16,5
12/28/2014,"Boston School Pro Electric Pencil Sharpener, 1670",Office Supplies,East,23,4,90,99,9
11/4/2014,DMI Arturo Collection Mission-style Design Wood Chair,Furniture,East,112,1,112,136,24
11/4/2014,Canon imageCLASS MF7460 Monochrome Digital Laser Multifunction Copier,Technology,East,998,2,1996,3992,1996
11/4/2014,Panasonic Kx-TS550,Technology,East,33,6,196,276,80
11/4/2014,NETGEAR N750 Dual Band Wi-Fi Gigabit Router,Technology,East,58,4,230,360,130
11/4/2014,"Trav-L-File Heavy-Duty Shuttle II, Black",Office Supplies,East,30,1,30,44,13
9/19/2014,OIC Binder Clips,Office Supplies,West,2,2,4,7,4
4/23/2016,Ibico Laser Imprintable Binding System Covers,Office Supplies,West,28,6,170,252,82
4/23/2016,Logitech Wireless Headset h800,Technology,West,65,1,65,100,35
11/3/2017,Telescoping Adjustable Floor Lamp,Furniture,South,15,1,15,16,1
8/30/2016,Aastra 57i VoIP phone,Technology,East,120,3,359,291,68
8/30/2016,"File Shuttle II and Handi-File, Black",Office Supplies,East,25,2,51,54,3
8/30/2016,Hon 2090 “Pillow Soft” Series Mid Back Swivel/Tilt Chairs,Furniture,East,261,4,1045,787,259
8/30/2016,Round Specialty Laser Printer Labels,Office Supplies,East,7,10,66,100,34
8/30/2016,GBC Premium Transparent Covers with Diagonal Lined Pattern,Office Supplies,East,11,6,65,38,28
4/25/2016,AT&T 841000 Phone,Technology,East,52,2,104,83,21
4/25/2016,Ibico Recycled Grain-Textured Covers,Office Supplies,East,17,2,35,21,14
4/25/2016,Wilson Jones Custom Binder Spines & Labels,Office Supplies,East,3,3,8,5,3
9/1/2015,Storex Dura Pro Binders,Office Supplies,West,3,1,3,5,2
9/1/2015,Hewlett Packard LaserJet 3310 Copier,Technology,West,312,2,624,960,336
9/1/2015,Avery Non-Stick Binders,Office Supplies,West,2,4,10,14,4
7/12/2014,Tuff Stuff Recycled Round Ring Binders,Office Supplies,West,2,2,5,8,3
7/12/2014,Hon 5100 Series Wood Tables,Furniture,West,239,3,716,698,17
6/22/2015,"OIC Binder Clips, Mini, 1/4"" Capacity, Black",Office Supplies,West,1,4,3,5,2
4/13/2014,Newell 314,Office Supplies,East,4,4,17,18,1
4/13/2014,Fellowes PB200 Plastic Comb Binding Machine,Office Supplies,East,92,10,918,510,408
4/13/2014,Staples,Office Supplies,East,2,13,21,31,10
4/13/2014,"Square Credit Card Reader, 4 1/2"" x 4 1/2"" x 1"", White",Technology,East,5,12,64,72,8
12/20/2015,Fellowes Super Stor/Drawer,Office Supplies,Central,23,4,91,89,2
6/15/2017,Anker 36W 4-Port USB Wall Charger Travel Power Adapter for iPhone 5s 5c 5,Technology,West,14,3,43,48,5
7/8/2017,"Binney & Smith inkTank Erasable Desk Highlighter, Chisel Tip, Yellow, 12/Box",Office Supplies,East,1,3,4,8,3
7/8/2017,Easy-staple paper,Office Supplies,East,7,2,13,25,12
7/8/2017,"BIC Brite Liner Highlighters, Chisel Tip",Office Supplies,East,4,2,9,13,4
9/1/2016,Sabrent 4-Port USB 2.0 Hub,Technology,East,4,1,4,7,2
9/1/2016,Xerox 1881,Office Supplies,East,7,2,13,25,12
9/1/2016,Acco Hanging Data Binders,Office Supplies,East,2,1,2,3,1
9/1/2016,Xerox 1881,Office Supplies,East,7,4,26,49,23
9/1/2016,GBC DocuBind P400 Electric Binding System,Office Supplies,East,735,4,2940,4355,1415
4/8/2016,Sauder Barrister Bookcases,Furniture,East,66,6,394,389,5
4/8/2016,"#10 Gummed Flap White Envelopes, 100/Box",Office Supplies,East,2,2,4,8,4
4/8/2016,"Dixon Prang Watercolor Pencils, 10-Color Set with Brush",Office Supplies,East,3,4,10,17,7
4/8/2016,"Adams Phone Message Book, 200 Message Capacity, 8 1/16” x 11”",Office Supplies,East,4,5,19,34,16
4/23/2016,Southworth 25% Cotton Linen-Finish Paper & Envelopes,Office Supplies,South,5,5,25,36,11
3/8/2017,Belkin 8 Outlet SurgeMaster II Gold Surge Protector with Phone Protection,Office Supplies,South,60,8,479,648,168
3/8/2017,"Avery Address/Shipping Labels for Typewriters, 4"" x 2""",Office Supplies,South,5,2,11,21,10
9/25/2017,"Avery Address/Shipping Labels for Typewriters, 4"" x 2""",Office Supplies,East,5,2,11,21,10
9/25/2017,Global Ergonomic Managers Chair,Furniture,East,134,3,402,489,87
9/25/2017,Newell 333,Office Supplies,East,2,2,4,6,1
9/25/2017,Eldon Wave Desk Accessories,Furniture,East,3,8,26,47,21
9/24/2014,"Gould Plastics 9-Pocket Panel Bin, 18-3/8w x 5-1/4d x 20-1/2h, Black",Office Supplies,West,51,4,203,212,8
10/21/2016,Wilson Jones “Snap” Scratch Pad Binder Tool for Ring Binders,Office Supplies,East,3,4,13,23,10
10/21/2016,Staple remover,Office Supplies,East,4,2,7,7,0
10/21/2016,Pizazz Global Quick File,Office Supplies,East,11,7,75,105,29
10/21/2016,"Atlantic Metals Mobile 3-Shelf Bookcases, Custom Colors",Furniture,East,193,4,773,1044,271
5/29/2017,Xerox 1930,Office Supplies,Central,3,5,17,26,9
5/29/2017,File Shuttle I and Handi-File,Office Supplies,Central,16,3,49,53,5
7/23/2014,Wilson Jones Custom Binder Spines & Labels,Office Supplies,West,3,5,14,8,6
7/23/2014,NETGEAR AC1750 Dual Band Gigabit Smart WiFi Router,Technology,West,106,8,845,1024,179
7/23/2014,Newell 324,Office Supplies,West,8,1,8,9,1
7/23/2014,Microsoft Natural Keyboard Elite,Technology,West,51,10,509,479,30
9/28/2016,Xerox 1960,Office Supplies,Central,17,4,68,99,31
8/27/2017,"Office Impressions End Table, 20-1/2""H x 24""W x 20""D",Furniture,East,255,7,1786,1488,298
4/28/2015,Holmes Odor Grabber,Office Supplies,Central,10,3,29,9,20
4/28/2015,Akro-Mils 12-Gallon Tote,Office Supplies,Central,7,3,21,24,3
4/28/2015,"GBC Twin Loop Wire Binding Elements, 9/16"" Spine, Black",Office Supplies,Central,8,4,31,12,19
10/28/2016,Southworth Structures Collection,Office Supplies,West,4,7,25,51,25
10/28/2016,"Square Ring Data Binders, Rigid 75 Pt. Covers, 11"" x 14-7/8""",Office Supplies,West,11,3,32,50,17
6/26/2015,Sony 32GB Class 10 Micro SDHC R40 Memory Card,Technology,Central,17,2,33,42,9
11/27/2015,"Hon Practical Foundations 30 x 60 Training Table, Light Gray/Charcoal",Furniture,South,177,3,532,375,157
11/27/2015,Logitech Media Keyboard K200,Technology,South,28,3,85,84,1
12/3/2015,Lexmark MarkNet N8150 Wireless Print Server,Technology,East,205,4,820,482,338
12/3/2015,3M Hangers With Command Adhesive,Furniture,East,2,1,2,3,1
11/24/2014,Crayola Colored Pencils,Office Supplies,East,2,1,2,3,0
12/11/2017,"Angle-D Binders with Locking Rings, Label Holders",Office Supplies,East,4,4,15,23,8
12/11/2017,Logitech LS21 Speaker System - PC Multimedia - 2.1-CH - Wired,Technology,East,13,2,26,40,14
9/21/2014,Nortel Meridian M3904 Professional Digital phone,Technology,West,109,2,219,246,28
9/21/2014,Canon PC1080F Personal Copier,Technology,West,366,3,1098,1800,702
6/7/2014,Wilson Jones Century Plastic Molded Ring Binders,Office Supplies,Central,11,3,33,12,21
6/30/2017,Tuf-Vin Binders,Office Supplies,West,17,3,50,76,26
10/17/2017,2300 Heavy-Duty Transfer File Systems by Perma,Office Supplies,East,20,2,40,50,9
10/17/2017,Xerox 1958,Office Supplies,East,3,2,7,13,6
10/31/2015,"Acme 10"" Easy Grip Assistive Scissors",Office Supplies,Central,12,4,49,70,21
9/8/2016,Super Decoflex Portable Personal File,Office Supplies,Central,11,3,32,36,4
9/8/2016,"Riverside Palais Royal Lawyers Bookcase, Royale Cherry Finish",Furniture,Central,678,4,2713,2396,317
9/8/2016,"Contico 72""H Heavy-Duty Storage System",Office Supplies,Central,41,4,164,131,33
9/8/2016,Sony 64GB Class 10 Micro SDHC R40 Memory Card,Technology,Central,28,2,57,58,1
12/24/2014,Xerox 1974,Office Supplies,South,3,2,6,10,3
4/16/2014,"Avery Hi-Liter EverBold Pen Style Fluorescent Highlighters, 4/Pack",Office Supplies,South,5,6,29,39,10
12/24/2017,Staple holder,Office Supplies,East,9,3,26,36,10
12/8/2017,Sony 64GB Class 10 Micro SDHC R40 Memory Card,Technology,West,28,5,142,180,38
12/8/2017,Sharp AL-1530CS Digital Copier,Technology,West,255,3,765,1200,435
12/8/2017,"Wirebound Message Book, 4 per Page",Office Supplies,West,3,5,14,27,13
12/8/2017,"Bevis Round Conference Table Top, X-Base",Furniture,West,160,7,1117,1004,113
12/8/2017,"Wirebound Service Call Books, 5 1/2"" x 4""",Office Supplies,West,5,1,5,10,5
12/8/2017,Self-Adhesive Removable Labels,Office Supplies,West,2,9,15,28,14
12/8/2017,Xerox 1908,Office Supplies,West,29,1,29,56,27
12/8/2017,O'Sullivan 4-Shelf Bookcase in Odessa Pine,Furniture,West,100,13,1305,1337,31
12/8/2017,Novimex High-Tech Fabric Mesh Task Chair,Furniture,West,66,2,132,114,18
11/3/2017,Xerox 191,Office Supplies,West,11,7,74,140,66
11/3/2017,Global Deluxe Office Fabric Chairs,Furniture,West,70,4,280,307,27
6/24/2017,Bulldog Vacuum Base Pencil Sharpener,Office Supplies,West,9,8,70,96,26
4/14/2016,Bevis Steel Folding Chairs,Furniture,West,69,5,345,384,38
11/6/2017,Xerox 1987,Office Supplies,South,3,1,3,6,3
3/4/2017,American Pencil,Office Supplies,West,2,4,7,9,3
3/4/2017,"White Envelopes, White Envelopes with Clear Poly Window",Office Supplies,West,8,1,8,15,7
6/22/2014,KeyTronic 6101 Series - Keyboard - Black,Technology,West,23,6,140,197,57
10/19/2017,"Westinghouse Mesh Shade Clip-On Gooseneck Lamp, Black",Furniture,East,10,4,42,57,15
10/19/2017,Crate-A-Files,Office Supplies,East,8,3,24,33,9
8/21/2017,Hon Multipurpose Stacking Arm Chairs,Furniture,South,160,4,641,866,225
11/23/2017,Coloredge Poster Frame,Furniture,Central,9,2,17,28,11
11/23/2017,GBC VeloBinder Manual Binding System,Office Supplies,Central,19,8,150,288,138
9/12/2014,"Epson WorkForce WF-2530 All-in-One Printer, Copier Scanner",Technology,East,40,1,40,70,30
10/1/2017,Design Ebony Sketching Pencil,Office Supplies,Central,1,6,6,7,1
4/15/2016,GBC ProClick 150 Presentation Binding System,Office Supplies,South,167,2,335,190,145
4/15/2016,Imation Secure+ Hardware Encrypted USB 2.0 Flash Drive; 16GB,Technology,South,47,7,332,409,77
4/15/2016,Imation Secure+ Hardware Encrypted USB 2.0 Flash Drive; 16GB,Technology,South,47,5,237,292,55
4/15/2016,Woodgrain Magazine Files by Perma,Office Supplies,South,3,2,6,5,1
6/6/2016,Letter Size Cart,Office Supplies,East,101,5,507,714,207
12/19/2014,Insertable Tab Post Binder Dividers,Office Supplies,South,4,2,9,5,4
12/19/2014,Belkin QODE FastFit Bluetooth Keyboard,Technology,South,53,5,266,248,19
6/12/2016,"Canon Color ImageCLASS MF8580Cdw Wireless Laser All-In-One Printer, Copier, Scanner",Technology,Central,322,3,965,1008,43
6/12/2016,Xerox 1908,Office Supplies,Central,29,7,200,313,114
9/15/2017,Xerox 1897,Office Supplies,Central,3,8,20,32,12
1/20/2017,Global Deluxe Steno Chair,Furniture,East,69,3,206,208,2
9/5/2016,Aluminum Document Frame,Furniture,Central,9,1,9,12,4
9/5/2016,Fellowes Bankers Box Staxonsteel Drawer File/Stacking System,Office Supplies,Central,57,3,172,195,23
9/5/2016,Eldon Mobile Mega Data Cart  Mega Stackable  Add-On Trays,Office Supplies,Central,17,3,50,71,21
9/5/2016,"Xerox Color Copier Paper, 11"" x 17"", Ream",Office Supplies,Central,12,4,49,91,42
9/5/2016,Office Star - Ergonomically Designed Knee Chair,Furniture,Central,71,3,214,243,29
9/5/2016,Avery 520,Office Supplies,Central,2,7,11,22,11
3/20/2017,"GE General Purpose, Extra Long Life, Showcase & Floodlight Incandescent Bulbs",Furniture,Central,2,1,2,3,1
4/1/2016,Newell 345,Office Supplies,East,15,3,44,60,15
4/1/2016,Fellowes Bankers Box Recycled Super Stor/Drawer,Office Supplies,East,51,3,152,162,10
4/1/2016,Boston 1645 Deluxe Heavier-Duty Electric Pencil Sharpener,Office Supplies,East,32,6,193,264,71
4/1/2016,50 Colored Long Pencils,Office Supplies,East,8,3,23,30,8
4/1/2016,Newell 342,Office Supplies,East,2,3,7,10,3
4/1/2016,Belkin Grip Candy Sheer Case / Cover for iPhone 5 and 5S,Technology,East,6,4,26,35,9
10/20/2017,Chromcraft Rectangular Conference Tables,Furniture,East,180,2,360,284,76
10/20/2017,Deluxe Rollaway Locking File with Drawer,Office Supplies,East,299,2,599,665,67
12/13/2016,Memorex Mini Travel Drive 16 GB USB 2.0 Flash Drive,Technology,Central,10,4,39,64,25
2/12/2014,"Global Geo Office Task Chair, Gray",Furniture,West,77,2,154,130,24
9/26/2016,Hon 4700 Series Mobuis Mid-Back Task Chairs with Adjustable Arms,Furniture,Central,281,3,844,748,96
9/26/2016,Staple envelope,Office Supplies,Central,3,2,6,9,3
12/15/2015,3M Office Air Cleaner,Office Supplies,West,17,4,68,104,36
12/15/2015,Logitech G700s Rechargeable Gaming Mouse,Technology,West,58,9,522,900,378
12/15/2015,Acco D-Ring Binder w/DublLock,Office Supplies,West,11,3,33,51,19
4/22/2016,Eldon Wave Desk Accessories,Furniture,West,3,5,16,24,7
4/22/2016,Bush Advantage Collection Racetrack Conference Table,Furniture,West,348,6,2087,1273,814
4/22/2016,Poly Designer Cover & Back,Office Supplies,West,10,5,49,28,21
4/22/2016,Premier Electric Letter Opener,Office Supplies,West,110,2,220,185,35
4/22/2016,"Fellowes Premier Superior Surge Suppressor, 10-Outlet, With Phone and Remote",Office Supplies,West,36,2,72,78,6
1/17/2015,Eldon ClusterMat Chair Mat with Cordless Antistatic Protection,Furniture,Central,81,7,567,255,312
3/31/2017,Bush Mission Pointe Library,Furniture,Central,121,2,242,205,36
12/16/2016,Cardinal Hold-It CD Pocket,Office Supplies,Central,4,3,13,5,8
12/20/2015,"Eaton Premium Continuous-Feed Paper, 25% Cotton, Letter Size, White, 1000 Shts/Box",Office Supplies,East,29,1,29,55,27
11/9/2014,SAFCO Boltless Steel Shelving,Office Supplies,West,113,3,338,341,3
11/9/2014,"Sauder Mission Library with Doors, Fruitwood Finish",Furniture,West,106,2,212,223,10
11/9/2014,Samsung Galaxy Note 3,Technology,West,154,4,616,704,88
11/9/2014,"Decoflex Hanging Personal Folder File, Blue",Office Supplies,West,11,6,68,93,25
11/9/2014,"Recycled Desk Saver Line ""While You Were Out"" Book, 5 1/2"" X 4""",Office Supplies,West,5,7,34,63,29
11/9/2014,Xerox 1912,Office Supplies,West,10,5,49,95,46
7/12/2016,Cisco SPA525G2 IP Phone - Wireless,Technology,West,15,6,89,96,7
10/27/2016,Electrix 20W Halogen Replacement Bulb for Zoom-In Desk Lamp,Furniture,East,7,3,21,40,19
6/26/2016,Prang Colored Pencils,Office Supplies,East,2,5,8,15,7
6/26/2016,"Fellowes Strictly Business Drawer File, Letter/Legal Size",Office Supplies,East,124,5,620,704,85
10/6/2014,Imation USB 2.0 Swivel Flash Drive USB flash drive - 4 GB - Pink,Technology,West,2,3,7,9,2
7/22/2014,"Premium Writing Pencils, Soft, #2 by Central Association for the Blind",Office Supplies,East,2,2,4,6,2
7/22/2014,Logitech G602 Wireless Gaming Mouse,Technology,East,51,2,102,160,58
6/10/2017,Alphabetical Labels for Top Tab Filing,Office Supplies,West,7,2,15,30,15
6/10/2017,O'Sullivan Living Dimensions 2-Shelf Bookcases,Furniture,West,109,5,544,514,30
6/10/2017,iHome FM Clock Radio with Lightning Dock,Technology,West,52,5,262,280,17
10/29/2014,Apple iPhone 5S,Technology,Central,399,6,2394,2736,342
6/9/2014,Square Credit Card Reader,Technology,Central,7,1,7,8,1
6/9/2014,Logitech M510 Wireless Mouse,Technology,Central,27,2,54,64,10
6/9/2014,Boston 1645 Deluxe Heavier-Duty Electric Pencil Sharpener,Office Supplies,Central,32,2,64,70,6
9/14/2014,Fellowes Officeware Wire Shelving,Office Supplies,East,88,5,440,449,9
9/14/2014,Colored Envelopes,Office Supplies,East,2,3,6,11,5
5/9/2016,Sony Micro Vault Click 8 GB USB 2.0 Flash Drive,Technology,West,40,2,81,94,13
3/18/2016,Balt Solid Wood Rectangular Table,Furniture,South,95,3,285,190,95
12/27/2015,"Strathmore #10 Envelopes, Ultimate White",Office Supplies,South,27,2,54,105,52
7/25/2016,Clear Mylar Reinforcing Strips,Office Supplies,West,10,8,79,120,40
7/25/2016,"Howard Miller 14-1/2"" Diameter Chrome Round Wall Clock",Furniture,West,43,4,174,256,82
7/25/2016,DMI Arturo Collection Mission-style Design Wood Chair,Furniture,West,112,2,223,242,18
7/25/2016,Deflect-O Glasstique Clear Desk Accessories,Furniture,West,5,9,46,69,23
5/30/2016,Vinyl Sectional Post Binders,Office Supplies,West,19,2,38,23,15
5/30/2016,GBC Standard Therm-A-Bind Covers,Office Supplies,West,13,2,27,15,12
5/30/2016,Global Troy Executive Leather Low-Back Tilter,Furniture,West,376,2,751,802,50
5/30/2016,Storex Flexible Poly Binders with Double Pockets,Office Supplies,West,1,3,4,2,2
5/30/2016,"White Dual Perf Computer Printout Paper, 2700 Sheets, 1 Part, Heavyweight, 20 lbs., 14 7/8 x 11",Office Supplies,West,21,1,21,33,12
11/12/2017,"Avery Durable Slant Ring Binders, No Labels",Office Supplies,East,2,5,11,16,5
3/16/2015,Rogers Handheld Barrel Pencil Sharpener,Office Supplies,South,2,1,2,3,1
3/16/2015,Newell 344,Office Supplies,South,2,3,6,8,2
3/16/2015,Personal File Boxes with Fold-Down Carry Handle,Office Supplies,South,12,3,35,47,12
3/16/2015,Fellowes PB500 Electric Punch Plastic Comb Binding Machine with Manual Bind,Office Supplies,South,635,5,3177,6355,3177
11/26/2017,Executive Impressions Supervisor Wall Clock,Furniture,Central,29,3,86,126,40
11/26/2017,SanDisk Cruzer 32 GB USB Flash Drive,Technology,Central,13,2,26,38,12
10/20/2016,"Premium Writing Pencils, Soft, #2 by Central Association for the Blind",Office Supplies,East,2,3,6,7,1
12/21/2017,Newell 327,Office Supplies,West,2,3,5,7,2
12/21/2017,Newell 317,Office Supplies,West,2,2,4,6,2
1/22/2017,Canon Image Class D660 Copier,Technology,West,324,5,1620,3000,1380
1/22/2017,Advantus Rolling Storage Box,Office Supplies,West,13,3,38,51,14
1/22/2017,Great White Multi-Use Recycled Paper (20Lb. and 84 Bright),Office Supplies,West,3,2,7,12,5
1/22/2017,Tennsco Single-Tier Lockers,Office Supplies,West,357,3,1070,1126,56
3/22/2015,"Verbatim 25 GB 6x Blu-ray Single Layer Recordable Disc, 25/Pack",Technology,Central,13,1,13,18,5
3/22/2015,Carina Double Wide Media Storage Towers in Natural & Black,Office Supplies,Central,78,2,155,130,26
3/22/2015,XtraLife ClearVue Slant-D Ring Binders by Cardinal,Office Supplies,Central,4,9,35,14,21
1/23/2017,Balt Solid Wood Rectangular Table,Furniture,Central,95,2,190,211,21
5/21/2016,Motorola HK250 Universal Bluetooth Headset,Technology,West,23,3,68,55,12
5/21/2016,Imation 16GB Mini TravelDrive USB 2.0 Flash Drive,Technology,West,20,2,39,66,27
12/26/2015,Staples,Office Supplies,East,2,5,12,22,10
10/21/2017,Global Commerce Series High-Back Swivel/Tilt Chairs,Furniture,South,214,3,641,684,43
10/21/2017,"Eldon Expressions Desk Accessory, Wood Photo Frame, Mahogany",Furniture,South,14,3,41,46,5
9/3/2015,Eldon Gobal File Keepers,Office Supplies,East,15,3,44,36,7
9/3/2015,Martin Yale Chadless Opener Electric Letter Opener,Office Supplies,East,816,1,816,666,150
9/3/2015,"White Business Envelopes with Contemporary Seam, Recycled White Business Envelopes",Office Supplies,East,5,6,33,53,20
11/7/2015,Safco Contoured Stacking Chairs,Furniture,West,179,1,179,191,12
9/7/2017,Tenex Chairmats For Use With Carpeted Floors,Furniture,West,15,3,46,48,2
5/29/2016,Panasonic KX-TG9471B,Technology,South,141,5,706,980,274
5/29/2016,Presstex Flexible Ring Binders,Office Supplies,South,2,5,11,23,11
7/10/2016,Sterilite Officeware Hinged File Box,Office Supplies,West,8,2,15,17,1
9/3/2017,"Premier Elliptical Ring Binder, Black",Office Supplies,Central,16,7,111,43,68
12/3/2015,Cardinal Poly Pocket Divider Pockets for Ring Binders,Office Supplies,East,2,4,7,11,3
12/7/2015,Eureka The Boss Cordless Rechargeable Stick Vac,Office Supplies,South,37,3,112,153,41
12/7/2015,"Situations Contoured Folding Chairs, 4/Set",Furniture,South,53,4,213,284,71
2/1/2014,Enermax Aurora Lite Keyboard,Technology,Central,44,6,263,469,206
7/14/2016,LG Electronics Tone+ HBS-730 Bluetooth Headset,Technology,West,43,8,343,381,38
12/18/2015,Fellowes Officeware Wire Shelving,Office Supplies,East,88,9,792,647,146
5/11/2014,SanDisk Cruzer 64 GB USB Flash Drive,Technology,Central,25,2,51,58,7
5/11/2014,Xblue XB-1670-86 X16 Small Office Telephone - Titanium,Technology,Central,94,1,94,101,6
5/11/2014,"Deflect-o EconoMat Studded, No Bevel Mat for Low Pile Carpeting",Furniture,Central,38,4,150,66,84
11/19/2017,Avery Printable Repositionable Plastic Tabs,Office Supplies,East,5,6,27,41,14
11/19/2017,Xerox 1898,Office Supplies,East,3,2,7,13,6
11/15/2015,Home/Office Personal File Carts,Office Supplies,Central,26,9,235,250,16
11/15/2015,Flexible Leather- Look Classic Collection Ring Binder,Office Supplies,Central,9,3,28,11,17
11/15/2015,Staple remover,Office Supplies,Central,2,5,10,9,2
4/15/2016,HON 5400 Series Task Chairs for Big and Tall,Furniture,West,561,2,1122,1122,0
9/11/2017,"Howard Miller 11-1/2"" Diameter Grantwood Wall Clock",Furniture,South,28,1,28,35,6
11/24/2017,Advantus T-Pin Paper Clips,Office Supplies,Central,3,3,8,11,3
6/29/2017,Tennsco 16-Compartment Lockers with Coat Rack,Office Supplies,West,492,2,985,1296,311
3/3/2014,Zebra Zazzle Fluorescent Highlighters,Office Supplies,South,4,4,16,19,3
6/10/2016,Avery 473,Office Supplies,West,5,2,11,21,10
6/10/2016,Bretford “Just In Time” Height-Adjustable Multi-Task Work Tables,Furniture,West,388,4,1553,1336,217
6/10/2016,Xerox 226,Office Supplies,West,3,5,17,32,16
11/20/2017,Coloredge Poster Frame,Furniture,West,9,3,26,43,17
11/20/2017,"GBC Prepunched Paper, 19-Hole, for Binding Systems, 24-lb",Office Supplies,West,8,7,57,84,27
9/14/2014,"Sanitaire Vibra Groomer IR Commercial Upright Vacuum, Replacement Belts",Office Supplies,South,2,5,12,13,1
9/14/2014,Advantus Panel Wall Acrylic Frame,Furniture,South,3,3,9,13,4
12/7/2015,"Alliance Big Bands Rubber Bands, 12/Pack",Office Supplies,West,2,2,4,4,0
12/7/2015,Avery 509,Office Supplies,West,1,1,1,3,1
12/7/2017,Cisco SPA301,Technology,West,109,3,328,374,47
10/1/2017,Personal Creations Ink Jet Cards and Labels,Office Supplies,West,6,8,47,92,45
10/1/2017,"GBC White Gloss Covers, Plain Front",Office Supplies,West,8,7,54,81,27
10/1/2017,Xerox 222,Office Supplies,West,3,3,10,19,9
10/1/2017,Hon Every-Day Series Multi-Task Chairs,Furniture,West,150,3,451,451,0
12/28/2017,Avery 473,Office Supplies,East,5,7,38,72,35
12/28/2017,OIC Bulk Pack Metal Binder Clips,Office Supplies,East,2,4,8,14,6
12/28/2017,Storex Dura Pro Binders,Office Supplies,East,3,7,22,33,11
12/28/2017,Cush Cases Heavy Duty Rugged Cover Case for Samsung Galaxy S5 - Purple,Technology,East,4,3,11,15,4
11/3/2016,Newell 332,Office Supplies,West,2,3,6,9,2
9/18/2015,Personal Creations Ink Jet Cards and Labels,Office Supplies,West,6,14,82,161,79
9/18/2015,Rediform S.O.S. Phone Message Books,Office Supplies,West,3,4,10,20,10
9/18/2015,Acme Value Line Scissors,Office Supplies,West,3,2,5,7,2
7/20/2017,"Trav-L-File Heavy-Duty Shuttle II, Black",Office Supplies,Central,30,2,61,70,9
7/20/2017,"Contract Clock, 14"", Brown",Furniture,Central,15,1,15,9,6
9/10/2015,Martin-Yale Premier Letter Opener,Office Supplies,West,12,4,50,52,2
12/1/2017,GE 30524EE4,Technology,West,139,3,417,470,53
12/1/2017,AT&T SB67148 SynJ,Technology,West,48,2,96,106,9
12/1/2017,Fellowes Basic Home/Office Series Surge Protectors,Office Supplies,West,9,3,28,31,4
12/1/2017,Recycled Pressboard Report Cover with Reinforced Top Hinge,Office Supplies,West,2,7,12,7,5
12/1/2017,Jabra BIZ 2300 Duo QD Duo Corded Headset,Technology,West,94,4,376,406,30
7/3/2015,Novimex High-Tech Fabric Mesh Task Chair,Furniture,South,66,1,66,71,5
7/3/2015,"Dot Matrix Printer Tape Reel Labels, White, 5000/Box",Office Supplies,South,50,3,150,295,145
3/20/2016,i.Sound Portable Power - 8000 mAh,Technology,West,52,2,105,85,20
3/20/2016,Xerox 225,Office Supplies,West,3,4,13,21,7
3/20/2016,Clear Mylar Reinforcing Strips,Office Supplies,West,10,3,30,17,13
3/20/2016,Xerox 1894,Office Supplies,West,3,2,7,10,4
1/9/2014,Newell 312,Office Supplies,Central,4,2,8,9,1
1/9/2014,Memorex Micro Travel Drive 8 GB,Technology,Central,7,3,21,31,10
8/8/2014,Fellowes Superior 10 Outlet Split Surge Protector,Office Supplies,West,27,2,54,76,22
8/8/2014,Sharp AL-1530CS Digital Copier,Technology,West,255,3,765,1200,435
8/8/2014,AT&T 1070 Corded Phone,Technology,West,78,5,390,446,56
8/8/2014,Dana Halogen Swing-Arm Architect Lamp,Furniture,West,29,8,236,328,92
7/14/2016,Acme Stainless Steel Office Snips,Office Supplies,East,5,2,11,12,1
7/16/2016,Mophie Juice Pack Helium for iPhone,Technology,East,58,3,173,144,29
7/16/2016,GE 2-Jack Phone Line Splitter,Technology,East,152,4,610,494,115
7/16/2016,Acme Value Line Scissors,Office Supplies,East,3,2,5,6,1
3/15/2014,"Hot File 7-Pocket, Floor Stand",Office Supplies,South,125,1,125,143,18
3/15/2014,"Eldon Expressions Desk Accessory, Wood Photo Frame, Mahogany",Furniture,South,14,3,41,46,5
3/15/2014,Insertable Tab Post Binder Dividers,Office Supplies,South,4,3,13,7,6
3/15/2014,GBC VeloBinder Manual Binding System,Office Supplies,South,19,4,75,43,32
3/15/2014,Xerox 1889,Office Supplies,South,28,3,84,132,48
5/23/2014,Angle-D Ring Binders,Office Supplies,East,3,2,6,3,3
5/23/2014,Newell 317,Office Supplies,East,2,9,19,21,2
5/23/2014,Motorola L804,Technology,East,33,2,65,55,10
4/28/2016,Nortel Meridian M3904 Professional Digital phone,Technology,Central,109,3,328,370,42
4/28/2016,Avery 493,Office Supplies,Central,3,4,10,16,6
9/11/2016,Xerox 1972,Office Supplies,East,3,2,6,8,3
9/11/2016,Cisco 8x8 Inc. 6753i IP Business Phone System,Technology,East,99,9,887,729,158
11/14/2017,PureGear Roll-On Screen Protector,Technology,East,10,10,104,120,16
11/14/2017,Prestige Round Ring Binders,Office Supplies,East,3,2,6,4,3
8/18/2017,"DAX Metal Frame, Desktop, Stepped-Edge",Furniture,East,12,2,25,40,16
8/18/2017,"DAX Value U-Channel Document Frames, Easel Back",Furniture,East,3,2,7,10,3
8/18/2017,Recycled Easel Ring Binders,Office Supplies,East,8,9,74,107,34
8/18/2017,Grandstream GXP1160 VoIP phone,Technology,East,27,1,27,38,11
8/18/2017,"Seth Thomas 14"" Putty-Colored Wall Clock",Furniture,East,20,3,61,88,27
12/26/2014,"Cardinal Slant-D Ring Binder, Heavy Gauge Vinyl",Office Supplies,Central,5,5,23,9,15
11/29/2015,"Global Manager's Adjustable Task Chair, Storm",Furniture,Central,107,2,214,302,88
11/29/2015,Honeywell Enviracaire Portable HEPA Air Cleaner for up to 10 x 16 Room,Office Supplies,Central,75,5,376,555,179
11/29/2015,"Mini 13-1/2 Capacity Data Binder Rack, Pearl",Office Supplies,Central,98,4,393,523,131
11/29/2015,"BOSTON Model 1800 Electric Pencil Sharpeners, Putty/Woodgrain",Office Supplies,Central,13,9,115,162,47
9/15/2017,"Master Caster Door Stop, Brown",Furniture,East,3,7,23,36,12
5/19/2017,Belkin Premiere Surge Master II 8-outlet surge protector,Office Supplies,West,34,2,69,97,28
12/17/2017,"Acco Pressboard Covers with Storage Hooks, 9 1/2"" x 11"", Executive Red",Office Supplies,West,2,5,10,15,5
12/17/2017,"Ampad Gold Fibre Wirebound Steno Books, 6"" x 9"", Gregg Ruled",Office Supplies,West,2,3,7,13,6
12/11/2016,Tennsco Regal Shelving Units,Office Supplies,West,98,3,295,243,52
12/11/2016,Imation 32GB Pocket Pro USB 3.0 Flash Drive - 32 GB - Black - 1 P ...,Technology,West,18,5,90,120,30
12/11/2016,Jabra SPEAK 410,Technology,West,68,4,271,301,30
9/24/2017,"Verbatim 25 GB 6x Blu-ray Single Layer Recordable Disc, 1/Pack",Technology,South,5,3,15,18,2
9/24/2017,"Dot Matrix Printer Tape Reel Labels, White, 5000/Box",Office Supplies,South,50,3,150,236,86
10/4/2015,Office Star - Mesh Screen back chair with Vinyl seat,Furniture,South,117,3,350,393,43
8/15/2016,Premium Transparent Presentation Covers by GBC,Office Supplies,West,11,3,33,19,14
8/15/2016,Tripp Lite TLP810NET Broadband Surge for Modem/Fax,Office Supplies,West,37,3,110,122,12
5/20/2016,Luxo Professional Fluorescent Magnifier Lamp with Clamp-Mount Base,Furniture,West,155,5,776,1049,273
5/20/2016,Wilson Jones Turn Tabs Binder Tool for Ring Binders,Office Supplies,West,3,4,10,15,5
12/18/2016,Eldon 200 Class Desk Accessories,Furniture,Central,4,3,13,19,6
7/30/2017,Economy Rollaway Files,Office Supplies,West,122,2,244,330,86
7/30/2017,Avery 480,Office Supplies,West,2,7,14,26,13
6/10/2017,Imation 16GB Mini TravelDrive USB 2.0 Flash Drive,Technology,Central,20,4,78,133,54
7/21/2017,Xerox 1993,Office Supplies,East,3,1,3,6,3
12/30/2017,"Eureka The Boss Plus 12-Amp Hard Box Upright Vacuum, Red",Office Supplies,Central,76,2,153,209,57
4/1/2016,Staples,Office Supplies,West,4,5,22,32,10
4/1/2016,Belkin F9H710-06 7 Outlet SurgeMaster Surge Protector,Office Supplies,West,14,2,27,30,3
12/11/2016,3M Hangers With Command Adhesive,Furniture,West,2,4,9,15,6
12/11/2016,AT&T TR1909W,Technology,West,93,3,280,302,23
12/11/2016,First Data FD10 PIN Pad,Technology,West,71,4,284,316,32
10/23/2016,"Snap-A-Way Black Print Carbonless Ruled Speed Letter, Triplicate",Office Supplies,East,20,10,201,379,178
6/19/2017,Xerox 1943,Office Supplies,East,26,2,52,98,46
6/19/2017,Sony 16GB Class 10 Micro SDHC R40 Memory Card,Technology,East,12,8,93,103,10
8/22/2016,Tripp Lite Isotel 8 Ultra 8 Outlet Metal Surge,Office Supplies,East,53,2,105,114,9
8/22/2016,Avery Durable Poly Binders,Office Supplies,East,3,2,6,3,3
8/22/2016,Airmail Envelopes,Office Supplies,East,44,2,89,134,45
9/19/2016,Global Troy Executive Leather Low-Back Tilter,Furniture,Central,376,2,751,701,50
9/19/2016,Avery Binding System Hidden Tab Executive Style Index Sets,Office Supplies,Central,3,2,6,2,3
8/24/2015,"Hot File 7-Pocket, Floor Stand",Office Supplies,Central,125,7,875,999,125
8/24/2015,Space Solutions Commercial Steel Shelving,Office Supplies,Central,61,14,860,724,136
8/24/2015,Hon Racetrack Conference Tables,Furniture,Central,207,5,1037,919,118
8/24/2015,"Avery Durable Plastic 1"" Binders",Office Supplies,Central,2,3,7,3,4
3/26/2016,"Gould Plastics 18-Pocket Panel Bin, 34w x 5-1/4d x 20-1/2h",Office Supplies,East,88,5,442,460,18
11/4/2016,"OIC Colored Binder Clips, Assorted Sizes",Office Supplies,South,2,3,5,11,5
6/8/2017,Acme Tagit Stainless Steel Antibacterial Scissors,Office Supplies,Central,7,3,22,24,2
6/8/2017,Easy-staple paper,Office Supplies,Central,19,3,56,85,29
6/8/2017,ClearOne Communications CHAT 70 OC Speaker Phone,Technology,Central,118,3,353,382,29
12/24/2014,"Master Giant Foot Doorstop, Safety Yellow",Furniture,East,4,5,22,30,9
6/9/2017,12-1/2 Diameter Round Wall Clock,Furniture,Central,13,3,38,24,14
6/9/2017,"Chromcraft Bull-Nose Wood Round Conference Table Top, Wood Base",Furniture,Central,181,1,181,109,72
6/9/2017,"Adams Telephone Message Book W/Dividers/Space For Phone Numbers, 5 1/4""X8 1/2"", 200/Messages",Office Supplies,Central,3,8,25,36,11
6/15/2017,Newell 331,Office Supplies,Central,4,5,18,20,2
12/5/2017,Kensington 6 Outlet Guardian Standard Surge Protector,Office Supplies,Central,15,3,45,61,17
12/5/2017,"Southworth 100% Résumé Paper, 24lb.",Office Supplies,Central,4,5,21,39,18
12/5/2017,Imation 16GB Mini TravelDrive USB 2.0 Flash Drive,Technology,Central,20,3,59,99,41
3/18/2017,Hoover Portapower Portable Vacuum,Office Supplies,Central,3,3,10,3,7
3/18/2017,"Verbatim 25 GB 6x Blu-ray Single Layer Recordable Disc, 10/Pack",Technology,Central,8,3,23,28,5
3/18/2017,"Howard Miller 13-1/2"" Diameter Rosebrook Wall Clock",Furniture,Central,41,3,124,83,41
3/18/2017,Ibico Hi-Tech Manual Binding System,Office Supplies,Central,168,3,503,183,320
11/19/2016,Avery Hanging File Binders,Office Supplies,East,3,3,10,14,5
11/19/2016,Fellowes Neat Ideas Storage Cubes,Office Supplies,East,31,2,62,65,3
11/19/2016,Advantus Rolling Storage Box,Office Supplies,East,13,4,50,69,19
11/4/2017,Cubify CubeX 3D Printer Triple Head Print,Technology,South,2960,4,11840,8000,3840
11/4/2017,"Eureka The Boss Plus 12-Amp Hard Box Upright Vacuum, Red",Office Supplies,South,76,2,153,167,15
7/5/2014,NETGEAR AC1750 Dual Band Gigabit Smart WiFi Router,Technology,South,106,3,317,480,163
7/5/2014,Avery 516,Office Supplies,South,4,2,8,15,7
7/5/2014,Xerox 1995,Office Supplies,South,3,3,10,19,9
12/25/2017,"Bush Andora Bookcase, Maple/Graphite Gray Finish",Furniture,East,94,2,187,192,5
6/21/2014,Luxo Professional Magnifying Clamp-On Fluorescent Lamps,Furniture,South,89,1,89,104,15
6/21/2014,Konftel 250 Conference phone - Charcoal black,Technology,South,211,1,211,285,74
6/21/2014,Recycled Eldon Regeneration Jumbo File,Office Supplies,South,9,3,27,37,10
3/28/2015,Imation Bio 8GB USB Flash Drive Imation Corp,Technology,West,141,1,141,166,25
3/28/2015,Xerox 1977,Office Supplies,West,3,5,17,33,16
5/14/2015,"Boston School Pro Electric Pencil Sharpener, 1670",Office Supplies,East,23,8,181,198,17
5/14/2015,Avery 490,Office Supplies,East,7,4,30,47,18
5/14/2015,Jet-Pak Recycled Peel 'N' Seal Padded Mailers,Office Supplies,East,20,7,138,201,63
5/14/2015,"Avery 4027 File Folder Labels for Dot Matrix Printers, 5000 Labels per Box, White",Office Supplies,East,16,4,66,98,32
5/14/2015,"Binney & Smith Crayola Metallic Crayons, 16-Color Pack",Office Supplies,East,2,1,2,3,1
5/14/2015,GBC Linen Binding Covers,Office Supplies,East,16,2,32,19,14
5/14/2015,Wilson Jones Custom Binder Spines & Labels,Office Supplies,East,3,3,8,5,3
9/2/2017,"Eldon 200 Class Desk Accessories, Burgundy",Furniture,East,4,3,11,15,4
11/4/2016,"Tenex ""The Solids"" Textured Chair Mats",Furniture,West,58,3,174,210,36
4/9/2015,Laminate Occasional Tables,Furniture,West,128,3,384,370,14
9/12/2014,Xerox 220,Office Supplies,South,3,2,7,10,4
9/12/2014,Fellowes 8 Outlet Superior Workstation Surge Protector,Office Supplies,South,30,5,148,167,19
9/12/2014,SanDisk Cruzer 32 GB USB Flash Drive,Technology,South,13,1,13,15,2
12/2/2014,Logitech 910-002974 M325 Wireless Mouse for Web Scrolling,Technology,East,17,4,67,120,53
12/2/2014,O'Sullivan Living Dimensions 5-Shelf Bookcases,Furniture,East,199,5,994,884,110
12/2/2014,"Angle-D Binders with Locking Rings, Label Holders",Office Supplies,East,4,8,31,47,16
4/5/2014,"Eaton Premium Continuous-Feed Paper, 25% Cotton, Letter Size, White, 1000 Shts/Box",Office Supplies,East,29,1,29,55,27
9/3/2017,"#10- 4 1/8"" x 9 1/2"" Security-Tint Envelopes",Office Supplies,South,4,4,16,24,9
5/19/2017,Bionaire Personal Warm Mist Humidifier/Vaporizer,Office Supplies,East,29,6,172,281,110
5/19/2017,Nortel Meridian M3904 Professional Digital phone,Technology,East,109,2,219,308,89
5/19/2017,Logitech Wireless Performance Mouse MX for PC and Mac,Technology,East,62,3,186,300,114
7/1/2014,Cardinal Holdit Business Card Pockets,Office Supplies,West,3,5,13,20,7
1/11/2014,"DAX Value U-Channel Document Frames, Easel Back",Furniture,East,3,2,7,10,3
9/24/2017,"Howard Miller 13"" Diameter Pewter Finish Round Wall Clock",Furniture,East,26,3,79,103,24
6/2/2014,GBC Standard Therm-A-Bind Covers,Office Supplies,West,13,3,40,60,19
6/2/2014,Aluminum Document Frame,Furniture,West,9,6,51,73,22
2/13/2016,Tops Green Bar Computer Printout Paper,Office Supplies,West,24,3,73,147,73
12/15/2016,Chromcraft Bull-Nose Wood Oval Conference Tables & Bases,Furniture,Central,474,3,1422,1653,231
12/15/2016,"Recycled Data-Pak for Archival Bound Computer Printouts, 12-1/2 x 12-1/2 x 16",Office Supplies,Central,72,3,216,296,80
10/7/2014,"Seth Thomas 16"" Steel Case Clock",Furniture,East,22,5,109,130,21
7/7/2016,Acme Softgrip Scissors,Office Supplies,South,6,7,40,46,5
9/16/2017,"Manila Recycled Extra-Heavyweight Clasp Envelopes, 6"" x 9""",Office Supplies,Central,6,2,11,18,6
9/16/2017,ClearSounds CSC500 Amplified Spirit Phone Corded phone,Technology,Central,50,1,50,56,6
12/3/2016,Xerox 1964,Office Supplies,East,12,8,99,183,84
12/3/2016,"Bevis Traditional Conference Table Top, Plinth Base",Furniture,East,277,2,553,400,153
12/3/2016,"Personal Folder Holder, Ebony",Office Supplies,East,8,3,24,34,10
12/3/2016,"Global Leather Highback Executive Chair with Pneumatic Height Adjustment, Black",Furniture,East,147,3,440,543,102
12/3/2016,Avery 520,Office Supplies,East,2,2,3,6,3
1/21/2017,Carina Double Wide Media Storage Towers in Natural & Black,Office Supplies,West,78,3,233,243,10
1/21/2017,Logitech Illuminated - Keyboard,Technology,West,31,3,94,180,86
1/21/2017,Wilson Jones Century Plastic Molded Ring Binders,Office Supplies,West,11,6,66,100,34
1/21/2017,Wilson Jones Leather-Like Binders with DublLock Round Rings,Office Supplies,West,5,4,19,28,9
1/21/2017,O'Sullivan Cherrywood Estates Traditional Bookcase,Furniture,West,66,1,66,85,19
1/21/2017,Acco Translucent Poly Ring Binders,Office Supplies,West,2,5,12,19,7
9/8/2014,Logitech Wireless Touch Keyboard K400,Technology,West,21,2,41,50,8
1/4/2014,Avery 508,Office Supplies,Central,3,3,8,12,4
1/4/2014,SAFCO Boltless Steel Shelving,Office Supplies,Central,113,3,338,273,65
1/4/2014,GBC Standard Plastic Binding Systems Combs,Office Supplies,Central,5,2,9,4,5
8/27/2016,Martin-Yale Premier Letter Opener,Office Supplies,Central,12,5,62,52,11
8/27/2016,"Ampad Gold Fibre Wirebound Steno Books, 6"" x 9"", Gregg Ruled",Office Supplies,Central,2,1,2,4,1
8/27/2016,Xerox 196,Office Supplies,Central,3,1,3,5,2
8/27/2016,"Fiskars 8"" Scissors, 2/Pack",Office Supplies,Central,12,4,49,55,6
5/27/2014,KI Conference Tables,Furniture,West,60,10,595,567,28
5/27/2014,Fellowes Officeware Wire Shelving,Office Supplies,West,88,4,352,359,7
3/20/2016,Belkin iPhone and iPad Lightning Cable,Technology,Central,11,1,11,12,1
10/2/2017,GBC Durable Plastic Covers,Office Supplies,Central,10,3,31,58,27
10/2/2017,Nu-Dell Leatherette Frames,Furniture,Central,9,11,101,158,57
10/2/2017,"Avery Hi-Liter EverBold Pen Style Fluorescent Highlighters, 4/Pack",Office Supplies,Central,5,7,34,57,23
10/2/2017,Avery Durable Binders,Office Supplies,Central,1,1,1,3,1
4/7/2016,Hewlett Packard 610 Color Digital Copier / Printer,Technology,West,275,3,825,1200,375
12/7/2015,12-1/2 Diameter Round Wall Clock,Furniture,West,13,4,51,80,29
9/18/2016,Chromcraft Round Conference Tables,Furniture,South,138,4,551,383,167
12/29/2014,Recycled Eldon Regeneration Jumbo File,Office Supplies,Central,9,2,18,25,7
12/29/2014,Imation 32GB Pocket Pro USB 3.0 Flash Drive - 32 GB - Black - 1 P ...,Technology,Central,18,4,72,120,48
7/23/2017,Angle-D Ring Binders,Office Supplies,East,3,3,9,13,4
9/18/2017,"Adams Telephone Message Book W/Dividers/Space For Phone Numbers, 5 1/4""X8 1/2"", 200/Messages",Office Supplies,Central,3,4,12,23,10
8/31/2015,Xerox 226,Office Supplies,West,3,9,30,58,28
11/3/2017,Avery 476,Office Supplies,South,2,3,7,12,6
2/8/2015,JBL Micro Wireless Portable Bluetooth Speaker,Technology,East,45,3,135,108,27
1/13/2014,Staple envelope,Office Supplies,South,3,2,6,11,5
1/13/2014,Brown Kraft Recycled Envelopes,Office Supplies,South,8,3,25,51,25
1/13/2014,Plantronics S12 Corded Telephone Headset System,Technology,South,65,6,388,647,259
1/13/2014,3-ring staple pack,Office Supplies,South,1,3,3,6,3
1/13/2014,Fellowes Stor/Drawer Steel Plus Storage Drawers,Office Supplies,South,90,6,538,573,34
5/14/2014,Electrix Halogen Magnifier Lamp,Furniture,South,144,2,288,311,23
5/19/2016,Hon 4070 Series Pagoda Round Back Stacking Chairs,Furniture,South,231,2,462,642,180
1/30/2017,Cardinal EasyOpen D-Ring Binders,Office Supplies,Central,5,2,9,18,9
1/30/2017,AT&T 841000 Phone,Technology,Central,52,3,155,207,52
1/30/2017,GBC Instant Report Kit,Office Supplies,Central,3,5,16,32,16
1/30/2017,DXL Angle-View Binders with Locking Rings by Samsill,Office Supplies,Central,4,1,4,8,3
1/30/2017,Boston 19500 Mighty Mite Electric Pencil Sharpener,Office Supplies,Central,15,2,29,40,11
1/30/2017,"C-Line Magnetic Cubicle Keepers, Clear Polypropylene",Furniture,Central,3,7,20,35,15
6/29/2014,"Dixon My First Ticonderoga Pencil, #2",Office Supplies,East,4,7,29,33,4
8/21/2015,Hon GuestStacker Chair,Furniture,West,168,3,503,544,41
8/21/2015,Xerox 191,Office Supplies,West,11,3,32,60,28
8/21/2015,Xerox 1974,Office Supplies,West,3,4,12,24,12
8/21/2015,Xerox 1927,Office Supplies,West,2,1,2,4,2
10/3/2015,Acco D-Ring Binder w/DublLock,Office Supplies,East,11,5,55,32,22
10/3/2015,Imation 8gb Micro Traveldrive Usb 2.0 Flash Drive,Technology,East,13,2,27,24,3
10/3/2015,"Safco Value Mate Series Steel Bookcases, Baked Enamel Finish on Steel, Gray",Furniture,East,51,1,51,35,16
10/3/2015,Microsoft Natural Ergonomic Keyboard 4000,Technology,East,24,2,47,48,1
5/23/2015,Cameo Buff Policy Envelopes,Office Supplies,South,33,3,99,187,88
3/17/2017,Heavy-Duty E-Z-D Binders,Office Supplies,West,6,2,12,17,6
12/12/2015,"Lifetime Advantage Folding Chairs, 4/Carton",Furniture,West,157,2,314,349,35
6/26/2015,GBC VeloBinder Manual Binding System,Office Supplies,South,19,4,75,144,69
6/26/2015,"Decoflex Hanging Personal Folder File, Blue",Office Supplies,South,11,1,11,15,4
6/26/2015,"Acco PRESSTEX Data Binder with Storage Hooks, Dark Blue, 9 1/2"" X 11""",Office Supplies,South,3,8,22,43,21
6/26/2015,Office Star - Contemporary Task Swivel Chair,Furniture,South,84,3,253,333,80
5/20/2016,Cisco Unified IP Phone 7945G VoIP phone,Technology,South,256,5,1279,1364,85
9/20/2014,Avery 499,Office Supplies,West,3,2,5,10,5
9/20/2014,"Wirebound Message Book, 4 per Page",Office Supplies,West,3,4,11,22,11
9/21/2017,Avery Durable Binders,Office Supplies,Central,1,7,10,20,10
12/24/2015,Xerox 1887,Office Supplies,East,10,7,69,133,64
12/24/2015,Xerox 1967,Office Supplies,East,3,2,7,13,6
12/24/2015,Smead Alpha-Z Color-Coded Second Alphabetical Labels and Starter Set,Office Supplies,East,2,7,11,22,10
11/27/2015,"Situations Contoured Folding Chairs, 4/Set",Furniture,West,53,5,266,284,18
2/20/2017,"Executive Impressions 14"" Contract Wall Clock",Furniture,West,15,1,15,22,7
2/20/2017,Logitech Mobile Speakerphone P710e - speaker phone,Technology,West,99,2,197,216,19
8/18/2016,Belkin 7 Outlet SurgeMaster II,Office Supplies,East,28,9,256,355,99
3/12/2016,Xerox 218,Office Supplies,South,3,2,7,13,6
4/22/2017,"Eldon Stackable Tray, Side-Load, Legal, Smoke",Furniture,West,6,2,12,18,6
11/1/2014,Model L Table or Wall-Mount Pencil Sharpener,Office Supplies,West,13,3,39,43,4
11/1/2014,ClearOne CHATAttach 160 - speaker phone,Technology,West,434,4,1736,1984,248
2/3/2015,Coloredge Poster Frame,Furniture,Central,9,2,17,28,11
2/3/2015,Kensington SlimBlade Notebook Wireless Mouse with Nano Receiver ,Technology,Central,33,3,99,150,51
10/13/2014,Newell 32,Office Supplies,West,2,4,8,12,3
10/13/2014,"Bevis Round Bullnose 29"" High Table Top",Furniture,West,197,5,987,1299,312
10/13/2014,Belkin F9G930V10-GRY 9 Outlet Surge,Office Supplies,West,38,4,152,214,62
10/13/2014,Sony 16GB Class 10 Micro SDHC R40 Memory Card,Technology,West,12,2,23,26,3
5/14/2017,"Eldon Stackable Tray, Side-Load, Legal, Smoke",Furniture,West,6,2,12,18,6
5/14/2017,Razer Tiamat Over Ear 7.1 Surround Sound PC Gaming Headset,Technology,West,114,7,798,1400,602
3/20/2015,Xerox 205,Office Supplies,Central,3,8,27,52,25
9/15/2016,Xerox 1968,Office Supplies,East,3,1,3,5,2
6/28/2014,Xerox 1995,Office Supplies,East,3,8,27,41,15
6/28/2014,Self-Adhesive Ring Binder Labels,Office Supplies,East,2,3,6,3,2
6/28/2014,Global Leather Executive Chair,Furniture,East,246,5,1228,1228,0
6/28/2014,GBC Recycled Grain Textured Covers,Office Supplies,East,18,3,54,31,23
6/28/2014,Xerox 1941,Office Supplies,East,55,4,218,336,117
6/20/2017,Razer Kraken PRO Over Ear PC and Music Headset,Technology,East,56,3,168,240,72
6/20/2017,Avery 508,Office Supplies,East,3,2,5,10,5
5/9/2014,Kingston Digital DataTraveler 32GB USB 2.0,Technology,West,16,4,64,68,4
5/9/2014,Sony Micro Vault Click 16 GB USB 2.0 Flash Drive,Technology,West,43,3,128,168,40
8/21/2017,Advantus Plastic Paper Clips,Office Supplies,Central,3,7,18,35,17
8/21/2017,Acme Forged Steel Scissors with Black Enamel Handles,Office Supplies,Central,7,4,26,37,11
8/21/2017,Security-Tint Envelopes,Office Supplies,Central,4,2,8,15,7
6/16/2017,"Global Airflow Leather Mesh Back Chair, Black",Furniture,South,106,2,211,302,91
6/16/2017,"Fellowes Smart Surge Ten-Outlet Protector, Platinum",Office Supplies,South,43,3,130,181,51
6/16/2017,Pyle PMP37LED,Technology,South,70,2,140,192,52
6/16/2017,Clarity 53712,Technology,South,49,1,49,66,17
7/23/2016,Boston 16801 Nautilus Battery Pencil Sharpener,Office Supplies,South,16,2,33,35,3
7/23/2016,"Holmes Replacement Filter for HEPA Air Cleaner, Large Room",Office Supplies,South,9,2,17,24,7
7/23/2016,Zebra GX420t Direct Thermal/Thermal Transfer Printer,Technology,South,377,1,377,265,111
9/8/2014,GBC ProClick Punch Binding System,Office Supplies,Central,33,4,131,51,79
11/4/2017,"Adams Telephone Message Books, 5 1/4” x 11”",Office Supplies,South,3,2,6,10,3
3/7/2016,Belkin Grip Candy Sheer Case / Cover for iPhone 5 and 5S,Technology,Central,6,3,19,21,2
11/20/2015,Boston 19500 Mighty Mite Electric Pencil Sharpener,Office Supplies,East,15,3,44,60,16
11/20/2015,Newell 335,Office Supplies,East,2,4,8,12,3
11/20/2015,O'Sullivan 3-Shelf Heavy-Duty Bookcases,Furniture,East,44,4,177,186,9
11/7/2016,Fellowes Binding Cases,Office Supplies,West,6,4,26,37,12
11/7/2016,Ibico Plastic and Wire Spiral Binding Combs,Office Supplies,West,5,4,18,27,9
11/7/2016,Acme Preferred Stainless Steel Scissors,Office Supplies,West,4,2,8,11,3
11/7/2016,Avery 486,Office Supplies,West,4,2,8,15,7
10/13/2015,I Need's 3d Hello Kitty Hybrid Silicone Case Cover for HTC One X 4g with 3d Hello Kitty Stylus Pen Green/pink,Technology,South,9,7,60,84,23
10/13/2015,Global Deluxe Office Fabric Chairs,Furniture,South,70,3,210,288,78
1/1/2017,"Linden 10"" Round Wall Clock, Black",Furniture,East,10,4,40,49,9
2/7/2014,Maxell DVD-RAM Discs,Technology,East,9,7,66,115,50
6/20/2016,DIXON Oriole Pencils,Office Supplies,West,2,2,4,5,1
6/20/2016,Xerox 202,Office Supplies,West,3,6,20,39,19
5/28/2016,"Boston School Pro Electric Pencil Sharpener, 1670",Office Supplies,South,23,6,136,186,50
2/19/2016,"Executive Impressions 14"" Contract Wall Clock",Furniture,East,15,2,30,44,15
2/19/2016,Carina Double Wide Media Storage Towers in Natural & Black,Office Supplies,East,78,3,233,243,10
8/3/2014,Xerox 1884,Office Supplies,East,11,2,21,40,19
8/3/2014,Acme Box Cutter Scissors,Office Supplies,East,8,10,76,102,27
8/3/2014,Staple magnet,Office Supplies,East,8,2,16,21,6
4/10/2017,"Wirebound Message Books, Two 4 1/4"" x 5"" Forms per Page",Office Supplies,East,4,1,4,8,4
4/10/2017,OIC Binder Clips,Office Supplies,East,2,2,4,7,4
6/9/2014,Staple remover,Office Supplies,West,4,2,7,7,0
6/9/2014,Deluxe Chalkboard Eraser Cleaner,Office Supplies,West,6,2,12,23,11
1/5/2016,Logitech MX Performance Wireless Mouse,Technology,South,25,6,151,191,41
1/5/2016,Newell 337,Office Supplies,South,2,2,5,5,1
1/5/2016,"Logitech B530 USB Headset - headset - Full size, Binaural",Technology,South,27,2,54,59,5
1/10/2014,Avery 482,Office Supplies,South,2,1,2,3,1
1/10/2014,"Howard Miller 11-1/2"" Diameter Ridgewood Wall Clock",Furniture,South,31,1,31,52,21
9/29/2016,Avery 483,Office Supplies,East,3,4,11,16,5
4/6/2014,Large Capacity Hanging Post Binders,Office Supplies,East,13,6,81,45,36
9/3/2016,GBC Ibimaster 500 Manual ProClick Binding System,Office Supplies,East,380,5,1902,1141,761
9/3/2016,Cisco SPA301,Technology,East,109,3,328,281,47
10/19/2015,Southworth 100% Cotton The Best Paper,Office Supplies,East,6,3,17,34,17
12/10/2014,"Adams Write n' Stick Phone Message Book, 11"" X 5 1/4"", 200 Messages",Office Supplies,East,3,2,6,11,5
12/10/2014,Poly Designer Cover & Back,Office Supplies,East,10,7,69,106,37
8/25/2017,Xerox 1910,Office Supplies,South,25,5,125,192,67
1/17/2016,"Tenex Contemporary Contur Chairmats for Low and Medium Pile Carpet, Computer, 39"" x 49""",Furniture,East,86,3,258,323,65
1/17/2016,Logitech 910-002974 M325 Wireless Mouse for Web Scrolling,Technology,East,17,1,17,30,13
1/17/2016,Logitech G19 Programmable Gaming Keyboard,Technology,East,102,3,305,372,67
9/17/2014,"Acco Pressboard Covers with Storage Hooks, 14 7/8"" x 11"", Light Blue",Office Supplies,East,3,4,10,6,4
11/30/2017,Lock-Up Easel 'Spel-Binder',Office Supplies,East,15,3,45,68,23
11/30/2017,SAFCO Arco Folding Chair,Furniture,East,196,5,981,1243,262
10/9/2015,"Decoflex Hanging Personal Folder File, Blue",Office Supplies,South,11,2,23,31,8
12/23/2017,"Binney & Smith Crayola Metallic Crayons, 16-Color Pack",Office Supplies,West,2,4,8,13,6
10/22/2016,Eldon 200 Class Desk Accessories,Furniture,Central,4,5,21,31,10
4/29/2014,Dax Clear Box Frame,Furniture,East,6,2,12,17,6
4/25/2015,Fellowes Black Plastic Comb Bindings,Office Supplies,West,3,3,9,14,5
6/26/2017,Eldon Shelf Savers Cubes and Bins,Office Supplies,West,7,12,82,84,2
10/14/2017,"Acco PRESSTEX Data Binder with Storage Hooks, Dark Blue, 14 7/8"" X 11""",Office Supplies,East,3,7,19,38,18
12/9/2014,Xerox 1987,Office Supplies,West,3,6,18,35,17
6/20/2017,Anker Ultrathin Bluetooth Wireless Keyboard Aluminum Cover with Stand ,Technology,East,27,5,135,150,15
6/20/2017,Acco D-Ring Binder w/DublLock,Office Supplies,East,11,3,33,51,19
6/26/2017,"Ampad Poly Cover Wirebound Steno Book, 6"" x 9"" Assorted Colors, Gregg Ruled",Office Supplies,Central,2,1,2,5,2
6/26/2017,Fluorescent Highlighters by Dixon,Office Supplies,Central,3,4,11,16,5
6/26/2017,Nortel Networks T7316 E Nt8 B27,Technology,Central,51,8,408,544,136
11/10/2016,File Shuttle I and Handi-File,Office Supplies,West,16,7,114,156,42
11/10/2016,Binding Machine Supplies,Office Supplies,West,15,3,46,70,25
10/3/2016,Staple envelope,Office Supplies,Central,5,2,11,16,5
9/9/2014,Alphabetical Labels for Top Tab Filing,Office Supplies,Central,7,7,52,104,52
10/29/2017,Things To Do Today Pad,Office Supplies,East,3,8,24,47,23
4/10/2016,Wilson Jones Hanging Recycled Pressboard Data Binders,Office Supplies,East,8,2,15,9,7
11/11/2017,Permanent Self-Adhesive File Folder Labels for Typewriters by Universal,Office Supplies,Central,1,5,7,10,3
11/11/2017,Deluxe Heavy-Duty Vinyl Round Ring Binder,Office Supplies,Central,13,4,50,18,32
9/15/2017,Avaya 5420 Digital phone,Technology,Central,101,3,304,324,20
4/8/2016,Xerox 1923,Office Supplies,West,3,3,10,20,10
4/8/2016,Fellowes Neat Ideas Storage Cubes,Office Supplies,West,31,2,62,65,3
4/8/2016,Xerox 1931,Office Supplies,West,3,2,7,13,6
12/30/2017,"Bush Westfield Collection Bookcases, Fully Assembled",Furniture,East,78,4,311,323,12
12/30/2017,Gear Head AU3700S Headset,Technology,East,13,7,88,91,3
12/30/2017,Wilson Jones Legal Size Ring Binders,Office Supplies,East,11,3,33,53,20
9/2/2017,Polycom CX600 IP Phone VoIP phone,Technology,Central,219,4,876,1200,324
9/2/2017,Maxell iVDR EX 500GB Cartridge,Technology,Central,157,7,1099,1929,829
9/2/2017,Fellowes High-Stak Drawer Files,Office Supplies,Central,136,2,271,352,81
5/31/2015,3M Hangers With Command Adhesive,Furniture,East,2,6,13,22,9
11/27/2017,"Howard Miller 13"" Diameter Goldtone Round Wall Clock",Furniture,Central,28,1,28,47,19
11/27/2017,Memorex Mini Travel Drive 16 GB USB 2.0 Flash Drive,Technology,Central,10,9,88,144,56
6/15/2014,"Lesro Sheffield Collection Coffee Table, End Table, Center Table, Corner Table",Furniture,Central,59,2,118,100,19
6/15/2014,Global Commerce Series High-Back Swivel/Tilt Chairs,Furniture,Central,214,4,855,798,57
6/15/2014,Avery Premier Heavy-Duty Binder with Round Locking Rings,Office Supplies,Central,8,3,23,9,15
3/5/2016,Cameo Buff Policy Envelopes,Office Supplies,Central,33,3,99,149,50
3/5/2016,Acco Perma 4000 Stacking Storage Drawers,Office Supplies,Central,14,1,14,13,1
12/5/2014,Recycled Eldon Regeneration Jumbo File,Office Supplies,South,9,2,18,25,7
4/11/2015,Maxell 4.7GB DVD-R,Technology,East,17,3,50,85,35
4/11/2015,OtterBox Commuter Series Case - iPhone 5 & 5s,Technology,East,11,1,11,22,11
4/11/2015,Kensington 4 Outlet MasterPiece Compact Power Control Center,Office Supplies,East,59,5,293,407,114
9/15/2016,GBC DocuBind 300 Electric Binding Machine,Office Supplies,East,274,2,547,842,295
9/13/2014,Xerox 1985,Office Supplies,East,3,3,10,16,5
9/13/2014,Hypercom P1300 Pinpad,Technology,East,40,5,198,252,54
10/5/2015,Newell 324,Office Supplies,South,8,4,33,46,13
10/5/2015,Holmes Odor Grabber,Office Supplies,South,10,2,19,29,10
4/14/2017,Zebra Zazzle Fluorescent Highlighters,Office Supplies,East,4,3,12,15,3
4/14/2017,"Sanford Prismacolor Professional Thick Lead Art Pencils, 36-Color Set",Office Supplies,East,23,3,69,90,21
4/14/2017,Xerox 196,Office Supplies,East,3,3,9,14,5
9/2/2017,"RSVP Cards & Envelopes, Blank White, 8-1/2"" X 11"", 24 Cards/25 Envelopes/Set",Office Supplies,East,3,3,8,12,4
6/20/2016,"Wirebound Message Books, 2 7/8"" x 5"", 3 Forms per Page",Office Supplies,East,4,8,30,45,15
6/20/2016,JM Magazine Binder,Office Supplies,East,9,6,52,30,22
6/20/2016,Xerox 202,Office Supplies,East,3,3,10,16,5
6/20/2016,Sanyo 2.5 Cubic Foot Mid-Size Office Refrigerators,Office Supplies,East,207,2,414,448,34
11/5/2017,NETGEAR AC1750 Dual Band Gigabit Smart WiFi Router,Technology,West,106,1,106,160,54
12/13/2015,Xerox 213,Office Supplies,West,3,2,7,13,6
12/13/2015,Fellowes 8 Outlet Superior Workstation Surge Protector w/o Phone/Fax/Modem Protection,Office Supplies,West,25,4,100,134,35
6/19/2016,"Message Book, Standard Line ""While You Were Out"", 5 1/2"" X 4"", 200 Sets/Book",Office Supplies,West,5,2,9,17,8
12/13/2016,"Acco Pressboard Covers with Storage Hooks, 14 7/8"" x 11"", Dark Blue",Office Supplies,West,2,2,4,6,2
12/13/2016,Bretford CR4500 Series Slim Rectangular Table,Furniture,West,268,4,1072,1114,42
5/29/2015,Xerox 1894,Office Supplies,West,3,5,17,32,16
5/29/2015,Standard Rollaway File with Lock,Office Supplies,West,133,3,400,541,141
5/29/2015,"Avery Trapezoid Extra Heavy Duty 4"" Binders",Office Supplies,West,21,5,105,168,63
7/26/2015,Bevis Boat-Shaped Conference Table,Furniture,West,199,3,598,393,204
11/28/2017,"Deflect-o RollaMat Studded, Beveled Mat for Medium Pile Carpeting",Furniture,East,76,7,529,516,13
11/28/2017,Luxo Professional Fluorescent Magnifier Lamp with Clamp-Mount Base,Furniture,East,155,6,932,1007,76
11/28/2017,"Riverside Furniture Oval Coffee Table, Oval End Table, End Table with Drawer",Furniture,East,224,12,2685,2065,620
11/28/2017,Xerox 210,Office Supplies,East,3,3,10,16,5
11/28/2017,Xerox 4200 Series MultiUse Premium Copy Paper (20Lb. and 84 Bright),Office Supplies,East,3,6,17,25,8
4/3/2017,Staple-based wall hangings,Furniture,East,4,4,18,25,8
12/28/2017,Stanley Bostitch Contemporary Electric Pencil Sharpeners,Office Supplies,Central,12,2,24,27,3
12/28/2017,"Bush Westfield Collection Bookcases, Medium Cherry Finish",Furniture,Central,45,2,90,79,12
11/30/2017,Home/Office Personal File Carts,Office Supplies,South,26,5,130,174,43
5/15/2017,"Logitech B530 USB Headset - headset - Full size, Binaural",Technology,West,27,1,27,30,3
5/15/2017,Avery Durable Slant Ring Binders,Office Supplies,West,4,2,8,5,3
5/15/2017,"Universal Ultra Bright White Copier/Laser Paper, 8 1/2"" x 11"", Ream",Office Supplies,West,3,3,10,16,6
9/22/2015,Luxo Professional Combination Clamp-On Lamps,Furniture,West,76,2,151,205,53
11/14/2017,"Global Leather Highback Executive Chair with Pneumatic Height Adjustment, Black",Furniture,West,147,2,293,322,28
11/27/2015,Zipper Ring Binder Pockets,Office Supplies,South,2,2,3,6,3
9/1/2016,"White Business Envelopes with Contemporary Seam, Recycled White Business Envelopes",Office Supplies,West,5,2,11,22,11
9/22/2014,Avery File Folder Labels,Office Supplies,South,1,2,3,5,2
4/9/2017,Color-Coded Legal Exhibit Labels,Office Supplies,East,3,2,5,10,5
4/9/2017,Bulldog Vacuum Base Pencil Sharpener,Office Supplies,East,9,3,26,36,10
4/9/2017,Xerox 212,Office Supplies,East,3,2,7,13,6
4/9/2017,Computer Printout Paper with Letter-Trim Fine Perforations,Office Supplies,East,25,4,100,192,92
4/9/2017,Avery File Folder Labels,Office Supplies,East,1,3,4,9,4
4/9/2017,Office Impressions Heavy Duty Welded Shelving & Multimedia Storage Drawers,Office Supplies,East,167,3,502,502,0
1/16/2014,DAX Black Cherry Wood-Tone Poster Frame,Furniture,East,16,6,99,127,29
1/16/2014,AT&T 841000 Phone,Technology,East,52,3,155,124,31
1/16/2014,GBC Linen Binding Covers,Office Supplies,East,16,2,32,19,14
1/16/2014,Round Specialty Laser Printer Labels,Office Supplies,East,7,3,20,30,10
10/5/2017,Motorola HK250 Universal Bluetooth Headset,Technology,East,23,7,158,161,3
10/5/2017,Tuf-Vin Binders,Office Supplies,East,17,3,50,76,26
7/9/2017,Wilson Jones Easy Flow II Sheet Lifters,Office Supplies,West,1,2,2,1,1
1/7/2017,Lexmark MX611dhe Monochrome Laser Printer,Technology,Central,1190,2,2380,3060,680
5/30/2016,Angle-D Ring Binders,Office Supplies,South,3,2,6,3,3
12/9/2015,Xerox 188,Office Supplies,Central,6,3,17,34,17
10/3/2016,Office Star - Contemporary Task Swivel Chair,Furniture,East,84,6,506,599,93
11/11/2014,"BIC Brite Liner Grip Highlighters, Assorted, 5/Pack",Office Supplies,West,3,1,3,3,1
11/11/2014,Samsung Galaxy S III - 16GB - pebble blue (T-Mobile),Technology,West,252,2,504,560,56
11/11/2014,"Global Airflow Leather Mesh Back Chair, Black",Furniture,West,106,5,528,604,75
9/29/2017,Avery 499,Office Supplies,Central,3,2,5,8,3
9/29/2017,"#10- 4 1/8"" x 9 1/2"" Recycled Envelopes",Office Supplies,Central,5,4,19,28,9
9/29/2017,Wasp CCD Handheld Bar Code Reader,Technology,Central,97,3,292,337,45
3/10/2015,Acco Suede Grain Vinyl Round Ring Binder,Office Supplies,Central,2,2,3,1,2
5/21/2017,Luxo Professional Magnifying Clamp-On Fluorescent Lamps,Furniture,East,89,5,447,520,73
5/21/2017,Bulldog Table or Wall-Mount Pencil Sharpener,Office Supplies,East,4,3,13,18,5
3/29/2015,Hon 4070 Series Pagoda Armless Upholstered Stacking Chairs,Furniture,South,207,5,1036,1167,131
9/9/2016,Cardinal EasyOpen D-Ring Binders,Office Supplies,East,5,2,9,15,5
8/26/2016,Advantus SlideClip Paper Clips,Office Supplies,West,2,3,5,10,5
8/26/2016,Xerox 1979,Office Supplies,West,17,5,85,155,70
5/21/2014,Fellowes PB300 Plastic Comb Binding Machine,Office Supplies,South,206,7,1439,2716,1276
5/21/2014,Plantronics Voyager Pro Legend,Technology,South,148,3,445,618,173
10/28/2015,Laser & Ink Jet Business Envelopes,Office Supplies,South,6,1,6,11,5
10/28/2015,Portable Personal File Box,Office Supplies,South,9,3,27,37,10
10/28/2015,Magna Visual Magnetic Picture Hangers,Furniture,South,3,5,15,24,9
10/28/2015,C-Line Cubicle Keepers Polyproplyene Holder With Velcro Backings,Furniture,South,3,7,20,33,13
11/13/2016,Boston 16801 Nautilus Battery Pencil Sharpener,Office Supplies,West,16,2,33,44,11
7/31/2015,Plantronics CS510 - Over-the-Head monaural Wireless Headset System,Technology,East,221,7,1547,2310,762
7/31/2015,"Bevis Round Bullnose 29"" High Table Top",Furniture,East,197,7,1382,1091,291
7/31/2015,Xerox 212,Office Supplies,East,3,3,10,19,9
8/27/2015,Fellowes Super Stor/Drawer Files,Office Supplies,West,131,3,393,485,92
11/13/2015,Xerox 1910,Office Supplies,South,25,3,75,115,40
11/6/2015,"Redi-Strip #10 Envelopes, 4 1/8 x 9 1/2",Office Supplies,West,2,3,5,7,2
11/6/2015,UniKeep View Case Binders,Office Supplies,West,3,3,8,4,4
12/26/2017,"Recycled Desk Saver Line ""While You Were Out"" Book, 5 1/2"" X 4""",Office Supplies,Central,5,5,24,45,21
8/1/2017,JBL Micro Wireless Portable Bluetooth Speaker,Technology,Central,45,2,90,96,6
11/24/2014,"Eldon Delta Triangular Chair Mat, 52"" x 58"", Clear",Furniture,West,31,4,124,152,27
6/17/2017,"Howard Miller 13-3/4"" Diameter Brushed Chrome Round Wall Clock",Furniture,West,36,3,109,155,47
6/17/2017,Project Tote Personal File,Office Supplies,West,10,1,10,14,4
12/21/2015,Bevis 36 x 72 Conference Tables,Furniture,West,97,13,1262,1618,356
12/21/2015,Enermax Acrylux Wireless Keyboard,Technology,West,63,1,63,100,37
9/17/2015,Xerox 216,Office Supplies,West,3,5,17,32,16
7/6/2015,G.E. Halogen Desk Lamp Bulbs,Furniture,East,4,2,7,14,7
7/6/2015,"Howard Miller 11-1/2"" Diameter Ridgewood Wall Clock",Furniture,East,31,3,92,156,64
7/6/2015,OtterBox Commuter Series Case - Samsung Galaxy S4,Technology,East,24,5,122,125,2
7/6/2015,Iceberg Mobile Mega Data/Printer Cart ,Office Supplies,East,89,5,445,602,156
4/27/2015,Staples in misc. colors,Office Supplies,East,5,3,14,23,9
4/27/2015,Global Comet Stacking Arm Chair,Furniture,East,317,3,951,1268,317
4/27/2015,Cisco SPA525G2 5-Line IP Phone,Technology,East,91,8,731,1380,649
6/16/2015,Peel & Seel Envelopes,Office Supplies,East,2,2,4,6,2
12/17/2017,GBC Plastic Binding Combs,Office Supplies,West,4,2,8,12,4
1/11/2016,Xerox 2,Office Supplies,East,3,3,10,16,5
1/11/2016,Xerox 1935,Office Supplies,East,14,3,43,63,21
1/11/2016,Cyber Acoustics AC-202b Speech Recognition Stereo Headset,Technology,East,13,2,25,16,10
7/11/2014,Easy-staple paper,Office Supplies,East,19,5,94,177,83
7/11/2014,Cisco SPA508G,Technology,East,47,3,141,198,57
7/11/2014,Global Commerce Series High-Back Swivel/Tilt Chairs,Furniture,East,214,3,641,855,214
7/11/2014,9-3/4 Diameter Round Wall Clock,Furniture,East,8,9,72,124,52
7/11/2014,Avery 514,Office Supplies,East,1,5,7,14,7
11/20/2016,Southworth 25% Cotton Granite Paper & Envelopes,Office Supplies,East,4,3,11,16,5
11/20/2016,Acco 3-Hole Punch,Office Supplies,East,2,2,5,3,2
11/20/2016,Avery Recycled Flexi-View Covers for Binding Systems,Office Supplies,East,8,3,25,14,11
4/22/2016,Eldon Advantage Chair Mats for Low to Medium Pile Carpets,Furniture,Central,39,2,78,87,9
6/13/2015,Aluminum Screw Posts,Office Supplies,West,8,3,23,37,14
11/20/2017,Newell 336,Office Supplies,South,3,7,21,24,3
11/20/2017,Staples in misc. colors,Office Supplies,South,9,3,27,29,2
3/20/2016,Chromcraft Round Conference Tables,Furniture,Central,138,4,551,697,146
9/6/2016,Maxell 4.7GB DVD+RW 3/Pack,Technology,East,10,2,21,32,11
9/6/2016,"Atlantic Metals Mobile 5-Shelf Bookcases, Custom Colors",Furniture,East,211,3,632,722,90
7/9/2017,"Quartet Alpha White Chalk, 12/Pack",Office Supplies,Central,1,5,6,9,3
7/9/2017,Belkin F9S820V06 8 Outlet Surge,Office Supplies,Central,23,9,205,58,146
10/12/2017,"Global Stack Chair without Arms, Black",Furniture,Central,19,14,273,255,18
3/8/2016,Cisco Unified IP Phone 7945G VoIP phone,Technology,South,256,5,1279,1364,85
3/8/2016,"Deflect-o DuraMat Lighweight, Studded, Beveled Mat for Low Pile Carpeting",Furniture,South,35,3,106,102,4
5/27/2014,Plantronics HL10 Handset Lifter,Technology,West,82,12,988,1114,125
5/27/2014,Logitech Wireless Performance Mouse MX for PC and Mac,Technology,West,62,1,62,100,38
7/3/2015,Eldon Antistatic Chair Mats for Low to Medium Pile Carpets,Furniture,East,99,2,198,168,29
7/3/2015,"Important Message Pads, 50 4-1/4 x 5-1/2 Forms per Pad",Office Supplies,East,2,2,4,7,2
7/3/2015,"Howard Miller 12"" Round Wall Clock",Furniture,East,25,9,226,283,57
4/4/2015,DIXON Ticonderoga Erasable Checking Pencils,Office Supplies,East,3,2,7,11,4
4/4/2015,Eldon Advantage Foldable Chair Mats for Low Pile Carpets,Furniture,East,43,2,86,108,23
4/4/2015,GBC Prestige Therm-A-Bind Covers,Office Supplies,East,18,3,55,82,28
4/4/2015,Avery Round Ring Poly Binders,Office Supplies,East,1,4,6,9,3
12/10/2017,Avery Hole Reinforcements,Office Supplies,West,3,4,13,20,7
12/10/2017,"Wilson Jones Ledger-Size, Piano-Hinge Binder, 2"", Blue",Office Supplies,West,21,2,43,66,23
11/24/2016,Stockwell Gold Paper Clips,Office Supplies,East,1,3,3,4,2
3/23/2015,Global Deluxe Steno Chair,Furniture,Central,69,2,137,108,29
4/16/2015,Belkin F9H710-06 7 Outlet SurgeMaster Surge Protector,Office Supplies,East,14,3,41,45,5
4/16/2015,"Super Bands, 12/Pack",Office Supplies,East,2,7,13,10,2
4/16/2015,Crayola Colored Pencils,Office Supplies,East,2,3,7,8,1
4/16/2015,Plantronics 81402,Technology,East,49,3,146,119,28
4/16/2015,Assorted Color Push Pins,Office Supplies,East,1,1,1,1,0
4/16/2015,"GBC Velobind Prepunched Cover Sets, Regency Series",Office Supplies,East,20,5,102,55,46
10/1/2016,"Global Value Mid-Back Manager's Chair, Gray",Furniture,West,46,4,183,195,12
9/28/2017,Staple remover,Office Supplies,Central,2,1,2,2,0
7/25/2015,GBC Premium Transparent Covers with Diagonal Lined Pattern,Office Supplies,East,11,4,44,25,18
11/20/2015,Newell 333,Office Supplies,West,2,7,14,19,5
4/28/2016,Xerox 1881,Office Supplies,West,7,3,20,29,10
11/14/2017,3M Organizer Strips,Office Supplies,East,3,2,6,9,3
11/12/2016,Avery Durable Slant Ring Binders With Label Holder,Office Supplies,West,2,5,11,6,5
11/12/2016,Round Ring Binders,Office Supplies,West,1,7,8,4,3
11/12/2016,Micropad Numeric Keypads,Technology,West,15,2,30,32,2
9/29/2016,Newell 328,Office Supplies,Central,4,7,30,41,11
9/23/2017,Belkin 8 Outlet SurgeMaster II Gold Surge Protector,Office Supplies,West,43,2,86,120,34
9/23/2017,Sterilite Officeware Hinged File Box,Office Supplies,West,8,3,23,31,8
9/23/2017,Avery Printable Repositionable Plastic Tabs,Office Supplies,West,5,1,5,7,2
11/29/2015,Easy-staple paper,Office Supplies,Central,3,4,11,20,9
11/29/2015,"Global High-Back Leather Tilter, Burgundy",Furniture,Central,109,9,985,1107,122
3/1/2016,Chromcraft Round Conference Tables,Furniture,East,138,8,1102,837,265
3/1/2016,Easy-staple paper,Office Supplies,East,14,1,14,26,12
3/1/2016,Adjustable Depth Letter/Legal Cart,Office Supplies,East,129,2,258,363,105
3/1/2016,Ativa V4110MDD Micro-Cut Shredder,Technology,East,357,7,2499,4900,2401
8/12/2016,Xerox 224,Office Supplies,Central,3,1,3,6,3
8/15/2016,Nokia Lumia 521 (T-Mobile),Technology,West,22,3,65,72,7
8/15/2016,Avery 488,Office Supplies,West,2,1,2,3,2
6/4/2017,Telescoping Adjustable Floor Lamp,Furniture,South,15,2,30,32,2
6/4/2017,Innergie mMini Combo Duo USB Travel Charging Kit,Technology,South,23,2,47,72,25
12/6/2015,Stanley Contemporary Battery Pencil Sharpeners,Office Supplies,West,10,9,87,120,34
12/6/2015,AT&T 1080 Corded phone,Technology,West,100,2,200,219,19
12/27/2015,Xerox 1950,Office Supplies,East,3,5,15,29,14
12/27/2015,Kensington 7 Outlet MasterPiece Power Center,Office Supplies,East,126,2,253,356,103
1/21/2017,"Fellowes Mobile File Cart, Black",Office Supplies,South,45,7,318,348,30
1/21/2017,GBC Recycled VeloBinder Covers,Office Supplies,South,9,7,64,36,29
6/25/2014,Hon 4060 Series Tables,Furniture,West,87,5,437,448,11
6/14/2016,Newell 326,Office Supplies,West,1,4,5,7,2
6/14/2016,"GE General Purpose, Extra Long Life, Showcase & Floodlight Incandescent Bulbs",Furniture,West,2,3,5,9,4
6/14/2016,Logitech ClearChat Comfort/USB Headset H390,Technology,West,20,1,20,29,10
6/14/2016,Newell 346,Office Supplies,West,2,3,6,9,3
4/21/2017,Avery Non-Stick Binders,Office Supplies,Central,2,3,7,3,5
4/21/2017,UniKeep View Case Binders,Office Supplies,Central,3,3,8,3,5
10/21/2016,"Rediform Wirebound ""Phone Memo"" Message Book, 11 x 5-3/4",Office Supplies,West,4,3,12,23,11
11/19/2016,"Tennsco Lockers, Gray",Office Supplies,Central,20,6,117,101,16
11/19/2016,"GE General Purpose, Extra Long Life, Showcase & Floodlight Incandescent Bulbs",Furniture,Central,2,2,3,2,1
11/19/2016,"GBC Standard Recycled Report Covers, Clear Plastic Sheets",Office Supplies,Central,6,5,28,11,17
11/19/2016,Staples,Office Supplies,Central,3,12,36,58,22
11/19/2016,"Recycled Interoffice Envelopes with Re-Use-A-Seal Closure, 10 x 13",Office Supplies,Central,9,3,27,41,14
11/19/2016,invisibleSHIELD by ZAGG Smudge-Free Screen Protector,Technology,Central,9,5,47,72,25
11/19/2016,Xerox 1905,Office Supplies,Central,3,2,7,10,4
11/19/2016,Avery Hidden Tab Dividers for Binding Systems,Office Supplies,Central,2,2,3,1,2
12/18/2017,Binding Machine Supplies,Office Supplies,West,15,2,30,47,16
12/18/2017,"Bush Saratoga Collection 5-Shelf Bookcase, Hanover Cherry, *Special Order",Furniture,West,133,1,133,120,13
12/18/2017,Logitech Illuminated - Keyboard,Technology,West,31,2,62,120,58
7/22/2016,Self-Adhesive Removable Labels,Office Supplies,West,2,2,3,6,3
9/4/2015,Xerox 1908,Office Supplies,South,29,5,143,280,137
9/4/2015,Logitech G19 Programmable Gaming Keyboard,Technology,South,102,5,508,620,112
9/4/2015,"Ampad Evidence Wirebond Steno Books, 6"" x 9""",Office Supplies,South,1,2,2,4,2
9/4/2015,Security-Tint Envelopes,Office Supplies,South,4,2,8,15,7
1/20/2014,Apple iPhone 5C,Technology,South,74,7,518,700,182
1/20/2014,Newell 351,Office Supplies,South,2,7,16,23,7
1/20/2014,"Eldon Expressions Desk Accessory, Wood Pencil Holder, Oak",Furniture,South,7,4,27,39,12
1/20/2014,Newell 327,Office Supplies,South,2,3,5,7,2
1/20/2014,Staple envelope,Office Supplies,South,4,3,12,23,11
1/20/2014,Hon 4700 Series Mobuis Mid-Back Task Chairs with Adjustable Arms,Furniture,South,281,3,844,1068,224
3/2/2015,50 Colored Long Pencils,Office Supplies,Central,8,1,8,10,3
3/2/2015,Brown Kraft Recycled Envelopes,Office Supplies,Central,8,6,51,102,51
4/12/2016,KI Adjustable-Height Table,Furniture,South,67,4,268,344,76
4/12/2016,Xerox 1945,Office Supplies,South,21,1,21,41,20
4/12/2016,Globe Weis Peel & Seel First Class Envelopes,Office Supplies,South,7,5,35,64,29
12/6/2016,Xerox 216,Office Supplies,West,3,3,10,19,9
6/5/2016,"Eldon Base for stackable storage shelf, platinum",Office Supplies,East,37,4,148,125,23
6/5/2016,Avery 502,Office Supplies,East,2,3,5,8,3
12/11/2016,Steel Personal Filing/Posting Tote,Office Supplies,South,26,3,78,85,7
11/12/2016,"Tyvek  Top-Opening Peel & Seel  Envelopes, Gray",Office Supplies,Central,20,8,158,288,129
11/12/2016,Belkin F9H710-06 7 Outlet SurgeMaster Surge Protector,Office Supplies,Central,14,2,27,38,11
11/12/2016,Xerox 1896,Office Supplies,Central,5,2,11,20,9
11/12/2016,Newell 332,Office Supplies,Central,2,7,15,21,6
11/12/2016,Cardinal Slant-D Ring Binders,Office Supplies,Central,4,2,9,17,9
9/29/2014,Luxo Professional Combination Clamp-On Lamps,Furniture,West,76,2,151,205,53
9/29/2014,Stockwell Push Pins,Office Supplies,West,1,4,6,9,3
9/29/2014,Xerox 223,Office Supplies,West,3,1,3,6,3
9/29/2014,Star Micronics TSP800 TSP847IIU Receipt Printer,Technology,West,232,2,463,686,223
9/29/2014,"Fellowes Mobile File Cart, Black",Office Supplies,West,45,1,45,62,17
4/4/2015,Hoover Shoulder Vac Commercial Portable Vacuum,Office Supplies,Central,268,2,537,644,107
4/4/2015,Staples,Office Supplies,Central,2,2,3,6,3
4/4/2015,Acco Expandable Hanging Binders,Office Supplies,Central,3,2,7,13,6
4/4/2015,Shocksock Galaxy S4 Armband,Technology,Central,11,1,11,11,0
4/4/2015,Brother DCP1000 Digital 3 in 1 Multifunction Machine,Technology,Central,195,2,390,600,210
5/8/2015,"Eldon Regeneration Recycled Desk Accessories, Smoke",Furniture,East,1,6,7,8,1
12/31/2016,"Crayola Anti Dust Chalk, 12/Pack",Office Supplies,West,1,2,2,4,2
12/31/2016,Lock-Up Easel 'Spel-Binder',Office Supplies,West,15,7,106,160,54
12/20/2014,"SAFCO Commercial Wire Shelving, 72h",Office Supplies,South,61,2,122,122,0
12/20/2014,"Chromcraft 48"" x 96"" Racetrack Double Pedestal Table",Furniture,South,250,7,1751,2244,494
12/20/2014,Wilson Jones Century Plastic Molded Ring Binders,Office Supplies,South,11,3,33,62,29
12/20/2014,"Hon Practical Foundations 30 x 60 Training Table, Light Gray/Charcoal",Furniture,South,177,2,355,455,100
7/2/2016,Hon Deluxe Fabric Upholstered Stacking Chairs,Furniture,West,176,1,176,195,20
6/29/2017,"Belkin 325VA UPS Surge Protector, 6'",Office Supplies,Central,91,3,272,363,91
6/29/2017,Avery Binding System Hidden Tab Executive Style Index Sets,Office Supplies,Central,3,2,6,12,6
9/1/2014,"BOSTON Model 1800 Electric Pencil Sharpeners, Putty/Woodgrain",Office Supplies,West,13,3,38,54,16
3/3/2014,PowerGen Dual USB Car Charger,Technology,East,5,1,5,10,5
3/3/2014,Ibico Laser Imprintable Binding System Covers,Office Supplies,East,28,3,85,126,41
3/3/2014,"Cardinal HOLDit! Binder Insert Strips,Extra Strips",Office Supplies,East,3,5,16,25,9
5/4/2014,Fellowes Binding Cases,Office Supplies,Central,6,4,26,47,21
11/2/2015,Logitech K350 2.4Ghz Wireless Keyboard,Technology,West,44,9,399,448,49
12/8/2017,"C-Line Cubicle Keepers Polyproplyene Holder w/Velcro Back, 8-1/2x11, 25/Bx",Furniture,East,38,2,76,109,34
12/8/2017,Safco Industrial Wire Shelving System,Office Supplies,East,91,3,273,273,0
12/8/2017,Xerox 1996,Office Supplies,East,3,3,10,19,9
12/8/2017,Iris Project Case,Office Supplies,East,6,4,24,32,8
3/10/2014,"Geographics Note Cards, Blank, White, 8 1/2"" x 11""",Office Supplies,Central,6,2,12,22,11
4/21/2014,ACCOHIDE Binder by Acco,Office Supplies,West,2,5,11,17,6
10/22/2015,GBC Instant Report Kit,Office Supplies,Central,3,4,13,5,8
8/22/2015,"Avery 3 1/2"" Diskette Storage Pages, 10/Pack",Office Supplies,East,6,6,34,50,16
8/29/2016,Acme Forged Steel Scissors with Black Enamel Handles,Office Supplies,East,7,3,20,28,8
12/27/2014,Staple-on labels,Office Supplies,West,2,4,6,12,5
12/1/2016,Harbour Creations Steel Folding Chair,Furniture,East,60,2,121,173,52
12/1/2016,JBL Micro Wireless Portable Bluetooth Speaker,Technology,East,45,3,135,180,45
4/24/2016,Plantronics S12 Corded Telephone Headset System,Technology,Central,65,3,194,259,65
6/21/2014,Wireless Extenders zBoost YX545 SOHO Signal Booster,Technology,East,138,7,966,1323,357
6/21/2014,"OIC #2 Pencils, Medium Soft",Office Supplies,East,1,2,3,4,1
1/14/2017,"Tyvek  Top-Opening Peel & Seel Envelopes, Plain White",Office Supplies,South,14,1,14,22,7
1/14/2017,Sannysis Cute Owl Design Soft Skin Case Cover for Samsung Galaxy S4,Technology,South,1,5,7,8,1
11/24/2014,Peel & Stick Add-On Corner Pockets,Office Supplies,West,1,7,8,12,4
11/24/2014,"Carina 42""Hx23 3/4""W Media Storage Unit",Office Supplies,West,79,6,476,486,10
11/24/2014,Xerox 220,Office Supplies,West,3,4,13,26,12
11/24/2014,"Recycled Data-Pak for Archival Bound Computer Printouts, 12-1/2 x 12-1/2 x 16",Office Supplies,West,72,2,144,198,53
2/26/2017,Kensington 6 Outlet Guardian Standard Surge Protector,Office Supplies,West,15,4,60,82,22
2/26/2017,Toshiba IPT2010-SD IP Telephone,Technology,West,103,8,823,890,67
2/26/2017,GuestStacker Chair with Chrome Finish Legs,Furniture,West,268,3,803,892,89
2/26/2017,Xerox 1908,Office Supplies,West,29,4,114,224,110
2/26/2017,Xerox 1924,Office Supplies,West,3,4,12,23,11
9/15/2015,Xerox 21,Office Supplies,South,3,3,10,16,5
9/15/2015,Ultra Door Push Plate,Furniture,South,3,4,13,16,3
9/15/2015,"Decoflex Hanging Personal Folder File, Blue",Office Supplies,South,11,2,23,25,2
9/15/2015,"Tenex ""The Solids"" Textured Chair Mats",Furniture,South,58,1,58,56,2
4/8/2016,Kensington Orbit Wireless Mobile Trackball for PC and Mac,Technology,Central,41,9,367,432,65
4/8/2016,Global Chrome Stack Chair,Furniture,Central,25,4,100,96,4
4/8/2016,GBC DocuBind P400 Electric Binding System,Office Supplies,Central,735,4,2940,1089,1851
7/18/2016,Hon GuestStacker Chair,Furniture,West,168,3,503,544,41
7/18/2016,Round Ring Binders,Office Supplies,West,1,3,3,2,1
7/18/2016,Hon 4700 Series Mobuis Mid-Back Task Chairs with Adjustable Arms,Furniture,West,281,3,844,854,11
7/18/2016,"Sauder Facets Collection Locker/File Cabinet, Sky Alder Finish",Office Supplies,West,297,2,594,594,0
7/18/2016,"Fellowes Strictly Business Drawer File, Letter/Legal Size",Office Supplies,West,124,3,372,338,34
8/1/2017,Nortel Networks T7316 E Nt8 B27,Technology,South,51,5,255,272,17
7/14/2016,"Personal Folder Holder, Ebony",Office Supplies,East,8,1,8,11,3
7/14/2016,Acco Hanging Data Binders,Office Supplies,East,2,3,6,9,3
7/14/2016,Ideal Clamps,Office Supplies,East,1,7,7,14,7
7/14/2016,Newell 315,Office Supplies,East,4,7,31,42,10
7/14/2016,Pressboard Data Binders by Wilson Jones,Office Supplies,East,3,2,6,9,3
7/14/2016,O'Sullivan 2-Door Barrister Bookcase in Odessa Pine,Furniture,East,139,4,557,579,22
9/9/2017,Global Low Back Tilter Chair,Furniture,East,95,2,190,141,48
9/9/2017,Wilson Jones Standard D-Ring Binders,Office Supplies,East,3,2,5,3,2
9/9/2017,"GBC Prepunched Paper, 19-Hole, for Binding Systems, 24-lb",Office Supplies,East,8,1,8,5,4
9/9/2017,"Quartet Omega Colored Chalk, 12/Pack",Office Supplies,East,3,1,3,5,2
9/9/2017,Microsoft Sculpt Comfort Mouse,Technology,East,22,3,67,96,29
9/9/2017,"Eldon Expressions Punched Metal & Wood Desk Accessories, Pewter & Cherry",Furniture,East,8,2,15,17,2
9/9/2017,Plantronics S12 Corded Telephone Headset System,Technology,East,65,3,194,259,65
9/9/2017,Samsung Galaxy Note 2,Technology,East,331,7,2318,1932,386
7/12/2014,Fellowes Super Stor/Drawer,Office Supplies,West,23,9,205,250,45
7/12/2014,GE DSL Phone Line Filter,Technology,West,28,8,227,256,29
12/4/2016,"Eldon Delta Triangular Chair Mat, 52"" x 58"", Clear",Furniture,East,31,3,93,114,20
12/4/2016,Enermax Aurora Lite Keyboard,Technology,East,44,1,44,78,34
12/4/2016,Peel & Stick Add-On Corner Pockets,Office Supplies,East,1,1,1,2,1
12/4/2016,Easy-staple paper,Office Supplies,East,5,4,21,41,20
12/4/2016,Carina Media Storage Towers in Natural & Black,Office Supplies,East,60,3,179,183,4
12/4/2016,Fellowes Econo/Stor Drawers,Office Supplies,East,91,2,182,194,12
11/6/2017,"#10- 4 1/8"" x 9 1/2"" Security-Tint Envelopes",Office Supplies,West,4,2,8,15,7
11/6/2017,Dax Clear Box Frame,Furniture,West,6,1,6,9,3
11/6/2017,SANFORD Liquid Accent Tank-Style Highlighters,Office Supplies,West,2,2,4,6,2
10/31/2015,Design Ebony Sketching Pencil,Office Supplies,East,1,2,2,3,1
10/31/2015,"Blue String-Tie & Button Interoffice Envelopes, 10 x 13",Office Supplies,East,22,2,44,80,36
5/30/2016,Canon Imageclass D680 Copier / Fax,Technology,East,385,2,770,840,70
10/28/2016,24-Hour Round Wall Clock,Furniture,South,11,3,34,48,14
10/28/2016,Large Capacity Hanging Post Binders,Office Supplies,South,13,5,67,37,30
10/28/2016,Eldon Radial Chair Mat for Low to Medium Pile Carpets,Furniture,South,32,2,64,64,0
10/28/2016,"Howard Miller 13-1/2"" Diameter Rosebrook Wall Clock",Furniture,South,41,3,124,165,41
8/11/2014,"Eldon Image Series Desk Accessories, Ebony",Furniture,West,7,1,7,12,5
8/11/2014,Sanford 52201 APSCO Electric Pencil Sharpener,Office Supplies,West,30,1,30,41,11
8/11/2014,"Vinyl Coated Wire Paper Clips in Organizer Box, 800/Box",Office Supplies,West,6,2,12,23,11
8/29/2016,Samsung Replacement EH64AVFWE Premium Headset,Technology,East,4,4,17,22,6
2/15/2016,GBC DocuBind P100 Manual Binding Machine,Office Supplies,East,91,3,274,398,124
2/15/2016,Advantus Push Pins,Office Supplies,East,1,4,5,9,4
5/14/2017,Fashion Color Clasp Envelopes,Office Supplies,South,3,9,25,49,24
12/12/2014,Hon Non-Folding Utility Tables,Furniture,West,112,6,669,765,96
12/12/2014,Bretford Rectangular Conference Table Tops,Furniture,West,290,12,3475,3611,135
12/12/2014,Bestar Classic Bookcase,Furniture,West,81,3,243,255,12
12/18/2017,Staples in misc. colors,Office Supplies,East,4,6,21,39,17
12/18/2017,Office Star - Contemporary Swivel Chair with Padded Adjustable Arms and Flex Back,Furniture,East,111,9,1002,1142,140
12/18/2017,Kensington 7 Outlet MasterPiece HOMEOFFICE Power Control Center,Office Supplies,East,92,13,1193,1705,511
12/18/2017,Sanford Pocket Accent Highlighters,Office Supplies,East,1,2,2,3,1
7/4/2015,Mitel MiVoice 5330e IP Phone,Technology,Central,203,4,814,1100,286
3/10/2017,Newell 337,Office Supplies,East,2,2,5,5,1
3/10/2017,Cisco SPA525G2 IP Phone - Wireless,Technology,East,15,3,44,36,8
3/10/2017,Westinghouse Clip-On Gooseneck Lamps,Furniture,East,6,1,6,7,1
3/10/2017,Howard Miller Distant Time Traveler Alarm Clock,Furniture,East,16,2,32,44,12
12/24/2016,GBC Linen Binding Covers,Office Supplies,South,16,3,48,28,20
12/24/2016,Tennsco Double-Tier Lockers,Office Supplies,South,196,3,587,540,47
12/24/2016,Microsoft Sculpt Comfort Mouse,Technology,South,22,8,179,256,77
10/23/2017,Wilson SignalBoost 841262 DB PRO Amplifier Kit,Technology,South,252,3,756,864,108
10/28/2016,"XtraLife ClearVue Slant-D Ring Binder, White, 3""",Office Supplies,South,8,4,32,18,14
7/7/2017,Wilson Jones Active Use Binders,Office Supplies,East,4,3,11,17,6
10/1/2016,Plantronics Cordless Phone Headset with In-line Volume - M214C,Technology,Central,26,2,51,70,19
10/1/2016,Westinghouse Clip-On Gooseneck Lamps,Furniture,Central,6,5,31,42,11
9/2/2017,Pencil and Crayon Sharpener,Office Supplies,West,2,3,5,7,2
12/24/2014,Letter Size Cart,Office Supplies,West,101,1,101,143,41
12/24/2014,"Global Value Mid-Back Manager's Chair, Gray",Furniture,West,46,6,274,292,18
9/23/2017,Aluminum Document Frame,Furniture,West,9,3,26,29,4
6/4/2017,"Ampad Phone Message Book, Recycled, 400 Message Capacity, 5 ¾” x 11”",Office Supplies,South,3,2,7,12,6
4/21/2016,Fellowes Bankers Box Stor/Drawer Steel Plus,Office Supplies,Central,29,4,115,102,13
4/21/2016,Kensington 4 Outlet MasterPiece Compact Power Control Center,Office Supplies,Central,59,3,176,49,127
4/21/2016,"Performers Binder/Pad Holder, Black",Office Supplies,Central,14,8,112,45,67
5/26/2016,Xerox 212,Office Supplies,Central,3,2,7,10,4
5/26/2016,Office Star Flex Back Scooter Chair with White Frame,Furniture,Central,95,5,477,388,89
5/26/2016,Universal Premium White Copier/Laser Paper (20Lb. and 87 Bright),Office Supplies,Central,3,3,9,14,5
5/26/2016,Logitech G13 Programmable Gameboard with LCD Display,Technology,Central,71,1,71,64,7
5/2/2016,Panasonic KP-380BK Classic Electric Pencil Sharpener,Office Supplies,Central,27,3,81,86,5
9/8/2014,Memorex Froggy Flash Drive 4 GB,Technology,South,7,3,20,33,13
9/8/2014,"Maxell 74 Minute CD-R Spindle, 50/Pack",Technology,South,13,4,54,84,30
9/5/2016,Geemarc AmpliPOWER60,Technology,Central,66,3,198,278,81
4/9/2017,Avery 48,Office Supplies,South,3,3,10,15,5
4/9/2017,Avery Arch Ring Binders,Office Supplies,South,31,1,31,17,13
4/9/2017,Xerox 1915,Office Supplies,South,55,3,164,252,88
12/6/2015,Avery Reinforcements for Hole-Punch Pages,Office Supplies,Central,1,7,8,3,5
6/26/2016,Woodgrain Magazine Files by Perma,Office Supplies,East,3,5,14,15,1
7/4/2015,Colorific Watercolor Pencils,Office Supplies,East,4,3,11,15,4
11/22/2016,Luxo Economy Swing Arm Lamp,Furniture,East,14,2,29,40,11
11/22/2016,"Acco Pressboard Covers with Storage Hooks, 9 1/2"" x 11"", Executive Red",Office Supplies,East,2,4,8,12,4
11/22/2016,BIC Liqua Brite Liner,Office Supplies,East,4,3,13,21,7
11/10/2016,"ACCOHIDE 3-Ring Binder, Blue, 1""",Office Supplies,West,2,4,9,13,4
11/10/2016,Xerox 1996,Office Supplies,West,3,5,17,32,16
8/27/2015,Fiskars Softgrip Scissors,Office Supplies,West,8,3,24,33,9
8/27/2015,Xerox 1973,Office Supplies,West,12,5,62,114,53
8/27/2015,Avery 511,Office Supplies,West,2,1,2,3,1
5/25/2015,Kensington 4 Outlet MasterPiece Compact Power Control Center,Office Supplies,West,59,13,761,846,85
12/30/2017,"Cardinal Slant-D Ring Binder, Heavy Gauge Vinyl",Office Supplies,West,5,2,9,14,5
12/30/2017,GBC Binding covers,Office Supplies,West,7,2,14,21,6
12/8/2016,Motorola HK250 Universal Bluetooth Headset,Technology,Central,23,5,113,115,2
10/4/2015,"Tenex Personal Project File with Scoop Front Design, Black",Office Supplies,West,10,2,20,27,7
12/23/2016,"Electrix Architect's Clamp-On Swing Arm Lamp, Black",Furniture,South,68,6,407,573,166
12/23/2016,"Electrix Architect's Clamp-On Swing Arm Lamp, Black",Furniture,South,68,3,203,286,83
9/19/2015,Sauder Cornerstone Collection Library,Furniture,South,29,2,58,62,4
7/3/2017,"Westinghouse Floor Lamp with Metal Mesh Shade, Black",Furniture,South,18,1,18,24,6
7/3/2017,Pyle PMP37LED,Technology,South,70,3,210,288,78
7/14/2016,Blue Parrot B250XT Professional Grade Wireless Bluetooth Headset with,Technology,Central,52,7,367,420,52
6/20/2016,Xerox 1898,Office Supplies,West,3,7,24,47,22
6/20/2016,GBC Plastic Binding Combs,Office Supplies,West,4,3,11,18,6
6/20/2016,Belkin 6 Outlet Metallic Surge Strip,Office Supplies,West,8,2,16,22,6
6/20/2016,Fellowes Bankers Box Recycled Super Stor/Drawer,Office Supplies,West,51,3,152,162,10
6/20/2016,Hon Valutask Swivel Chairs,Furniture,West,85,2,170,162,8
12/9/2016,Avery 517,Office Supplies,East,2,1,2,4,2
12/9/2016,Avery 477,Office Supplies,East,16,4,66,122,56
9/24/2016,Office Star - Contemporary Task Swivel Chair,Furniture,East,84,2,169,155,13
12/18/2016,"Eureka Recycled Copy Paper 8 1/2"" x 11"", Ream",Office Supplies,West,3,6,20,39,19
12/18/2016,"Seth Thomas 12"" Clock w/ Goldtone Case",Furniture,West,15,8,121,184,63
12/18/2016,Premier Electric Letter Opener,Office Supplies,West,110,5,550,579,29
12/10/2017,Memorex Froggy Flash Drive 8 GB,Technology,East,11,1,11,14,3
7/1/2014,Wilson SignalBoost 841262 DB PRO Amplifier Kit,Technology,South,252,2,504,576,72
7/1/2014,Avery Durable Binders,Office Supplies,South,1,6,9,5,4
2/3/2017,Fellowes Black Plastic Comb Bindings,Office Supplies,East,3,3,9,5,4
2/3/2017,"Hot File 7-Pocket, Floor Stand",Office Supplies,East,125,2,250,286,36
3/3/2017,Acco 6 Outlet Guardian Premium Surge Suppressor,Office Supplies,South,11,5,53,73,20
10/9/2017,Avoid Verbal Orders Carbonless Minifold Book,Office Supplies,South,2,4,7,11,4
9/28/2014,"Decoflex Hanging Personal Folder File, Blue",Office Supplies,East,11,3,34,46,12
5/27/2014,Fellowes Presentation Covers for Comb Binding Machines,Office Supplies,Central,8,6,48,17,31
6/14/2015,"Eldon Expressions Punched Metal & Wood Desk Accessories, Pewter & Cherry",Furniture,East,8,6,46,51,5
3/30/2016,Xerox 188,Office Supplies,East,6,1,6,11,6
10/15/2017,Panasonic KP-310 Heavy-Duty Electric Pencil Sharpener,Office Supplies,West,15,4,62,88,26
5/23/2016,"Eldon Image Series Desk Accessories, Ebony",Furniture,West,7,3,21,37,16
6/2/2017,Cush Cases Heavy Duty Rugged Cover Case for Samsung Galaxy S5 - Purple,Technology,East,4,1,4,3,1
6/2/2017,Advantus Rolling Storage Box,Office Supplies,East,13,2,25,27,2
2/16/2014,Wilson Jones Easy Flow II Sheet Lifters,Office Supplies,Central,1,3,3,1,2
2/16/2014,"Holmes Cool Mist Humidifier for the Whole House with 8-Gallon Output per Day, Extended Life Filter",Office Supplies,Central,11,2,22,8,14
5/6/2014,Wilson Jones Legal Size Ring Binders,Office Supplies,West,11,8,88,141,53
5/16/2016,"SAFCO Commercial Wire Shelving, Black",Office Supplies,East,138,4,553,553,0
4/2/2017,Westinghouse Clip-On Gooseneck Lamps,Furniture,West,6,3,19,25,7
3/31/2017,Tensor Computer Mounted Lamp,Furniture,East,11,2,22,30,8
3/31/2017,Polycom SoundPoint IP 450 VoIP phone,Technology,East,167,3,501,678,176
3/31/2017,"Rediform S.O.S. 1-Up Phone Message Bk, 4-1/4x3-1/16 Bk, 1 Form/Pg, 40 Messages/Bk, 3/Pk",Office Supplies,East,5,8,39,75,36
1/2/2017,Cisco CP-7937G Unified IP Conference Station Phone,Technology,South,362,2,724,696,28
1/2/2017,"Avery 3 1/2"" Diskette Storage Pages, 10/Pack",Office Supplies,South,6,5,28,16,13
1/2/2017,Avery Recycled Flexi-View Covers for Binding Systems,Office Supplies,South,8,6,50,29,21
5/28/2015,Boston 16701 Slimline Battery Pencil Sharpener,Office Supplies,East,11,3,33,48,14
5/28/2015,Avery 494,Office Supplies,East,1,5,7,13,6
3/17/2014,Bionaire Personal Warm Mist Humidifier/Vaporizer,Office Supplies,Central,29,2,57,94,37
3/17/2014,"Memo Book, 100 Message Capacity, 5 3/8” x 11”",Office Supplies,Central,3,7,24,47,24
3/17/2014,Newell 35,Office Supplies,Central,2,6,14,20,6
3/17/2014,Wilson Jones 14 Line Acrylic Coated Pressboard Data Binders,Office Supplies,Central,3,10,28,53,25
3/17/2014,Avery Non-Stick Heavy Duty View Round Locking Ring Binders,Office Supplies,Central,3,6,19,36,17
10/3/2014,"Global High-Back Leather Tilter, Burgundy",Furniture,Central,109,3,328,258,70
3/28/2016,Hanging Personal Folder File,Office Supplies,South,12,2,24,31,8
5/4/2017,Motorola L804,Technology,West,33,5,163,184,21
5/4/2017,Things To Do Today Pad,Office Supplies,West,3,3,9,18,8
5/4/2017,Bretford Rectangular Conference Table Tops,Furniture,West,290,1,290,301,11
7/5/2014,"Gould Plastics 18-Pocket Panel Bin, 34w x 5-1/4d x 20-1/2h",Office Supplies,Central,88,3,265,221,44
7/5/2014,Fellowes Bankers Box Stor/Drawer Steel Plus,Office Supplies,Central,29,11,317,281,35
5/5/2016,Xerox 1909,Office Supplies,South,14,3,43,79,36
4/26/2017,"DAX Value U-Channel Document Frames, Easel Back",Furniture,Central,3,1,3,2,1
9/26/2014,"Leather Task Chair, Black",Furniture,West,73,2,146,146,0
10/19/2017,Boston 16801 Nautilus Battery Pencil Sharpener,Office Supplies,East,16,7,114,123,9
10/19/2017,"It's Hot Message Books with Stickers, 2 3/4"" x 5""",Office Supplies,East,4,4,16,24,7
10/19/2017,Digium D40 VoIP phone,Technology,East,92,4,366,310,57
11/10/2017,Cardinal EasyOpen D-Ring Binders,Office Supplies,West,5,14,64,38,26
11/10/2017,DYMO CardScan Personal V9 Business Card Scanner,Technology,West,80,2,160,96,64
11/10/2017,Case Logic 2.4GHz Wireless Keyboard,Technology,West,46,6,276,240,36
11/10/2017,Adtran 1202752G1,Technology,West,93,2,186,202,15
11/10/2017,Hon 2090 “Pillow Soft” Series Mid Back Swivel/Tilt Chairs,Furniture,West,261,4,1045,899,146
7/8/2017,"Deflect-o SuperTray Unbreakable Stackable Tray, Letter, Black",Furniture,West,17,5,83,146,63
12/24/2015,"Atlantic Metals Mobile 4-Shelf Bookcases, Custom Colors",Furniture,West,197,7,1377,590,787
12/24/2015,"Dixon My First Ticonderoga Pencil, #2",Office Supplies,West,4,3,12,14,2
3/7/2017,Logitech Desktop MK120 Mouse and keyboard Combo,Technology,East,15,3,44,49,5
4/1/2014,Avery 490,Office Supplies,West,7,2,15,30,15
4/1/2014,"Pressboard Data Binder, Crimson, 12"" X 8 1/2""",Office Supplies,West,3,4,12,17,6
9/14/2015,"Lesro Round Back Collection Coffee Table, End Table",Furniture,West,159,5,794,913,119
8/4/2014,Hoover WindTunnel Plus Canister Vacuum,Office Supplies,West,262,3,785,1090,305
8/4/2014,Xerox 1934,Office Supplies,West,29,8,228,448,219
8/4/2014,Newell 329,Office Supplies,West,2,5,12,16,4
8/4/2014,Panasonic KX T7731-B Digital phone,Technology,West,73,5,365,400,35
8/4/2014,"Safco Wire Cube Shelving System, For Use as 4 or 5 14"" Cubes, Black",Office Supplies,West,30,5,151,159,8
8/4/2014,Ibico Standard Transparent Covers,Office Supplies,West,8,1,8,13,5
9/3/2016,"Tenex ""The Solids"" Textured Chair Mats",Furniture,Central,58,3,174,84,90
2/5/2016,"Carina 42""Hx23 3/4""W Media Storage Unit",Office Supplies,South,79,1,79,81,2
2/5/2016,White Computer Printout Paper by Universal,Office Supplies,South,20,9,178,349,171
2/5/2016,Revere Boxed Rubber Bands by Revere,Office Supplies,South,2,5,9,9,0
2/5/2016,"Eldon 200 Class Desk Accessories, Black",Furniture,South,4,3,12,19,7
2/5/2016,"Bush Andora Bookcase, Maple/Graphite Gray Finish",Furniture,South,94,2,187,240,53
2/5/2016,Ames Color-File Green Diamond Border X-ray Mailers,Office Supplies,South,45,2,89,168,79
2/5/2016,Plantronics Cordless Phone Headset with In-line Volume - M214C,Technology,South,26,3,77,105,28
2/5/2016,Aastra 57i VoIP phone,Technology,South,120,3,359,485,126
2/5/2016,"White Dual Perf Computer Printout Paper, 2700 Sheets, 1 Part, Heavyweight, 20 lbs., 14 7/8 x 11",Office Supplies,South,21,3,63,123,60
2/5/2016,"Belkin 19"" Vented Equipment Shelf, Black",Office Supplies,South,51,3,153,154,2
2/5/2016,Xerox 1943,Office Supplies,South,26,7,181,342,161
7/3/2017,4009 Highlighters by Sanford,Office Supplies,South,3,3,8,10,2
10/9/2017,"Bevis Oval Conference Table, Walnut",Furniture,Central,217,5,1083,652,431
10/9/2017,Hon 61000 Series Interactive Training Tables,Furniture,Central,36,3,109,67,43
11/24/2016,"Acco PRESSTEX Data Binder with Storage Hooks, Light Blue, 9 1/2"" X 11""",Office Supplies,East,3,4,11,17,6
11/24/2016,Xerox 196,Office Supplies,East,3,2,6,12,6
11/24/2016,SanDisk Ultra 32 GB MicroSDHC Class 10 Memory Card,Technology,East,19,4,77,88,11
11/24/2016,Xerox 217,Office Supplies,East,3,1,3,6,3
11/1/2016,"LF Elite 3D Dazzle Designer Hard Case Cover, Lf Stylus Pen and Wiper For Apple Iphone 5c Mini Lite",Technology,South,8,2,16,22,6
11/1/2016,Airmail Envelopes,Office Supplies,South,44,3,133,252,118
4/19/2016,"Bush Andora Conference Table, Maple/Graphite Gray Finish",Furniture,East,132,2,263,205,58
4/19/2016,Xerox 189,Office Supplies,East,55,5,273,419,147
4/6/2014,Martin-Yale Premier Letter Opener,Office Supplies,East,12,1,12,10,2
4/6/2014,KI Adjustable-Height Table,Furniture,East,64,3,191,155,36
4/6/2014,Imation Secure+ Hardware Encrypted USB 2.0 Flash Drive; 16GB,Technology,East,47,2,95,117,22
9/2/2016,Panasonic KP-150 Electric Pencil Sharpener,Office Supplies,East,28,2,56,75,20
9/2/2016,Telescoping Adjustable Floor Lamp,Furniture,East,15,2,30,40,10
9/25/2016,Bevis Boat-Shaped Conference Table,Furniture,West,199,3,598,393,204
11/4/2017,Alphabetical Labels for Top Tab Filing,Office Supplies,Central,7,2,15,24,9
7/9/2016,Hon GuestStacker Chair,Furniture,East,168,2,335,408,73
7/9/2016,"Deflect-o EconoMat Studded, No Bevel Mat for Low Pile Carpeting",Furniture,East,38,4,150,165,15
6/30/2014,GBC Recycled Regency Composition Covers,Office Supplies,East,32,7,226,335,109
1/28/2017,Logitech G13 Programmable Gameboard with LCD Display,Technology,West,71,3,214,240,26
1/28/2017,"DAX Executive Solid Wood Document Frame, Desktop or Hang, Mahogany, 5 x 7",Furniture,West,8,3,25,38,13
9/21/2015,ShoreTel ShorePhone IP 230 VoIP phone,Technology,Central,118,7,828,946,118
9/21/2015,Hypercom P1300 Pinpad,Technology,Central,40,3,119,151,32
9/21/2015,Longer-Life Soft White Bulbs,Furniture,Central,2,4,6,5,1
9/26/2015,Petty Cash Envelope,Office Supplies,West,14,4,55,86,31
9/26/2015,GBC VeloBinder Electric Binding Machine,Office Supplies,West,60,2,121,73,48
9/26/2015,3M Replacement Filter for Office Air Cleaner for 20' x 33' Room,Office Supplies,West,23,2,46,61,14
9/26/2015,Lock-Up Easel 'Spel-Binder',Office Supplies,West,15,9,136,77,59
9/26/2015,2300 Heavy-Duty Transfer File Systems by Perma,Office Supplies,West,20,6,121,120,1
9/26/2015,Samsung Rugby III,Technology,West,48,5,241,264,23
9/26/2015,SAFCO Boltless Steel Shelving,Office Supplies,West,113,4,450,364,86
10/31/2015,Prestige Round Ring Binders,Office Supplies,West,3,2,6,10,3
10/31/2015,"Redi-Strip #10 Envelopes, 4 1/8 x 9 1/2",Office Supplies,West,2,5,8,15,7
10/31/2015,"Acco Four Pocket Poly Ring Binder with Label Holder, Smoke, 1""",Office Supplies,West,4,5,20,30,9
10/31/2015,"Avery 4027 File Folder Labels for Dot Matrix Printers, 5000 Labels per Box, White",Office Supplies,West,16,14,231,427,197
11/26/2017,Motorola L804,Technology,East,33,8,261,221,40
12/19/2014,Canvas Sectional Post Binders,Office Supplies,South,13,6,78,153,75
12/19/2014,Acme Stainless Steel Office Snips,Office Supplies,South,5,1,5,7,2
12/19/2014,High-Back Leather Manager's Chair,Furniture,South,118,14,1656,1820,164
12/26/2016,Strathmore Photo Mount Cards,Office Supplies,West,4,5,18,34,16
6/20/2017,Xerox 203,Office Supplies,East,3,6,20,31,11
6/20/2017,Newell 35,Office Supplies,East,2,2,5,5,1
10/15/2015,Plantronics Audio 995 Wireless Stereo Headset,Technology,Central,74,3,221,264,43
10/15/2015,HON 5400 Series Task Chairs for Big and Tall,Furniture,Central,561,5,2804,2453,350
4/12/2017,Storex Dura Pro Binders,Office Supplies,East,3,5,16,30,13
4/12/2017,Xerox 1948,Office Supplies,East,5,4,22,40,18
12/19/2017,Deluxe Heavy-Duty Vinyl Round Ring Binder,Office Supplies,West,13,2,25,37,11
8/5/2017,"Adams Phone Message Book, 200 Message Capacity, 8 1/16” x 11”",Office Supplies,South,4,2,7,14,6
10/1/2015,"Trav-L-File Heavy-Duty Shuttle II, Black",Office Supplies,West,30,4,122,139,17
5/23/2016,Mitel MiVoice 5330e IP Phone,Technology,Central,203,9,1831,1980,148
6/13/2017,"Belkin 19"" Vented Equipment Shelf, Black",Office Supplies,Central,51,4,204,165,39
6/13/2017,Global Super Steno Chair,Furniture,Central,80,7,558,470,87
6/13/2017,OtterBox Defender Series Case - Samsung Galaxy S4,Technology,Central,21,2,42,48,6
4/23/2014,Wilson Jones Suede Grain Vinyl Binders,Office Supplies,East,1,3,4,3,2
5/1/2015,OtterBox Defender Series Case - iPhone 5c,Technology,West,26,3,78,89,11
7/19/2015,Wilson Jones DublLock D-Ring Binders,Office Supplies,West,3,1,3,2,1
11/26/2016,Easy-staple paper,Office Supplies,South,5,7,36,71,35
11/26/2016,Surelock Post Binders,Office Supplies,South,15,3,46,92,46
11/26/2016,Wilson Jones DublLock D-Ring Binders,Office Supplies,South,3,5,17,34,17
11/26/2016,Hewlett-Packard Deskjet 3050a All-in-One Color Inkjet Printer,Technology,South,198,8,1581,3040,1459
6/12/2017,Ibico Plastic Spiral Binding Combs,Office Supplies,South,16,3,49,91,42
6/12/2017,"Iceberg OfficeWorks 42"" Round Tables",Furniture,South,128,3,385,453,68
8/17/2015,Wilson Jones “Snap” Scratch Pad Binder Tool for Ring Binders,Office Supplies,East,3,9,29,52,23
9/25/2016,Avery 499,Office Supplies,Central,3,4,11,16,5
5/4/2014,DAX Wood Document Frame,Furniture,East,9,2,18,27,10
12/1/2015,Wilson Jones Heavy-Duty Casebound Ring Binders with Metal Hinges,Office Supplies,West,18,2,36,55,19
3/11/2016,Chromcraft Round Conference Tables,Furniture,East,138,2,275,244,31
8/26/2016,Logitech G700s Rechargeable Gaming Mouse,Technology,Central,58,2,116,160,44
8/26/2016,Hon Deluxe Fabric Upholstered Stacking Chairs,Furniture,Central,176,6,1054,1025,29
12/16/2016,Stockwell Gold Paper Clips,Office Supplies,East,1,2,2,4,2
8/8/2014,"Eldon Delta Triangular Chair Mat, 52"" x 58"", Clear",Furniture,West,31,4,124,121,3
8/8/2014,SanDisk Ultra 64 GB MicroSDHC Class 10 Memory Card,Technology,West,36,3,107,96,11
5/16/2015,Razer Kraken PRO Over Ear PC and Music Headset,Technology,South,56,4,224,256,32
12/9/2017,Global Executive Mid-Back Manager's Chair,Furniture,Central,215,3,646,873,227
12/9/2017,Wilson Jones Century Plastic Molded Ring Binders,Office Supplies,Central,11,2,22,42,20
12/9/2017,Xerox 1946,Office Supplies,Central,3,2,7,13,6
9/24/2015,Newell 320,Office Supplies,East,3,2,6,7,1
7/11/2017,Avery 482,Office Supplies,West,2,3,5,9,4
12/1/2015,"Eldon Image Series Desk Accessories, Burgundy",Furniture,Central,3,4,11,7,4
11/19/2016,Newell 340,Office Supplies,East,2,6,12,17,5
11/19/2016,GBC Plastic Binding Combs,Office Supplies,East,4,3,11,18,6
3/19/2017,Avery 506,Office Supplies,East,2,7,16,29,13
11/13/2016,Acme Forged Steel Scissors with Black Enamel Handles,Office Supplies,South,7,7,46,52,6
11/19/2017,Square Credit Card Reader,Technology,West,7,4,30,32,2
12/2/2016,Xerox 192,Office Supplies,West,3,4,13,26,12
12/2/2016,HP Office Recycled Paper (20Lb. and 87 Bright),Office Supplies,West,3,7,21,40,20
12/2/2016,X-Rack File for Hanging Folders,Office Supplies,West,8,3,25,34,9
8/25/2017,Zebra Zazzle Fluorescent Highlighters,Office Supplies,South,4,2,8,10,2
8/25/2017,Xerox 199,Office Supplies,South,2,1,2,3,1
10/14/2016,WD My Passport Ultra 500GB Portable External Hard Drive,Technology,West,49,3,147,177,30
11/27/2014,Staples,Office Supplies,East,1,2,2,4,1
11/3/2015,Cisco IP Phone 7961G-GE VoIP phone,Technology,West,158,7,1107,1213,106
11/3/2015,Logitech Trackman Marble Mouse,Technology,West,17,3,52,90,38
11/3/2015,Coloredge Poster Frame,Furniture,West,9,3,26,43,17
11/29/2014,Avery 488,Office Supplies,East,2,2,3,5,2
4/30/2017,"#10-4 1/8"" x 9 1/2"" Premium Diagonal Seam Envelopes",Office Supplies,East,9,4,35,63,28
11/24/2017,"Adams Telephone Message Book W/Dividers/Space For Phone Numbers, 5 1/4""X8 1/2"", 300/Messages",Office Supplies,East,3,1,3,6,3
11/24/2017,Global Ergonomic Managers Chair,Furniture,East,134,6,804,977,174
10/30/2017,Magna Visual Magnetic Picture Hangers,Furniture,West,3,2,6,10,4
12/17/2014,Stanley Contemporary Battery Pencil Sharpeners,Office Supplies,South,10,3,29,40,11
9/4/2017,"Crayola Anti Dust Chalk, 12/Pack",Office Supplies,Central,1,7,7,10,3
9/4/2017,Acco Perma 3000 Stacking Storage Drawers,Office Supplies,Central,17,1,17,17,0
9/4/2017,"Sanford Colorific Eraseable Coloring Pencils, 12 Count",Office Supplies,Central,2,5,9,13,4
10/17/2016,"Avery Durable Plastic 1"" Binders",Office Supplies,West,2,5,12,18,7
11/12/2017,"Wirebound Message Books, 5-1/2 x 4 Forms, 2 or 4 Forms per Page",Office Supplies,Central,3,3,10,16,6
11/12/2017,Xerox 197,Office Supplies,Central,17,9,153,223,70
11/12/2017,Tennsco Double-Tier Lockers,Office Supplies,Central,196,3,587,540,47
11/24/2016,"iKross Bluetooth Portable Keyboard + Cell Phone Stand Holder + Brush for Apple iPhone 5S 5C 5, 4S 4",Technology,West,15,2,30,34,3
11/24/2016,"DAX Value U-Channel Document Frames, Easel Back",Furniture,West,3,2,7,10,3
8/1/2015,Prang Dustless Chalk Sticks,Office Supplies,West,1,4,3,7,3
8/1/2015,Hon 2111 Invitation Series Corner Table,Furniture,West,197,6,1181,1005,176
12/24/2017,"Acco Four Pocket Poly Ring Binder with Label Holder, Smoke, 1""",Office Supplies,East,4,3,12,18,6
9/17/2016,Lexmark X 9575 Professional All-in-One Color Printer,Technology,South,51,4,206,396,190
12/10/2017,Ibico Covers for Plastic or Wire Binding Elements,Office Supplies,Central,6,3,19,35,16
9/12/2017,"Eldon Image Series Desk Accessories, Burgundy",Furniture,West,3,2,5,8,3
6/24/2017,Boston Heavy-Duty Trimline Electric Pencil Sharpeners,Office Supplies,West,34,8,274,386,112
6/24/2017,4009 Highlighters by Sanford,Office Supplies,West,3,9,24,36,12
8/18/2017,Safco Steel Mobile File Cart,Office Supplies,Central,63,3,188,200,13
8/18/2017,Acco D-Ring Binder w/DublLock,Office Supplies,Central,11,5,55,21,33
8/18/2017,Ibico Plastic and Wire Spiral Binding Combs,Office Supplies,Central,5,4,18,7,11
12/11/2017,"Leather Task Chair, Black",Furniture,East,73,1,73,64,9
12/10/2017,Bretford “Just In Time” Height-Adjustable Multi-Task Work Tables,Furniture,West,388,4,1553,1670,117
2/3/2014,Ibico Laser Imprintable Binding System Covers,Office Supplies,West,28,2,57,84,27
2/3/2014,Avery Durable Poly Binders,Office Supplies,West,3,3,9,13,4
2/11/2017,"Acco Pressboard Covers with Storage Hooks, 14 7/8"" x 11"", Dark Blue",Office Supplies,West,2,7,14,21,8
4/16/2017,Newell 325,Office Supplies,Central,3,5,14,17,2
12/6/2015,"Howard Miller 13"" Diameter Pewter Finish Round Wall Clock",Furniture,West,26,6,157,206,49
12/6/2015,Xerox 1970,Office Supplies,West,3,5,13,20,7
12/6/2015,Xerox 1960,Office Supplies,West,17,8,136,198,62
12/6/2015,"Belkin 19"" Vented Equipment Shelf, Black",Office Supplies,West,51,6,306,247,59
12/6/2015,"BOSTON Model 1800 Electric Pencil Sharpeners, Putty/Woodgrain",Office Supplies,West,13,6,77,86,10
7/22/2016,12 Colored Short Pencils,Office Supplies,East,2,2,4,4,0
7/22/2016,"Master Caster Door Stop, Large Neon Orange",Furniture,East,4,2,8,12,3
11/7/2015,Rubber Band Ball,Office Supplies,East,4,7,26,26,1
11/7/2015,Loose Memo Sheets,Office Supplies,East,2,2,4,7,3
3/26/2015,Xerox 1988,Office Supplies,South,17,3,51,74,23
8/31/2017,"Neat Ideas Personal Hanging Folder Files, Black",Office Supplies,West,10,1,10,11,1
8/31/2017,OIC Bulk Pack Metal Binder Clips,Office Supplies,West,2,3,6,8,3
12/4/2016,Belkin OmniView SE Rackmount Kit,Office Supplies,East,35,6,213,213,0
2/10/2017,"Bush Andora Bookcase, Maple/Graphite Gray Finish",Furniture,West,94,2,187,204,17
10/29/2016,"Rogers Jumbo File, Granite",Office Supplies,East,13,3,40,41,0
10/29/2016,"Commercial WindTunnel Clean Air Upright Vacuum, Replacement Belts, Filtration Bags",Office Supplies,East,3,3,9,12,3
9/15/2017,GE DSL Phone Line Filter,Technology,East,28,1,28,40,12
9/15/2017,"Avery Hi-Liter EverBold Pen Style Fluorescent Highlighters, 4/Pack",Office Supplies,East,5,2,10,16,7
9/15/2017,"Atlantic Metals Mobile 3-Shelf Bookcases, Custom Colors",Furniture,East,193,3,579,783,204
9/15/2017,Wilson Jones Heavy-Duty Casebound Ring Binders with Metal Hinges,Office Supplies,East,18,7,126,242,116
3/11/2014,Eldon Wave Desk Accessories,Furniture,East,1,5,6,8,2
3/11/2014,Stockwell Push Pins,Office Supplies,East,1,6,9,10,2
2/4/2014,GBC Recycled Grain Textured Covers,Office Supplies,West,18,3,54,83,29
2/4/2014,"Message Book, Standard Line ""While You Were Out"", 5 1/2"" X 4"", 200 Sets/Book",Office Supplies,West,5,4,18,34,16
12/31/2014,"Atlantic Metals Mobile 4-Shelf Bookcases, Custom Colors",Furniture,East,197,7,1377,1573,197
11/23/2015,Xerox 1915,Office Supplies,Central,55,4,218,336,117
11/23/2015,GBC Recycled Regency Composition Covers,Office Supplies,Central,32,2,65,24,41
11/23/2015,"Tenex Personal Self-Stacking Standard File Box, Black/Gray",Office Supplies,Central,12,2,25,27,2
7/6/2014,Canon Imageclass D680 Copier / Fax,Technology,East,385,1,385,560,175
11/13/2017,Hoover Commercial Soft Guard Upright Vacuum And Disposable Filtration Bags,Office Supplies,Central,6,6,34,9,25
6/17/2016,Xerox 1934,Office Supplies,West,29,2,57,112,55
5/3/2014,Avery 481,Office Supplies,Central,2,7,11,22,10
10/16/2017,Large Capacity Hanging Post Binders,Office Supplies,South,13,5,67,125,57
2/6/2015,Newell 310,Office Supplies,West,1,3,4,5,2
9/4/2017,"Verbatim 25 GB 6x Blu-ray Single Layer Recordable Disc, 25/Pack",Technology,East,13,4,52,92,40
5/9/2016,Staple envelope,Office Supplies,East,6,1,6,9,4
5/9/2016,Newell 319,Office Supplies,East,14,5,69,79,10
3/16/2015,KI Adjustable-Height Table,Furniture,West,64,2,127,172,45
4/9/2016,"Acco Pressboard Covers with Storage Hooks, 14 7/8"" x 11"", Light Blue",Office Supplies,West,3,9,23,35,13
4/4/2014,Avery 518,Office Supplies,West,2,6,10,19,9
9/5/2017,Newell 333,Office Supplies,West,2,1,2,3,1
6/30/2017,Bretford CR4500 Series Slim Rectangular Table,Furniture,East,268,5,1341,1045,296
11/9/2015,"While You Were Out Pads, 50 per Pad, 4 x 5 1/4, Green Cycle",Office Supplies,East,2,3,7,11,4
3/4/2014,Sensible Storage WireTech Storage Systems,Office Supplies,South,67,5,337,355,18
3/19/2015,Wireless Extenders zBoost YX545 SOHO Signal Booster,Technology,West,138,3,414,454,40
11/29/2015,Kingston Digital DataTraveler 16GB USB 2.0,Technology,Central,7,3,22,21,0
11/29/2015,GBC Imprintable Covers,Office Supplies,Central,6,4,22,9,14
6/11/2017,"White Dual Perf Computer Printout Paper, 2700 Sheets, 1 Part, Heavyweight, 20 lbs., 14 7/8 x 11",Office Supplies,West,21,3,63,123,60
11/26/2017,Newell 347,Office Supplies,South,3,3,9,13,4
11/23/2014,Novimex Swivel Fabric Task Chair,Furniture,West,134,5,672,604,68
11/23/2014,Pastel Pink Envelopes,Office Supplies,West,4,3,11,22,10
11/23/2014,Belkin F8E887 USB Wired Ergonomic Keyboard,Technology,West,24,1,24,30,6
11/23/2014,Safco Contoured Stacking Chairs,Furniture,West,179,2,358,381,24
12/15/2014,ARKON Windshield Dashboard Air Vent Car Mount Holder,Technology,Central,17,3,50,41,9
12/15/2014,"Lifetime Advantage Folding Chairs, 4/Carton",Furniture,Central,157,5,785,763,22
4/22/2016,Pizazz Global Quick File,Office Supplies,Central,11,2,22,24,2
5/23/2016,Xerox 1949,Office Supplies,South,3,1,3,5,2
2/27/2016,"Conquest 14 Commercial Heavy-Duty Upright Vacuum, Collection System, Accessory Kit",Office Supplies,East,40,3,121,171,50
8/9/2015,Nortel Meridian M3904 Professional Digital phone,Technology,East,109,2,219,308,89
8/9/2015,KI Conference Tables,Furniture,East,60,9,536,383,153
8/9/2015,"Tennsco Lockers, Gray",Office Supplies,East,20,2,39,42,3
8/9/2015,GBC Ibimaster 500 Manual ProClick Binding System,Office Supplies,East,380,2,761,1218,457
8/9/2015,Artistic Insta-Plaque,Furniture,East,10,3,29,47,18
8/9/2015,Longer-Life Soft White Bulbs,Furniture,East,2,2,3,6,3
8/9/2015,Panasonic KX-TG9471B,Technology,East,141,5,706,980,274
8/9/2015,Xerox 1886,Office Supplies,East,25,3,75,144,69
8/9/2015,"Acco Clips to Go Binder Clips, 24 Clips in Two Sizes",Office Supplies,East,2,3,6,11,5
8/9/2015,Belkin QODE FastFit Bluetooth Keyboard,Technology,East,53,4,213,248,35
5/12/2016,Rogers Handheld Barrel Pencil Sharpener,Office Supplies,South,2,4,8,11,3
4/15/2016,"Dixon Ticonderoga Erasable Colored Pencil Set, 12-Color",Office Supplies,Central,4,7,28,33,6
4/15/2016,Ideal Clamps,Office Supplies,Central,1,5,5,8,3
6/23/2015,Pyle PRT45 Retro Home Telephone,Technology,West,45,4,179,202,23
10/19/2014,Spiral Phone Message Books with Labels by Adams,Office Supplies,West,2,3,7,13,7
3/24/2015,Sauder Inglewood Library Bookcases,Furniture,Central,132,3,395,359,36
5/8/2017,Global Chrome Stack Chair,Furniture,East,25,2,50,48,2
10/16/2017,Executive Impressions Supervisor Wall Clock,Furniture,East,29,13,372,547,175
11/19/2017,Xerox 1901,Office Supplies,Central,3,4,12,17,5
11/19/2017,Acme Elite Stainless Steel Scissors,Office Supplies,Central,6,1,6,7,1
11/19/2017,"Boston School Pro Electric Pencil Sharpener, 1670",Office Supplies,Central,23,4,90,99,9
11/19/2017,Telescoping Adjustable Floor Lamp,Furniture,Central,15,2,30,16,14
5/8/2016,"Tenex 46"" x 60"" Computer Anti-Static Chairmat, Rectangular Shaped",Furniture,East,85,2,170,212,42
12/11/2016,Prang Drawing Pencil Set,Office Supplies,South,2,3,5,7,2
11/30/2017,"BOSTON Ranger #55 Pencil Sharpener, Black",Office Supplies,East,18,6,111,156,45
4/19/2016,PowerGen Dual USB Car Charger,Technology,West,5,5,27,40,13
4/19/2016,Newell 307,Office Supplies,West,1,3,4,5,2
4/19/2016,Panasonic KP-4ABK Battery-Operated Pencil Sharpener,Office Supplies,West,10,5,52,73,21
4/19/2016,"Angle-D Binders with Locking Rings, Label Holders",Office Supplies,West,4,1,4,6,2
4/19/2016,"Adams Telephone Message Book W/Dividers/Space For Phone Numbers, 5 1/4""X8 1/2"", 200/Messages",Office Supplies,West,3,4,12,23,10
4/19/2016,Avery Binder Labels,Office Supplies,West,2,3,6,9,3
5/26/2014,Sauder Inglewood Library Bookcases,Furniture,West,132,2,263,291,27
5/26/2014,VTech DS6151,Technology,West,91,2,181,202,20
5/26/2014,netTALK DUO VoIP Telephone Service,Technology,West,26,2,52,84,31
12/21/2017,Letter Size Cart,Office Supplies,West,101,7,710,1000,290
3/15/2016,V7 USB Numeric Keypad,Technology,East,33,3,98,84,14
8/10/2015,Avery 480,Office Supplies,Central,2,1,2,4,2
8/10/2015,Avery 489,Office Supplies,Central,5,4,22,41,20
8/10/2015,Peel-Off China Markers,Office Supplies,Central,6,3,17,30,13
9/10/2016,Acco Perma 2700 Stacking Storage Drawers,Office Supplies,East,25,2,51,59,9
9/10/2016,"Wirebound Message Books, Four 2 3/4 x 5 White Forms per Page",Office Supplies,East,4,1,4,7,3
7/8/2017,"GE 48"" Fluorescent Tube, Cool White Energy Saver, 34 Watts, 30/Box",Furniture,West,50,2,99,198,99
7/8/2017,"Dot Matrix Printer Tape Reel Labels, White, 5000/Box",Office Supplies,West,50,8,401,786,385
7/8/2017,"GBC White Gloss Covers, Plain Front",Office Supplies,West,8,2,15,23,8
7/8/2017,Micro Innovations USB RF Wireless Keyboard with Mouse,Technology,West,20,2,40,50,11
12/19/2015,ShoreTel ShorePhone IP 230 VoIP phone,Technology,West,118,5,591,676,84
12/19/2015,Plantronics Savi W720 Multi-Device Wireless Headset System,Technology,West,236,3,709,1266,557
11/16/2015,"Eureka The Boss Plus 12-Amp Hard Box Upright Vacuum, Red",Office Supplies,East,76,5,382,523,141
9/24/2015,Harbour Creations Steel Folding Chair,Furniture,South,60,6,362,518,155
6/21/2017,"Stacking Tray, Side-Loading, Legal, Smoke",Furniture,East,3,5,15,18,2
6/21/2017,Deluxe Heavy-Duty Vinyl Round Ring Binder,Office Supplies,East,13,6,76,41,34
5/8/2016,Smead Adjustable Mobile File Trolley with Lockable Top,Office Supplies,East,306,3,918,1006,88
5/8/2016,Xerox 1898,Office Supplies,East,3,2,7,11,4
5/8/2016,Xerox 222,Office Supplies,East,3,2,7,10,4
5/8/2016,Hanging Personal Folder File,Office Supplies,East,12,2,24,25,2
5/8/2016,SanDisk Cruzer 64 GB USB Flash Drive,Technology,East,25,2,51,58,7
11/26/2014,Xerox 2,Office Supplies,West,3,3,10,16,5
11/26/2014,Office Impressions Heavy Duty Welded Shelving & Multimedia Storage Drawers,Office Supplies,West,167,5,836,669,167
11/26/2014,Jawbone MINI JAMBOX Wireless Bluetooth Speaker,Technology,West,132,4,526,438,88
5/26/2016,Weyerhaeuser First Choice Laser/Copy Paper (20Lb. and 88 Bright),Office Supplies,East,3,3,10,19,9
5/26/2016,Wilson Jones Turn Tabs Binder Tool for Ring Binders,Office Supplies,East,3,2,5,10,4
5/26/2016,"Telephone Message Books with Fax/Mobile Section, 5 1/2"" x 3 3/16""",Office Supplies,East,3,2,7,13,6
5/26/2016,9-3/4 Diameter Round Wall Clock,Furniture,East,8,3,24,41,17
11/29/2014,Staples,Office Supplies,Central,4,2,9,13,4
3/19/2015,Deluxe Rollaway Locking File with Drawer,Office Supplies,West,299,3,898,1248,349
3/19/2015,Canon PC940 Copier,Technology,West,238,7,1669,3150,1480
3/19/2015,Multicolor Computer Printout Paper,Office Supplies,West,55,2,109,210,101
11/1/2015,SanDisk Ultra 32 GB MicroSDHC Class 10 Memory Card,Technology,East,19,2,38,35,3
11/1/2015,"Brites Rubber Bands, 1 1/2 oz. Box",Office Supplies,East,2,2,4,3,1
9/26/2015,Catalog Binders with Expanding Posts,Office Supplies,East,37,6,222,121,101
9/26/2015,Grandstream GXP2100 Mainstream Business Phone,Technology,East,55,1,55,46,9
8/29/2014,Xerox 1940,Office Supplies,West,28,2,56,110,54
8/29/2014,Xerox 1986,Office Supplies,West,3,2,7,13,6
11/18/2017,Eldon Portable Mobile Manager,Office Supplies,West,21,6,124,170,46
11/18/2017,Imation 16GB Mini TravelDrive USB 2.0 Flash Drive,Technology,West,20,4,78,133,54
11/18/2017,Binder Clips by OIC,Office Supplies,West,1,2,2,3,1
11/18/2017,"Wilson Jones 1"" Hanging DublLock Ring Binders",Office Supplies,West,3,2,5,8,3
11/18/2017,Fellowes Bankers Box Stor/Drawer Steel Plus,Office Supplies,West,29,3,86,96,10
5/12/2014,"DAX Value U-Channel Document Frames, Easel Back",Furniture,Central,3,7,24,35,11
1/20/2017,RCA Visys Integrated PBX 8-Line Router,Technology,West,50,3,151,161,10
10/30/2017,"GBC Velobind Prepunched Cover Sets, Regency Series",Office Supplies,West,20,3,61,89,28
10/30/2017,Cardinal Slant-D Ring Binders,Office Supplies,West,4,2,9,14,5
4/30/2017,Polycom SoundPoint IP 450 VoIP phone,Technology,East,167,5,836,678,158
4/30/2017,GBC VeloBind Cover Sets,Office Supplies,East,8,3,23,14,9
11/24/2016,Sterilite Officeware Hinged File Box,Office Supplies,Central,8,5,38,42,4
11/24/2016,Logitech G19 Programmable Gaming Keyboard,Technology,Central,102,3,305,298,7
11/24/2016,Colored Push Pins,Office Supplies,Central,1,3,3,4,1
11/24/2016,Logitech G105 Gaming Keyboard,Technology,Central,49,2,97,95,2
11/24/2016,Xerox 1925,Office Supplies,Central,17,3,51,74,23
11/24/2016,"Dixon My First Ticonderoga Pencil, #2",Office Supplies,Central,4,3,12,14,2
1/10/2015,Bush Advantage Collection Racetrack Conference Table,Furniture,East,348,4,1391,1018,373
10/19/2017,QVS USB Car Charger 2-Port 2.1Amp for iPod/iPhone/iPad/iPad 2/iPad 3,Technology,Central,4,3,11,17,5
3/22/2016,Logitech ClearChat Comfort/USB Headset H390,Technology,West,20,2,39,59,19
7/3/2017,netTALK DUO VoIP Telephone Service,Technology,Central,26,4,105,168,63
12/11/2015,"Dot Matrix Printer Tape Reel Labels, White, 5000/Box",Office Supplies,South,50,2,100,197,96
9/17/2015,Howard Miller Distant Time Traveler Alarm Clock,Furniture,Central,16,2,32,22,10
9/17/2015,GBC Imprintable Covers,Office Supplies,Central,6,3,17,7,10
5/18/2016,Home/Office Personal File Carts,Office Supplies,West,26,3,78,104,26
5/18/2016,Universal Premium White Copier/Laser Paper (20Lb. and 87 Bright),Office Supplies,West,3,3,9,18,9
9/7/2014,"Carina 42""Hx23 3/4""W Media Storage Unit",Office Supplies,East,79,1,79,65,15
9/7/2014,invisibleSHIELD by ZAGG Smudge-Free Screen Protector,Technology,East,9,3,28,32,4
9/7/2014,DAX Natural Wood-Tone Poster Frame,Furniture,East,17,2,34,42,8
9/7/2014,StarTech.com 10/100 VDSL2 Ethernet Extender Kit,Technology,East,240,4,959,400,559
9/29/2016,Xerox 1887,Office Supplies,West,10,1,10,19,9
11/7/2016,"C-Line Magnetic Cubicle Keepers, Clear Polypropylene",Furniture,West,3,3,9,15,6
4/24/2017,"Acco Smartsocket Table Surge Protector, 6 Color-Coded Adapter Outlets",Office Supplies,East,43,2,87,99,12
4/24/2017,Avery Reinforcements for Hole-Punch Pages,Office Supplies,East,1,2,2,1,1
4/24/2017,GBC ProClick Spines for 32-Hole Punch,Office Supplies,East,7,2,13,8,6
12/10/2017,Xerox 210,Office Supplies,East,3,2,7,10,4
12/10/2017,Electrix Halogen Magnifier Lamp,Furniture,East,144,2,288,311,23
8/16/2014,Chromcraft Rectangular Conference Tables,Furniture,East,180,6,1081,853,227
12/9/2017,"Wirebound Message Books, Four 2 3/4 x 5 White Forms per Page",Office Supplies,Central,4,5,18,33,15
12/9/2017,Economy Binders,Office Supplies,Central,1,5,5,10,5
3/14/2016,Advantus Panel Wall Acrylic Frame,Furniture,East,3,5,16,22,6
6/26/2016,Memorex Mini Travel Drive 4 GB USB 2.0 Flash Drive,Technology,Central,5,2,10,14,4
9/25/2015,Memorex Micro Travel Drive 16 GB,Technology,East,11,4,44,64,20
9/25/2015,Tuff Stuff Recycled Round Ring Binders,Office Supplies,East,2,3,7,14,7
9/25/2015,netTALK DUO VoIP Telephone Service,Technology,East,26,2,52,105,52
12/27/2015,Belkin F9G930V10-GRY 9 Outlet Surge,Office Supplies,West,38,2,76,107,31
12/27/2015,Avery 497,Office Supplies,West,2,7,11,22,10
6/3/2014,KI Adjustable-Height Table,Furniture,West,67,6,402,516,113
7/13/2015,GBC Plastic Binding Combs,Office Supplies,East,4,2,8,12,4
7/13/2015,Safco Contoured Stacking Chairs,Furniture,East,179,9,1609,1931,322
7/13/2015,Easy-staple paper,Office Supplies,East,3,2,5,10,5
2/2/2014,Staples,Office Supplies,West,1,5,7,12,6
3/8/2016,"GBC Standard Recycled Report Covers, Clear Plastic Sheets",Office Supplies,West,6,3,17,10,7
11/22/2015,GBC Durable Plastic Covers,Office Supplies,East,10,2,21,12,9
10/30/2017,Avery 500,Office Supplies,West,4,6,23,44,21
10/30/2017,Geemarc AmpliPOWER60,Technology,West,66,2,132,148,17
10/30/2017,"""While you Were Out"" Message Book, One Form per Page",Office Supplies,West,2,2,4,7,4
10/30/2017,"Global Leather Task Chair, Black",Furniture,West,73,1,73,72,1
10/30/2017,4009 Highlighters by Sanford,Office Supplies,West,3,5,13,20,7
10/30/2017,"Acco 7-Outlet Masterpiece Power Center, Wihtout Fax/Phone Line Protection",Office Supplies,West,85,14,1191,1702,511
1/30/2015,Rediform Voice Mail Log Books,Office Supplies,Central,2,6,9,14,5
9/8/2017,BoxOffice By Design Rectangular and Half-Moon Meeting Room Tables,Furniture,Central,190,7,1332,766,567
10/7/2017,O'Sullivan Manor Hill 2-Door Library in Brianna Oak,Furniture,West,161,2,322,308,14
4/30/2016,Tuff Stuff Recycled Round Ring Binders,Office Supplies,East,2,2,5,8,3
5/19/2016,Belkin Premiere Surge Master II 8-outlet surge protector,Office Supplies,East,34,5,172,243,70
5/19/2016,Safco Industrial Wire Shelving System,Office Supplies,East,91,5,455,455,0
5/19/2016,Nu-Dell Float Frame 11 x 14 1/2,Furniture,East,5,4,21,36,15
5/19/2016,"DAX Value U-Channel Document Frames, Easel Back",Furniture,East,3,8,27,40,12
5/19/2016,Recycled Easel Ring Binders,Office Supplies,East,8,4,33,48,15
12/20/2015,Apple iPhone 5C,Technology,Central,74,2,148,160,12
12/20/2015,Logitech G600 MMO Gaming Mouse,Technology,Central,51,4,205,256,51
12/20/2015,"Sauder Facets Collection Library, Sky Alder Finish",Furniture,Central,144,3,431,359,72
12/19/2015,Avanti 4.4 Cu. Ft. Refrigerator,Office Supplies,East,130,3,391,434,43
12/19/2015,Hoover Replacement Belt for Commercial Guardsman Heavy-Duty Upright Vacuum,Office Supplies,East,2,2,3,4,0
12/19/2015,Fellowes Advanced 8 Outlet Surge Suppressor with Phone/Fax Protection,Office Supplies,East,20,4,81,89,8
4/29/2017,"SAFCO PlanMaster Heigh-Adjustable Drafting Table Base, 43w x 30d x 30-37h, Black",Furniture,East,224,5,1118,1048,70
2/7/2016,Micro Innovations USB RF Wireless Keyboard with Mouse,Technology,South,20,4,79,100,21
2/7/2016,Permanent Self-Adhesive File Folder Labels for Typewriters by Universal,Office Supplies,South,1,3,4,8,4
9/28/2014,White GlueTop Scratch Pads,Office Supplies,South,8,8,65,96,31
9/28/2014,Xerox 195,Office Supplies,South,3,2,7,11,4
7/10/2016,"Fellowes Strictly Business Drawer File, Letter/Legal Size",Office Supplies,Central,124,3,372,338,34
7/10/2016,Boston Heavy-Duty Trimline Electric Pencil Sharpeners,Office Supplies,Central,34,4,137,154,17
7/29/2017,Holmes HEPA Air Purifier,Office Supplies,South,14,2,28,35,7
7/29/2017,Samsung Replacement EH64AVFWE Premium Headset,Technology,South,4,5,21,22,1
7/29/2017,Newell 322,Office Supplies,South,1,3,4,4,0
9/3/2015,Sterilite Officeware Hinged File Box,Office Supplies,West,8,3,23,31,8
9/3/2015,Kingston Digital DataTraveler 16GB USB 2.0,Technology,West,7,2,14,18,3
9/3/2015,"TRENDnet 56K USB 2.0 Phone, Internet and Fax Modem",Technology,West,17,5,83,129,47
8/9/2014,Avery 494,Office Supplies,West,1,8,11,21,10
10/30/2017,Xerox 231,Office Supplies,East,3,4,13,21,7
10/30/2017,"Stacking Tray, Side-Loading, Legal, Smoke",Furniture,East,3,2,6,7,1
10/30/2017,Eldon Shelf Savers Cubes and Bins,Office Supplies,East,7,2,14,11,3
10/30/2017,First Data FD10 PIN Pad,Technology,East,71,7,498,442,55
6/6/2014,Sanford Liquid Accent Highlighters,Office Supplies,East,4,2,8,13,5
8/13/2016,Acco Translucent Poly Ring Binders,Office Supplies,South,2,8,19,11,8
8/13/2016,Easy-staple paper,Office Supplies,South,2,3,7,10,3
4/25/2014,Xerox 1985,Office Supplies,Central,3,2,7,10,4
4/25/2014,12 Colored Short Pencils,Office Supplies,Central,2,3,6,6,1
11/22/2015,Hon 2111 Invitation Series Straight Table,Furniture,Central,120,2,239,207,33
10/14/2017,C-Line Cubicle Keepers Polyproplyene Holder With Velcro Backings,Furniture,West,3,2,6,9,4
12/2/2017,"Fellowes Mobile File Cart, Black",Office Supplies,West,45,9,409,560,151
12/2/2017,Xerox 1940,Office Supplies,West,28,2,56,110,54
12/2/2017,Xerox 1962,Office Supplies,West,2,2,5,9,4
12/8/2015,Xerox 1945,Office Supplies,Central,21,11,230,361,131
12/8/2015,Wilson Electronics DB Pro Signal Booster,Technology,Central,261,6,1568,1718,150
7/13/2015,Wilson Jones Heavy-Duty Casebound Ring Binders with Metal Hinges,Office Supplies,Central,18,6,108,42,67
5/11/2014,Logitech ClearChat Comfort/USB Headset H390,Technology,Central,20,2,39,47,8
1/5/2014,"Avery Hi-Liter EverBold Pen Style Fluorescent Highlighters, 4/Pack",Office Supplies,East,5,3,15,20,5
9/5/2015,"Sauder Camden County Barrister Bookcase, Planked Cherry Finish",Furniture,West,104,4,416,411,5
9/5/2015,"DXL Angle-View Binders with Locking Rings, Black",Office Supplies,West,3,6,19,29,10
9/5/2015,"Sauder Camden County Collection Libraries, Planked Cherry Finish",Furniture,West,105,3,314,293,21
8/4/2016,"Acme 10"" Easy Grip Assistive Scissors",Office Supplies,South,12,2,25,35,11
8/4/2016,Avery 476,Office Supplies,South,2,1,2,4,2
8/4/2016,Advantus Panel Wall Certificate Holder - 8.5x11,Furniture,South,7,9,64,110,46
8/4/2016,Avery 478,Office Supplies,South,3,2,5,10,5
3/22/2014,"C-Line Peel & Stick Add-On Filing Pockets, 8-3/4 x 5-1/8, 10/Pack",Office Supplies,South,3,4,14,8,6
3/22/2014,GBC Prestige Therm-A-Bind Covers,Office Supplies,South,18,5,91,51,39
3/2/2017,Staple remover,Office Supplies,Central,2,4,8,7,1
3/2/2017,Wilson Jones Leather-Like Binders with DublLock Round Rings,Office Supplies,Central,5,7,32,12,20
11/27/2016,"SAFCO Commercial Wire Shelving, 72h",Office Supplies,Central,61,2,122,98,24
11/27/2016,Memorex Micro Travel Drive 8 GB,Technology,Central,7,6,43,62,20
4/28/2014,"Acco Data Flex Cable Posts For Top & Bottom Load Binders, 6"" Capacity",Office Supplies,East,6,2,11,21,9
4/28/2014,Recycled Steel Personal File for Standard File Folders,Office Supplies,East,41,9,368,498,129
4/28/2014,Blackstonian Pencils,Office Supplies,East,2,2,4,5,1
4/28/2014,Avery 488,Office Supplies,East,2,1,2,3,2
11/24/2015,Xerox 1919,Office Supplies,West,21,9,188,369,181
11/24/2015,Prang Colored Pencils,Office Supplies,West,2,5,8,15,7
11/11/2016,Micropad Numeric Keypads,Technology,East,15,3,45,60,15
11/11/2016,Safco Steel Mobile File Cart,Office Supplies,East,63,1,63,83,21
7/9/2015,Tops Wirebound Message Log Books,Office Supplies,East,2,2,4,7,3
7/9/2015,"Wilson Jones Ledger-Size, Piano-Hinge Binder, 2"", Blue",Office Supplies,East,21,3,64,123,59
9/22/2017,Xerox 1940,Office Supplies,Central,28,4,112,220,108
9/22/2017,Logitech Desktop MK120 Mouse and keyboard Combo,Technology,Central,15,6,88,98,10
9/22/2017,ACCOHIDE Binder by Acco,Office Supplies,Central,2,8,18,33,16
9/22/2017,AT&T CL82213,Technology,Central,21,3,62,87,25
2/15/2015,Innergie mMini Combo Duo USB Travel Charging Kit,Technology,Central,23,3,70,135,65
2/15/2015,Samsung Galaxy S III - 16GB - pebble blue (T-Mobile),Technology,Central,252,2,504,700,196
2/15/2015,Maxell LTO Ultrium - 800 GB,Technology,Central,23,5,113,140,27
9/30/2014,Tops Green Bar Computer Printout Paper,Office Supplies,East,24,1,24,49,24
12/1/2014,Office Star - Professional Matrix Back Chair with 2-to-1 Synchro Tilt and Mesh Fabric Seat,Furniture,Central,267,8,2134,2808,674
12/1/2014,"Hunt BOSTON Vista Battery-Operated Pencil Sharpener, Black",Office Supplies,Central,9,4,34,47,13
12/8/2014,"Companion Letter/Legal File, Black",Office Supplies,Central,27,2,54,60,6
9/5/2016,Panasonic KP-380BK Classic Electric Pencil Sharpener,Office Supplies,Central,27,3,81,108,27
8/27/2017,Iris Project Case,Office Supplies,East,6,8,47,64,17
8/27/2017,GE 30522EE2,Technology,East,82,3,247,348,101
8/27/2017,DXL Angle-View Binders with Locking Rings by Samsill,Office Supplies,East,4,6,25,37,12
7/7/2016,"Howard Miller 11-1/2"" Diameter Grantwood Wall Clock",Furniture,West,28,5,142,216,73
8/8/2016,OIC Bulk Pack Metal Binder Clips,Office Supplies,Central,2,4,8,11,4
8/8/2016,"Ink Jet Note and Greeting Cards, 8-1/2"" x 5-1/2"" Card Size",Office Supplies,Central,12,3,36,54,18
11/13/2016,"Eldon Image Series Desk Accessories, Burgundy",Furniture,West,3,1,3,4,2
9/22/2017,Clear Mylar Reinforcing Strips,Office Supplies,East,10,1,10,6,4
9/22/2017,Martin Yale Chadless Opener Electric Letter Opener,Office Supplies,East,816,7,5713,4664,1049
9/22/2017,Logitech Wireless Marathon Mouse M705,Technology,East,28,2,57,80,23
12/25/2016,Samsung Galaxy Note 2,Technology,West,331,7,2318,2576,258
12/25/2016,Xerox 225,Office Supplies,West,3,7,24,45,22
12/25/2016,SanDisk Cruzer 64 GB USB Flash Drive,Technology,West,25,7,178,254,76
2/11/2016,Mediabridge Sport Armband iPhone 5s,Technology,Central,10,7,69,70,1
10/23/2016,DAX Cubicle Frames - 8x10,Furniture,Central,4,7,28,16,12
10/23/2016,Xerox 1929,Office Supplies,Central,12,3,37,55,18
6/9/2014,Bevis 44 x 96 Conference Tables,Furniture,South,171,7,1196,1441,245
11/20/2017,"Floodlight Indoor Halogen Bulbs, 1 Bulb per Pack, 60 Watts",Furniture,East,10,5,49,78,28
11/20/2017,"GE General Purpose, Extra Long Life, Showcase & Floodlight Incandescent Bulbs",Furniture,East,2,2,3,5,2
9/14/2015,KI Conference Tables,Furniture,West,60,3,179,170,9
6/4/2015,Avery 501,Office Supplies,West,2,2,4,7,3
6/4/2015,"Binney & Smith Crayola Metallic Colored Pencils, 8-Color Set",Office Supplies,West,3,2,6,9,3
12/13/2015,Avery 513,Office Supplies,West,3,2,5,10,5
5/25/2014,Harmony Air Purifier,Office Supplies,Central,121,2,242,76,166
5/25/2014,"Electrix Incandescent Magnifying Lamp, Black",Furniture,Central,27,2,54,29,24
2/16/2016,Honeywell Enviracaire Portable Air Cleaner for up to 8 x 10 Room,Office Supplies,Central,53,6,318,92,226
2/16/2016,Advantus Push Pins,Office Supplies,Central,1,4,5,7,2
2/16/2016,"Global Stack Chair with Arms, Black",Furniture,Central,22,3,66,63,3
2/16/2016,Xerox 206,Office Supplies,Central,3,1,3,5,2
12/22/2016,"Avery 3 1/2"" Diskette Storage Pages, 10/Pack",Office Supplies,West,6,10,56,31,25
12/22/2016,3M Hangers With Command Adhesive,Furniture,West,2,4,9,12,3
12/22/2016,"Seth Thomas 14"" Day/Date Wall Clock",Furniture,West,18,1,18,23,5
2/8/2016,Samsung Galaxy S4 Mini,Technology,South,334,3,1001,1128,127
7/13/2015,Xerox 1931,Office Supplies,South,3,6,20,39,19
5/18/2014,Apple iPhone 5,Technology,East,474,2,949,780,169
10/21/2017,Polycom VVX 310 VoIP phone,Technology,Central,133,8,1066,1440,374
10/21/2017,Bevis Boat-Shaped Conference Table,Furniture,Central,199,1,199,262,63
11/5/2015,Harbour Creations Steel Folding Chair,Furniture,South,60,3,181,207,26
8/1/2017,Bady BDG101FRU Card Printer,Technology,Central,568,3,1704,1440,264
8/1/2017,Xerox 1998,Office Supplies,Central,3,7,24,36,13
6/21/2014,Newell 341,Office Supplies,East,3,5,15,21,6
2/19/2017,Kensington 7 Outlet MasterPiece Power Center,Office Supplies,South,126,7,885,1246,361
8/1/2014,Self-Adhesive Address Labels for Typewriters by Universal,Office Supplies,South,4,3,12,18,6
8/1/2014,9-3/4 Diameter Round Wall Clock,Furniture,South,8,4,32,44,12
8/1/2014,Honeywell Quietcare HEPA Air Cleaner,Office Supplies,South,53,1,53,63,10
8/1/2014,Xerox 1916,Office Supplies,South,24,2,49,78,29
7/18/2016,Hon Olson Stacker Stools,Furniture,South,101,1,101,141,39
2/9/2015,Round Specialty Laser Printer Labels,Office Supplies,Central,7,4,27,40,14
2/9/2015,"Dana Fluorescent Magnifying Lamp, White, 36""",Furniture,Central,36,2,71,41,31
7/29/2017,Imation 8GB Mini TravelDrive USB 2.0 Flash Drive,Technology,West,26,3,79,91,12
1/12/2017,Xerox 195,Office Supplies,East,3,6,21,40,19
1/12/2017,Flat Face Poster Frame,Furniture,East,11,2,22,38,16
9/10/2017,DMI Arturo Collection Mission-style Design Wood Chair,Furniture,West,112,3,335,362,27
9/10/2017,Avery Non-Stick Binders,Office Supplies,West,2,2,5,7,2
7/20/2015,"Multi-Use Personal File Cart and Caster Set, Three Stacking Bins",Office Supplies,Central,25,1,25,35,10
7/20/2015,Imation Bio 8GB USB Flash Drive Imation Corp,Technology,Central,141,5,707,831,125
7/20/2015,Xerox 1981,Office Supplies,Central,3,5,15,26,12
7/20/2015,"White Envelopes, White Envelopes with Clear Poly Window",Office Supplies,Central,8,7,58,107,49
7/20/2015,Tops White Computer Printout Paper,Office Supplies,Central,26,2,52,98,46
7/20/2015,Eldon Portable Mobile Manager,Office Supplies,Central,21,5,103,141,38
6/13/2014,Staples in misc. colors,Office Supplies,West,3,3,10,15,5
5/12/2017,Fellowes Bankers Box Stor/Drawer Steel Plus,Office Supplies,Central,29,5,144,128,16
5/12/2017,"Wilson Jones Elliptical Ring 3 1/2"" Capacity Binders, 800 sheets",Office Supplies,Central,22,4,87,34,53
9/3/2015,"Holmes Replacement Filter for HEPA Air Cleaner, Very Large Room, HEPA Filter",Office Supplies,East,39,2,77,138,61
9/3/2015,Classic Ivory Antique Telephone ZL1810,Technology,East,75,1,75,100,25
3/26/2017,"Sauder Forest Hills Library with Doors, Woodland Oak Finish",Furniture,East,143,2,287,258,29
3/26/2017,Nokia Lumia 521 (T-Mobile),Technology,East,22,4,86,120,34
11/12/2014,"Personal Filing Tote with Lid, Black/Gray",Office Supplies,Central,11,4,45,50,5
10/13/2016,Hon 5100 Series Wood Tables,Furniture,West,239,5,1193,727,466
10/13/2016,"Executive Impressions 8-1/2"" Career Panel/Partition Cubicle Clock",Furniture,West,7,3,21,25,4
11/12/2017,Jabra SPEAK 410 Multidevice Speakerphone,Technology,East,154,3,463,371,93
4/15/2017,"Howard Miller 12"" Round Wall Clock",Furniture,West,25,5,126,196,71
6/25/2015,Xerox 211,Office Supplies,East,3,6,20,31,11
6/25/2015,Tennsco Industrial Shelving,Office Supplies,East,48,2,96,78,18
8/26/2016,Xerox 1931,Office Supplies,West,3,1,3,6,3
7/21/2014,Newell 334,Office Supplies,West,15,5,73,99,26
7/21/2014,Global Troy Executive Leather Low-Back Tilter,Furniture,West,376,2,751,802,50
7/21/2014,"Hon 30"" x 60"" Table with Locking Drawer",Furniture,West,246,1,246,273,27
11/21/2017,Safco Drafting Table,Furniture,West,50,1,50,71,21
6/4/2014,Easy-staple paper,Office Supplies,East,5,2,10,16,6
3/10/2016,O'Sullivan Living Dimensions 5-Shelf Bookcases,Furniture,East,199,1,199,177,22
3/25/2017,Panasonic KX-TG9471B,Technology,Central,141,3,423,470,47
12/29/2017,"Global High-Back Leather Tilter, Burgundy",Furniture,West,109,4,438,394,44
12/29/2017,Adtran 1202752G1,Technology,West,93,3,280,302,23
3/28/2017,Canvas Sectional Post Binders,Office Supplies,South,13,9,117,69,48
3/5/2015,Staple envelope,Office Supplies,East,5,3,15,29,15
3/5/2015,"Global Value Mid-Back Manager's Chair, Gray",Furniture,East,46,7,320,384,64
3/5/2015,"Fellowes Strictly Business Drawer File, Letter/Legal Size",Office Supplies,East,124,4,496,563,68
11/13/2016,White Computer Printout Paper by Universal,Office Supplies,East,20,7,138,217,79
1/19/2017,Avery 510,Office Supplies,Central,2,2,4,6,2
4/22/2016,Ultra Door Pull Handle,Furniture,West,7,3,21,32,10
5/13/2014,Staples,Office Supplies,South,2,2,5,7,2
5/13/2014,GBC DocuBind P100 Manual Binding Machine,Office Supplies,South,91,8,730,398,332
10/21/2014,Fellowes Superior 10 Outlet Split Surge Protector,Office Supplies,East,27,4,108,122,14
10/21/2014,"Hon Practical Foundations 30 x 60 Training Table, Light Gray/Charcoal",Furniture,East,177,3,532,410,123
3/14/2014,Xerox 1972,Office Supplies,West,3,2,6,11,5
3/14/2014,Avery Hi-Liter Fluorescent Desk Style Markers,Office Supplies,West,2,1,2,3,1
12/22/2017,Staple envelope,Office Supplies,South,5,1,5,8,3
11/24/2016,"IBM Multi-Purpose Copy Paper, 8 1/2 x 11"", Case",Office Supplies,West,17,1,17,25,8
12/2/2017,Newell 309,Office Supplies,South,8,3,24,35,10
12/31/2015,Ibico Hi-Tech Manual Binding System,Office Supplies,West,168,2,335,488,152
10/3/2017,GBC DocuBind TL300 Electric Binding System,Office Supplies,Central,475,2,951,1794,843
8/29/2014,Jiffy Padded Mailers with Self-Seal Closure,Office Supplies,South,10,2,19,30,11
8/29/2014,GBC DocuBind 200 Manual Binding Machine,Office Supplies,South,210,4,842,505,337
8/29/2014,Balt Solid Wood Rectangular Table,Furniture,South,95,3,285,174,111
6/29/2016,Fellowes Bankers Box Stor/Drawer Steel Plus,Office Supplies,South,29,6,173,192,19
8/20/2016,"SKILCRAFT Telephone Shoulder Rest, 2"" x 6.5"" x 2.5"", Black",Technology,Central,5,2,11,15,4
10/21/2017,Xerox 218,Office Supplies,West,3,1,3,5,2
10/21/2017,Global Comet Stacking Armless Chair,Furniture,West,215,2,431,478,48
10/21/2017,Memorex Froggy Flash Drive 8 GB,Technology,West,11,2,22,28,7
10/21/2017,SAFCO Boltless Steel Shelving,Office Supplies,Central,113,8,900,909,9
5/17/2016,Pressboard Hanging Data Binders for Unburst Sheets,Office Supplies,South,3,2,5,3,2
5/17/2016,"GBC Prepunched Paper, 19-Hole, for Binding Systems, 24-lb",Office Supplies,South,8,6,49,27,22
2/3/2015,Hand-Finished Solid Wood Document Frame,Furniture,West,24,4,96,137,41
12/18/2017,"DAX Charcoal/Nickel-Tone Document Frame, 5 x 7",Furniture,East,5,2,10,19,9
11/15/2016,Imation 16GB Mini TravelDrive USB 2.0 Flash Drive,Technology,West,20,3,59,99,41
7/3/2017,Xerox 1891,Office Supplies,Central,26,7,181,274,92
7/3/2017,Hewlett-Packard Deskjet 5550 Printer,Technology,Central,182,3,547,597,50
1/15/2014,Logitech 910-002974 M325 Wireless Mouse for Web Scrolling,Technology,South,17,5,84,150,66
4/30/2017,Avery 474,Office Supplies,South,1,2,3,5,2
4/30/2017,Staples in misc. colors,Office Supplies,South,4,3,11,16,5
4/30/2017,Avery 499,Office Supplies,South,3,3,8,12,4
11/8/2015,American Pencil,Office Supplies,East,2,5,8,12,3
10/30/2015,Panasonic KX T7736-B Digital phone,Technology,Central,112,2,225,300,75
8/17/2017,GBC DocuBind TL200 Manual Binding Machine,Office Supplies,East,119,5,594,896,302
8/17/2017,Global Commerce Series Low-Back Swivel/Tilt Chairs,Furniture,East,182,2,365,463,98
10/3/2015,Staple magnet,Office Supplies,East,7,2,14,15,2
7/8/2016,Cisco SPA 502G IP Phone,Technology,Central,84,9,756,864,108
7/8/2016,Newell 345,Office Supplies,Central,15,3,44,48,4
12/5/2017,Xerox 1960,Office Supplies,West,17,3,51,93,42
3/9/2017,Logitech Wireless Headset h800,Technology,West,65,2,130,200,70
6/9/2016,Avaya 4621SW VoIP phone,Technology,West,53,3,158,177,20
11/28/2017,"Eaton Premium Continuous-Feed Paper, 25% Cotton, Letter Size, White, 1000 Shts/Box",Office Supplies,West,29,2,58,89,31
3/16/2017,Xerox 214,Office Supplies,West,3,1,3,6,3
3/16/2017,Safco Commercial Shelving,Office Supplies,West,45,1,45,47,2
3/16/2017,Mitel MiVoice 5330e IP Phone,Technology,West,203,3,610,660,49
11/27/2016,Motorola Moto X,Technology,West,248,1,248,272,24
8/6/2017,O'Sullivan 2-Shelf Heavy-Duty Bookcases,Furniture,South,41,3,122,146,23
8/6/2017,Longer-Life Soft White Bulbs,Furniture,South,2,5,8,15,7
11/27/2017,Tops White Computer Printout Paper,Office Supplies,West,26,5,130,245,115
11/27/2017,Enermax Briskie RF Wireless Keyboard and Mouse Combo,Technology,West,13,8,106,166,60
5/25/2015,Ultra Door Push Plate,Furniture,West,3,3,10,15,5
7/8/2016,GBC Twin Loop Wire Binding Elements,Office Supplies,West,17,2,33,20,13
7/8/2016,"Perma STOR-ALL Hanging File Box, 13 1/8""W x 12 1/4""D x 10 1/2""H",Office Supplies,West,5,7,35,33,1
7/8/2016,Wilson Jones Active Use Binders,Office Supplies,West,4,4,15,9,6
7/8/2016,SAFCO Arco Folding Chair,Furniture,West,196,3,588,663,75
8/29/2017,Avery 505,Office Supplies,Central,7,4,30,47,18
8/29/2017,Advantus Rolling Storage Box,Office Supplies,Central,13,2,25,27,2
8/29/2017,Wilson Jones Easy Flow II Sheet Lifters,Office Supplies,Central,1,9,8,3,5
6/20/2016,Logitech Trackman Marble Mouse,Technology,Central,17,4,70,96,26
6/20/2016,Xerox 206,Office Supplies,Central,3,2,7,10,4
9/2/2017,Newell 324,Office Supplies,East,8,2,17,23,6
9/2/2017,DAX Cubicle Frames - 8x10,Furniture,East,4,2,8,12,3
9/2/2017,Bush Advantage Collection Racetrack Conference Table,Furniture,East,348,1,348,255,93
9/2/2017,Fellowes Basic Home/Office Series Surge Protectors,Office Supplies,East,9,1,9,13,4
9/2/2017,"ACCOHIDE 3-Ring Binder, Blue, 1""",Office Supplies,East,2,8,18,26,9
9/2/2017,Cisco SPA508G,Technology,East,47,3,141,198,57
9/2/2017,Avery 518,Office Supplies,East,2,6,10,19,9
9/2/2017,Global Commerce Series High-Back Swivel/Tilt Chairs,Furniture,East,214,5,1069,1282,214
9/2/2017,BIC Brite Liner Grip Highlighters,Office Supplies,East,1,3,3,5,2
9/2/2017,WD My Passport Ultra 2TB Portable External Hard Drive,Technology,East,100,2,200,238,38
9/2/2017,Sony Micro Vault Click 16 GB USB 2.0 Flash Drive,Technology,East,43,3,128,168,40
9/2/2017,Xerox 1962,Office Supplies,East,2,4,9,17,8
9/10/2017,3M Organizer Strips,Office Supplies,Central,3,3,8,16,8
9/10/2017,"Holmes Replacement Filter for HEPA Air Cleaner, Medium Room",Office Supplies,Central,6,3,19,34,15
9/10/2017,Logitech G105 Gaming Keyboard,Technology,Central,49,5,243,297,53
9/10/2017,Imation Clip USB flash drive - 8 GB,Technology,Central,18,6,106,113,7
9/10/2017,Newell 3-Hole Punched Plastic Slotted Magazine Holders for Binders,Office Supplies,Central,2,3,7,14,7
9/10/2017,Xerox 1970,Office Supplies,Central,3,5,13,25,12
9/10/2017,Fellowes Stor/Drawer Steel Plus Storage Drawers,Office Supplies,Central,90,3,269,286,17
9/10/2017,Acco 6 Outlet Guardian Standard Surge Suppressor,Office Supplies,Central,8,2,17,24,7
12/21/2017,Jabra SPEAK 410,Technology,East,68,3,203,282,79
12/21/2017,"Acme Hot Forged Carbon Steel Scissors with Nickel-Plated Handles, 3 7/8"" Cut, 8""L",Office Supplies,East,10,5,49,70,20
12/21/2017,Xerox 1913,Office Supplies,East,29,3,87,166,80
9/23/2017,Imation Secure+ Hardware Encrypted USB 2.0 Flash Drive; 16GB,Technology,Central,47,4,190,292,102
5/6/2017,Blackstonian Pencils,Office Supplies,Central,2,3,6,6,1
5/6/2017,Imation Secure+ Hardware Encrypted USB 2.0 Flash Drive; 16GB,Technology,Central,47,7,332,409,77
12/14/2014,Avery Heavy-Duty EZD View Binder with Locking Rings,Office Supplies,Central,3,4,14,5,9
12/14/2014,Assorted Color Push Pins,Office Supplies,Central,1,2,2,3,0
12/14/2014,Belkin Standard 104 key USB Keyboard,Technology,Central,12,3,37,35,2
10/18/2014,"Gould Plastics 18-Pocket Panel Bin, 34w x 5-1/4d x 20-1/2h",Office Supplies,South,88,3,265,276,11
10/18/2014,Avaya IP Phone 1140E VoIP phone,Technology,South,206,5,1032,1395,363
10/18/2014,"Global Wood Trimmed Manager's Task Chair, Khaki",Furniture,South,79,6,475,546,71
5/8/2015,Newell 321,Office Supplies,West,2,2,5,5,1
4/14/2016,Hon 4070 Series Pagoda Armless Upholstered Stacking Chairs,Furniture,West,207,4,829,934,105
4/14/2016,"Fellowes Personal Hanging Folder Files, Navy",Office Supplies,West,10,4,39,43,4
12/14/2015,3-ring staple pack,Office Supplies,South,1,2,2,4,2
12/3/2014,Jabra Supreme Plus Driver Edition Headset,Technology,Central,86,4,346,480,134
11/25/2014,Belkin F9G930V10-GRY 9 Outlet Surge,Office Supplies,West,38,6,228,321,93
11/25/2014,Staple-based wall hangings,Furniture,West,4,3,13,24,11
11/25/2014,"Wirebound Message Books, Four 2 3/4 x 5 White Forms per Page",Office Supplies,West,4,4,14,27,12
7/25/2016,Hewlett Packard LaserJet 3310 Copier,Technology,East,312,4,1248,1440,192
11/9/2015,Binder Posts,Office Supplies,Central,3,3,9,17,8
11/9/2015,Bevis Round Conference Table Top & Single Column Base,Furniture,Central,116,7,809,1024,215
11/9/2015,"#10- 4 1/8"" x 9 1/2"" Recycled Envelopes",Office Supplies,Central,5,3,14,26,12
11/9/2015,Xerox 1978,Office Supplies,Central,3,3,9,17,8
2/24/2017,"ACCOHIDE 3-Ring Binder, Blue, 1""",Office Supplies,East,2,4,9,5,4
6/25/2017,Alphabetical Labels for Top Tab Filing,Office Supplies,West,7,6,44,71,27
6/25/2017,"Eldon Spacemaker Box, Quick-Snap Lid, Clear",Office Supplies,West,2,2,5,5,1
6/25/2017,Plymouth Boxed Rubber Bands by Plymouth,Office Supplies,West,4,3,13,11,2
12/2/2017,3.6 Cubic Foot Counter Height Office Refrigerator,Office Supplies,Central,212,5,1061,295,766
12/2/2017,Advantus Panel Wall Acrylic Frame,Furniture,Central,3,4,12,9,4
2/6/2014,Avery 480,Office Supplies,South,2,4,8,15,7
2/6/2014,Aastra 57i VoIP phone,Technology,South,120,1,120,162,42
2/6/2014,AT&T CL82213,Technology,South,21,5,103,145,42
4/11/2017,SanDisk Ultra 64 GB MicroSDHC Class 10 Memory Card,Technology,West,36,5,178,200,22
4/11/2017,"Dixon Ticonderoga Erasable Colored Pencil Set, 12-Color",Office Supplies,West,4,7,28,42,14
12/25/2017,Fellowes Bankers Box Stor/Drawer Steel Plus,Office Supplies,South,29,3,86,96,10
12/25/2017,"Global Value Mid-Back Manager's Chair, Gray",Furniture,South,46,5,228,304,76
4/11/2017,Flexible Leather- Look Classic Collection Ring Binder,Office Supplies,Central,9,3,28,11,17
12/31/2014,"BIC Brite Liner Grip Highlighters, Assorted, 5/Pack",Office Supplies,Central,3,7,18,30,12
12/31/2014,Sabrent 4-Port USB 2.0 Hub,Technology,Central,4,7,31,48,16
8/3/2017,"O'Sullivan Elevations Bookcase, Cherry Finish",Furniture,Central,110,2,220,183,37
11/15/2014,Newell 310,Office Supplies,South,1,3,4,4,0
11/15/2014,"1.7 Cubic Foot Compact ""Cube"" Office Refrigerators",Office Supplies,South,152,2,304,333,29
11/15/2014,"Southworth 100% Résumé Paper, 24lb.",Office Supplies,South,4,4,17,25,8
12/11/2015,Logitech Wireless Performance Mouse MX for PC and Mac,Technology,Central,62,2,124,160,36
12/11/2015,Eldon ProFile File 'N Store Portable File Tub Letter/Legal Size Black,Office Supplies,Central,14,3,42,46,5
9/18/2016,Office Star - Professional Matrix Back Chair with 2-to-1 Synchro Tilt and Mesh Fabric Seat,Furniture,South,267,1,267,351,84
9/18/2016,Southworth Parchment Paper & Envelopes,Office Supplies,South,4,2,7,13,6
9/18/2016,Tennsco Double-Tier Lockers,Office Supplies,South,196,4,783,900,117
3/19/2015,GBC Imprintable Covers,Office Supplies,West,6,2,11,18,6
3/19/2015,Self-Adhesive Address Labels for Typewriters by Universal,Office Supplies,West,4,2,8,15,7
3/19/2015,Acme Elite Stainless Steel Scissors,Office Supplies,West,6,4,25,33,9
3/19/2015,"Wirebound Message Books, 5-1/2 x 4 Forms, 2 or 4 Forms per Page",Office Supplies,West,3,6,20,40,20
9/19/2016,"Hot File 7-Pocket, Floor Stand",Office Supplies,East,125,9,1124,1606,482
9/19/2016,"Adams Telephone Message Book W/Dividers/Space For Phone Numbers, 5 1/4""X8 1/2"", 200/Messages",Office Supplies,East,3,3,9,17,8
9/19/2016,JM Magazine Binder,Office Supplies,East,9,3,26,50,24
9/19/2016,"Lifetime Advantage Folding Chairs, 4/Carton",Furniture,East,157,4,628,872,244
8/20/2017,GBC Recycled Regency Composition Covers,Office Supplies,West,32,5,161,239,78
3/13/2015,"Safco Value Mate Series Steel Bookcases, Baked Enamel Finish on Steel, Gray",Furniture,West,51,2,102,142,40
9/8/2016,"Square Ring Data Binders, Rigid 75 Pt. Covers, 11"" x 14-7/8""",Office Supplies,West,11,2,21,33,12
9/8/2016,Premium Transparent Presentation Covers by GBC,Office Supplies,West,11,4,44,67,23
11/26/2015,"Pressboard Covers with Storage Hooks, 9 1/2"" x 11"", Light Blue",Office Supplies,East,3,3,8,15,7
11/26/2015,"Tennsco Lockers, Sand",Office Supplies,East,16,5,80,105,25
11/26/2015,Aluminum Screw Posts,Office Supplies,East,8,4,31,61,31
11/26/2015,Loose Memo Sheets,Office Supplies,East,2,3,6,11,5
12/9/2016,Things To Do Today Pad,Office Supplies,Central,3,2,6,9,3
12/9/2016,"Hunt BOSTON Vista Battery-Operated Pencil Sharpener, Black",Office Supplies,Central,9,1,9,9,1
9/25/2017,ACCOHIDE Binder by Acco,Office Supplies,Central,2,2,4,8,4
9/25/2017,"Global Leather Task Chair, Black",Furniture,Central,73,3,219,270,51
1/23/2015,"Wirebound Service Call Books, 5 1/2"" x 4""",Office Supplies,West,5,3,15,29,14
1/23/2015,Avery 500,Office Supplies,West,4,2,8,15,7
6/18/2015,Xerox 1922,Office Supplies,West,3,3,8,12,4
6/18/2015,Peel & Stick Add-On Corner Pockets,Office Supplies,West,1,7,8,5,3
6/18/2015,Aluminum Screw Posts,Office Supplies,West,8,2,15,9,6
6/18/2015,Flat Face Poster Frame,Furniture,West,11,5,55,75,21
10/2/2015,GBC Personal VeloBind Strips,Office Supplies,West,6,6,37,58,20
11/18/2017,BIC Liqua Brite Liner,Office Supplies,East,4,7,31,39,8
8/17/2014,Xerox 203,Office Supplies,Central,3,3,10,16,5
7/17/2016,Kensington 4 Outlet MasterPiece Compact Power Control Center,Office Supplies,East,59,2,117,163,46
7/17/2016,Bose SoundLink Bluetooth Speaker,Technology,East,105,3,316,597,281
7/17/2016,"Eaton Premium Continuous-Feed Paper, 25% Cotton, Letter Size, White, 1000 Shts/Box",Office Supplies,East,29,1,29,55,27
7/11/2015,"Howard Miller 13-3/4"" Diameter Brushed Chrome Round Wall Clock",Furniture,East,36,7,254,290,36
7/11/2015,Acco Suede Grain Vinyl Round Ring Binder,Office Supplies,East,2,3,5,3,2
7/11/2015,3M Organizer Strips,Office Supplies,East,3,4,11,6,5
7/11/2015,Novimex Fabric Task Chair,Furniture,East,52,8,415,341,73
7/11/2015,Newell 333,Office Supplies,East,2,5,10,11,1
7/11/2015,"Master Big Foot Doorstop, Beige",Furniture,East,4,6,22,25,3
12/1/2016,DAX Cubicle Frames - 8x10,Furniture,Central,4,3,12,17,5
12/22/2017,Microsoft Wireless Mobile Mouse 4000,Technology,Central,27,5,136,200,64
12/22/2017,Hon GuestStacker Chair,Furniture,Central,168,7,1174,1587,413
12/22/2017,Logitech Gaming G510s - Keyboard,Technology,Central,54,1,54,85,31
12/22/2017,Bevis 44 x 96 Conference Tables,Furniture,Central,171,2,342,412,70
10/31/2014,Staples,Office Supplies,West,2,3,6,11,5
10/31/2014,"Letter/Legal File Tote with Clear Snap-On Lid, Black Granite",Office Supplies,West,12,5,59,80,21
10/31/2014,"Avery Framed View Binder, EZD Ring (Locking), Navy, 1 1/2""",Office Supplies,West,5,2,11,16,5
10/31/2014,Xerox 1952,Office Supplies,West,3,13,34,65,30
10/31/2014,"Fellowes Twister Kit, Gray/Clear, 3/pkg",Office Supplies,West,4,3,13,19,6
10/31/2014,Tennsco Regal Shelving Units,Office Supplies,West,98,4,393,406,12
10/31/2014,Novimex Fabric Task Chair,Furniture,West,52,3,155,146,9
10/31/2014,Maxell LTO Ultrium - 800 GB,Technology,West,23,9,204,252,48
10/31/2014,Newell 325,Office Supplies,West,3,3,9,12,4
4/13/2015,Plantronics Audio 478 Stereo USB Headset,Technology,West,32,4,130,200,70
4/13/2015,Hon 94000 Series Round Tables,Furniture,West,270,3,809,711,98
7/21/2016,GBC Instant Report Kit,Office Supplies,East,3,1,3,2,1
11/20/2017,Novimex High-Tech Fabric Mesh Task Chair,Furniture,West,66,5,330,284,46
11/26/2016,Newell 3-Hole Punched Plastic Slotted Magazine Holders for Binders,Office Supplies,West,2,2,5,7,3
11/7/2017,Anker Ultra-Slim Mini Bluetooth 3.0 Wireless Keyboard,Technology,West,15,3,46,60,14
11/7/2017,"Plantronics CS 50-USB - headset - Convertible, Monaural",Technology,West,99,7,695,762,67
12/1/2014,"Floodlight Indoor Halogen Bulbs, 1 Bulb per Pack, 60 Watts",Furniture,West,10,3,30,58,29
9/12/2017,"Adams Telephone Message Book w/Frequently-Called Numbers Space, 400 Messages per Book",Office Supplies,East,4,5,20,40,20
9/12/2017,Fellowes Basic Home/Office Series Surge Protectors,Office Supplies,East,9,7,65,91,26
9/12/2017,Xerox 1939,Office Supplies,East,10,5,49,95,46
12/24/2015,Computer Printout Paper with Letter-Trim Perforations,Office Supplies,West,10,7,69,106,37
12/24/2015,ClearSounds CSC500 Amplified Spirit Phone Corded phone,Technology,West,50,2,101,112,11
12/24/2015,Magna Visual Magnetic Picture Hangers,Furniture,West,3,2,6,8,2
2/23/2017,"Ampad Phone Message Book, Recycled, 400 Message Capacity, 5 ¾” x 11”",Office Supplies,West,3,6,21,37,17
11/23/2014,Alphabetical Labels for Top Tab Filing,Office Supplies,Central,7,2,15,24,9
6/23/2016,"Avery 4027 File Folder Labels for Dot Matrix Printers, 5000 Labels per Box, White",Office Supplies,East,16,4,66,122,56
6/23/2016,Avery 52,Office Supplies,East,2,5,10,18,9
6/23/2016,Fellowes Bankers Box Staxonsteel Drawer File/Stacking System,Office Supplies,East,57,5,286,325,39
6/23/2016,Tops White Computer Printout Paper,Office Supplies,East,26,3,78,147,69
6/23/2016,Translucent Push Pins by OIC,Office Supplies,East,1,2,2,4,1
10/26/2015,Avery 507,Office Supplies,West,2,2,3,6,3
7/15/2017,GBC Standard Plastic Binding Systems Combs,Office Supplies,East,5,3,14,27,13
7/15/2017,Hon 2111 Invitation Series Straight Table,Furniture,East,120,3,359,310,49
11/17/2014,Global Super Steno Chair,Furniture,Central,80,5,398,480,82
4/13/2015,Martin-Yale Premier Letter Opener,Office Supplies,West,12,1,12,13,0
11/25/2015,Newell 349,Office Supplies,South,2,5,12,13,1
5/15/2016,GBC DocuBind P50 Personal Binding Machine,Office Supplies,South,34,8,271,512,241
5/15/2016,Boston KS Multi-Size Manual Pencil Sharpener,Office Supplies,South,17,4,66,92,26
5/15/2016,Newell 344,Office Supplies,South,2,3,6,8,2
9/7/2017,Hanging Personal Folder File,Office Supplies,West,12,3,35,38,2
9/7/2017,Logitech Wireless Marathon Mouse M705,Technology,West,28,7,199,280,80
3/10/2014,Tennsco 6- and 18-Compartment Lockers,Office Supplies,West,217,3,652,636,16
3/10/2014,"BOSTON Ranger #55 Pencil Sharpener, Black",Office Supplies,West,18,4,74,83,9
7/18/2014,Office Star - Ergonomically Designed Knee Chair,Furniture,West,71,4,285,259,26
3/24/2017,Xerox 1888,Office Supplies,East,29,4,115,222,107
3/24/2017,Memorex Micro Travel Drive 8 GB,Technology,East,7,2,14,26,12
9/30/2014,Xerox 217,Office Supplies,South,3,3,10,16,5
9/26/2014,Acco 3-Hole Punch,Office Supplies,Central,2,1,2,1,1
10/31/2015,Xerox 191,Office Supplies,West,11,1,11,20,9
10/31/2015,GBC DocuBind P100 Manual Binding Machine,Office Supplies,West,91,3,274,398,124
10/31/2015,Newell 308,Office Supplies,West,1,3,4,5,1
10/31/2015,OIC Bulk Pack Metal Binder Clips,Office Supplies,West,2,5,9,17,8
10/31/2015,"Global Fabric Manager's Chair, Dark Gray",Furniture,West,76,4,303,323,20
10/31/2015,Acme Tagit Stainless Steel Antibacterial Scissors,Office Supplies,West,7,3,22,30,8
10/31/2015,Polycom SoundStation2 EX Conference phone,Technology,West,288,4,1150,1296,146
10/31/2015,Mobile Personal File Cube,Office Supplies,West,17,2,34,47,13
10/31/2015,DMI Eclipse Executive Suite Bookcases,Furniture,West,406,1,406,426,20
10/12/2015,"SAFCO PlanMaster Heigh-Adjustable Drafting Table Base, 43w x 30d x 30-37h, Black",Furniture,East,224,1,224,210,14
9/19/2016,"Xerox Color Copier Paper, 11"" x 17"", Ream",Office Supplies,West,12,7,86,160,74
4/13/2017,Xerox 4200 Series MultiUse Premium Copy Paper (20Lb. and 84 Bright),Office Supplies,West,3,1,3,5,2
4/13/2017,GBC DocuBind TL200 Manual Binding Machine,Office Supplies,West,119,5,594,896,302
1/7/2017,Zipper Ring Binder Pockets,Office Supplies,South,2,3,5,3,2
11/9/2017,"Global Leather Task Chair, Black",Furniture,West,73,3,219,216,3
9/22/2017,O'Sullivan 4-Shelf Bookcase in Odessa Pine,Furniture,Central,100,2,201,242,41
9/22/2017,Avery 511,Office Supplies,Central,2,9,14,28,13
12/1/2017,Quality Park Security Envelopes,Office Supplies,East,14,5,69,105,35
12/1/2017,"Belkin SportFit Armband For iPhone 5s/5c, Fuchsia",Technology,East,8,7,54,63,9
6/23/2014,Sony 64GB Class 10 Micro SDHC R40 Memory Card,Technology,East,28,3,85,86,1
10/4/2015,"DataProducts Ampli Magnifier Task Lamp, Black,",Furniture,East,19,3,58,65,6
10/4/2015,Xerox 1946,Office Supplies,East,3,4,13,21,7
5/20/2014,Acco 6 Outlet Guardian Basic Surge Suppressor,Office Supplies,East,6,4,24,33,9
5/20/2014,"Sanford Colorific Scented Colored Pencils, 12/Pack",Office Supplies,East,3,9,27,39,12
5/20/2014,24-Hour Round Wall Clock,Furniture,East,11,7,80,140,60
11/20/2015,"Message Book, Phone, Wirebound Standard Line Memo, 2 3/4"" X 5""",Office Supplies,East,4,3,11,20,9
11/30/2015,Fellowes PB200 Plastic Comb Binding Machine,Office Supplies,East,92,3,275,153,122
11/30/2015,Revere Boxed Rubber Bands by Revere,Office Supplies,East,2,7,13,11,2
11/30/2015,Motorla HX550 Universal Bluetooth Headset,Technology,East,20,4,79,95,16
12/31/2015,"Eldon Expressions Wood Desk Accessories, Oak",Furniture,Central,5,5,26,15,11
12/31/2015,Newell 3-Hole Punched Plastic Slotted Magazine Holders for Binders,Office Supplies,Central,2,4,10,4,6
11/16/2017,Tops Green Bar Computer Printout Paper,Office Supplies,East,24,3,73,147,73
6/6/2014,Wilson Jones Century Plastic Molded Ring Binders,Office Supplies,East,11,9,99,150,50
6/6/2014,Acme Office Executive Series Stainless Steel Trimmers,Office Supplies,East,6,2,13,17,4
6/6/2014,"Chromcraft Bull-Nose Wood 48"" x 96"" Rectangular Conference Tables",Furniture,East,446,3,1339,992,347
9/1/2016,"Telephone Message Books with Fax/Mobile Section, 5 1/2"" x 3 3/16""",Office Supplies,East,3,6,21,30,10
9/1/2016,Anker 36W 4-Port USB Wall Charger Travel Power Adapter for iPhone 5s 5c 5,Technology,East,14,2,29,24,5
9/1/2016,Staples,Office Supplies,East,2,7,11,17,5
6/25/2016,"Global Leather Highback Executive Chair with Pneumatic Height Adjustment, Black",Furniture,East,147,3,440,422,18
6/25/2016,GBC Wire Binding Strips,Office Supplies,East,17,4,66,38,28
6/25/2016,"Gould Plastics 9-Pocket Panel Bin, 18-3/8w x 5-1/4d x 20-1/2h, Black",Office Supplies,East,51,6,305,254,51
12/12/2014,Eldon Advantage Chair Mats for Low to Medium Pile Carpets,Furniture,West,39,1,39,43,4
3/31/2017,Spigen Samsung Galaxy S5 Case Wallet,Technology,East,13,5,63,85,22
11/19/2017,Office Star Flex Back Scooter Chair with White Frame,Furniture,Central,95,3,286,233,53
11/24/2014,Memorex Mini Travel Drive 16 GB USB 2.0 Flash Drive,Technology,Central,10,7,68,112,44
11/22/2015,Xerox 1970,Office Supplies,East,3,3,8,15,7
7/14/2016,GBC Standard Plastic Binding Systems Combs,Office Supplies,East,5,2,9,14,5
4/30/2016,Flat Face Poster Frame,Furniture,Central,11,3,33,23,10
7/25/2016,OIC Binder Clips,Office Supplies,West,2,6,11,21,11
6/22/2014,Office Impressions Heavy Duty Welded Shelving & Multimedia Storage Drawers,Office Supplies,Central,167,3,502,502,0
6/22/2014,Fellowes Bankers Box Recycled Super Stor/Drawer,Office Supplies,Central,51,3,152,162,10
10/21/2017,Newell 33,Office Supplies,South,4,4,16,18,2
9/3/2016,"XtraLife ClearVue Slant-D Ring Binder, White, 3""",Office Supplies,Central,8,3,24,9,15
5/14/2016,"GE 48"" Fluorescent Tube, Cool White Energy Saver, 34 Watts, 30/Box",Furniture,East,50,1,50,79,30
1/7/2016,Panasonic KP-350BK Electric Pencil Sharpener with Auto Stop,Office Supplies,West,25,1,25,35,10
3/13/2017,Multicolor Computer Printout Paper,Office Supplies,West,55,3,164,315,151
10/13/2016,Razer Kraken PRO Over Ear PC and Music Headset,Technology,Central,56,3,168,192,24
10/13/2016,Array Memo Cubes,Office Supplies,Central,3,2,5,8,3
10/13/2016,"Tenex ""The Solids"" Textured Chair Mats",Furniture,Central,58,5,290,140,150
10/13/2016,Newell 334,Office Supplies,Central,15,1,15,16,1
10/13/2016,Avery Non-Stick Binders,Office Supplies,Central,2,7,17,6,11
1/27/2017,Newell 312,Office Supplies,East,4,3,12,14,2
1/27/2017,Anker Ultrathin Bluetooth Wireless Keyboard Aluminum Cover with Stand ,Technology,East,27,3,81,72,9
1/27/2017,JBL Micro Wireless Portable Bluetooth Speaker,Technology,East,45,3,135,108,27
11/19/2017,"Lifetime Advantage Folding Chairs, 4/Carton",Furniture,Central,157,2,314,305,9
8/1/2014,Wilson Jones data.warehouse D-Ring Binders with DublLock,Office Supplies,West,4,3,13,20,7
7/30/2016,GBC VeloBind Cover Sets,Office Supplies,Central,8,3,23,9,14
7/30/2015,Eldon ProFile File 'N Store Portable File Tub Letter/Legal Size Black,Office Supplies,Central,14,4,56,62,6
10/15/2016,Xerox 1982,Office Supplies,West,12,2,25,46,21
10/15/2016,Xerox 1986,Office Supplies,West,3,9,31,60,29
10/15/2016,"Acco Data Flex Cable Posts For Top & Bottom Load Binders, 6"" Capacity",Office Supplies,West,6,5,29,42,13
10/15/2016,"Recycled Desk Saver Line ""While You Were Out"" Book, 5 1/2"" X 4""",Office Supplies,West,5,8,39,72,33
5/7/2016,"GBC Twin Loop Wire Binding Elements, 9/16"" Spine, Black",Office Supplies,East,8,7,54,85,31
5/7/2016,Alphabetical Labels for Top Tab Filing,Office Supplies,East,7,3,22,44,22
5/7/2016,Hon Mobius Operator's Chair,Furniture,East,96,4,384,443,59
5/7/2016,Bady BDG101FRU Card Printer,Technology,East,568,5,2840,4000,1160
5/7/2016,SanDisk Ultra 64 GB MicroSDHC Class 10 Memory Card,Technology,East,36,5,178,200,22
5/7/2016,Staple-based wall hangings,Furniture,East,4,8,36,64,28
8/1/2017,GBC Prestige Therm-A-Bind Covers,Office Supplies,West,18,2,36,55,19
7/14/2016,HP Standard 104 key PS/2 Keyboard,Technology,South,11,2,22,29,7
8/10/2017,Staple envelope,Office Supplies,Central,6,6,35,70,35
8/10/2017,"Tenex Traditional Chairmats for Medium Pile Carpet, Standard Lip, 36"" x 48""",Furniture,Central,48,2,96,121,25
8/10/2017,Aastra 57i VoIP phone,Technology,Central,120,9,1076,1454,378
6/25/2016,Fellowes Mighty 8 Compact Surge Protector,Office Supplies,West,15,3,44,61,17
12/10/2016,GBC DocuBind P50 Personal Binding Machine,Office Supplies,West,34,3,102,154,52
12/10/2016,Holmes HEPA Air Purifier,Office Supplies,West,14,3,42,65,23
12/10/2016,Xerox 1988,Office Supplies,West,17,4,68,124,56
12/10/2016,Harmony HEPA Quiet Air Purifiers,Office Supplies,West,8,3,23,35,12
12/10/2016,Kingston Digital DataTraveler 16GB USB 2.0,Technology,West,7,5,36,45,9
12/1/2016,Newell 343,Office Supplies,South,2,2,4,5,0
11/28/2014,Newell 331,Office Supplies,South,4,3,11,15,4
3/28/2015,Xerox 1999,Office Supplies,East,3,3,10,16,5
3/28/2015,Southworth Parchment Paper & Envelopes,Office Supplies,East,4,1,4,5,2
6/1/2014,3M Hangers With Command Adhesive,Furniture,South,2,6,13,22,9
6/1/2014,Adtran 1202752G1,Technology,South,93,7,653,882,229
9/6/2015,Acco Hanging Data Binders,Office Supplies,West,2,2,4,6,2
9/6/2015,"Howard Miller 16"" Diameter Gallery Wall Clock",Furniture,West,39,3,117,192,75
6/29/2015,"Eldon Executive Woodline II Desk Accessories, Mahogany",Furniture,East,18,1,18,20,2
9/10/2016,"Boston Model 1800 Electric Pencil Sharpener, Gray",Office Supplies,South,20,3,59,68,8
7/14/2014,Acco D-Ring Binder w/DublLock,Office Supplies,Central,11,7,76,30,46
7/14/2014,I Need's 3d Hello Kitty Hybrid Silicone Case Cover for HTC One X 4g with 3d Hello Kitty Stylus Pen Green/pink,Technology,Central,9,4,34,38,4
8/22/2015,Newell Chalk Holder,Office Supplies,East,2,4,9,17,8
11/14/2014,Polycom SoundPoint Pro SE-225 Corded phone,Technology,East,86,7,600,833,233
11/14/2014,Acco 3-Hole Punch,Office Supplies,East,2,10,23,44,21
11/27/2016,Euro-Pro Shark Turbo Vacuum,Office Supplies,Central,23,6,138,167,30
11/21/2017,Howard Miller Distant Time Traveler Alarm Clock,Furniture,East,16,1,16,27,11
10/1/2017,Wilson Jones Easy Flow II Sheet Lifters,Office Supplies,West,1,1,1,1,1
10/1/2017,Storex Dura Pro Binders,Office Supplies,West,3,13,41,62,21
10/1/2017,"Belkin 325VA UPS Surge Protector, 6'",Office Supplies,West,91,2,181,242,60
10/1/2017,"Metal Folding Chairs, Beige, 4/Carton",Furniture,West,25,4,99,109,10
9/20/2014,Nontoxic Chalk,Office Supplies,South,1,2,2,3,1
7/28/2017,Zipper Ring Binder Pockets,Office Supplies,West,2,4,6,10,4
7/28/2017,Super Decoflex Portable Personal File,Office Supplies,West,11,1,11,15,4
7/28/2017,Wilson Electronics DB Pro Signal Booster,Technology,West,261,4,1045,1146,100
12/6/2015,Polycom SoundStation2 EX Conference phone,Technology,East,288,2,575,486,89
12/6/2015,Newell 312,Office Supplies,East,4,8,33,37,5
12/6/2015,Global Low Back Tilter Chair,Furniture,East,95,1,95,71,24
7/31/2017,Xerox 1991,Office Supplies,East,12,3,37,55,18
3/19/2016,"Atlantic Metals Mobile 2-Shelf Bookcases, Custom Colors",Furniture,West,171,1,171,72,99
7/29/2017,Assorted Color Push Pins,Office Supplies,Central,1,2,2,3,0
7/29/2017,Cisco SPA301,Technology,Central,109,1,109,125,16
10/1/2016,"Chromcraft Bull-Nose Wood 48"" x 96"" Rectangular Conference Tables",Furniture,East,446,1,446,331,116
3/31/2014,GBC DocuBind 200 Manual Binding Machine,Office Supplies,West,210,2,421,674,253
3/31/2014,Fellowes Advanced Computer Series Surge Protectors,Office Supplies,West,19,2,38,53,15
6/26/2017,Eldon Antistatic Chair Mats for Low to Medium Pile Carpets,Furniture,Central,99,5,495,526,32
7/9/2017,Recycled Steel Personal File for Hanging File Folders,Office Supplies,Central,43,5,215,229,14
12/14/2015,HTC One,Technology,West,71,4,284,320,36
12/5/2017,Logitech ClearChat Comfort/USB Headset H390,Technology,East,20,7,137,205,68
9/15/2015,Fellowes Stor/Drawer Steel Plus Storage Drawers,Office Supplies,Central,90,2,179,191,11
9/15/2015,Manco Dry-Lighter Erasable Highlighter,Office Supplies,Central,2,8,16,24,8
7/15/2016,Fiskars Home & Office Scissors,Office Supplies,West,6,5,32,44,12
4/20/2017,Eldon Cleatmat Chair Mats for Medium Pile Carpets,Furniture,Central,48,2,97,44,52
11/15/2016,Fellowes PB500 Electric Punch Plastic Comb Binding Machine with Manual Bind,Office Supplies,West,635,1,635,1017,381
11/15/2016,Avery Self-Adhesive Photo Pockets for Polaroid Photos,Office Supplies,West,4,7,25,38,13
11/26/2016,Mitel MiVoice 5330e IP Phone,Technology,East,203,3,610,495,115
11/21/2017,Eldon Portable Mobile Manager,Office Supplies,West,21,2,41,57,15
11/21/2017,Newell 344,Office Supplies,West,2,2,4,6,1
11/21/2017,Advantus T-Pin Paper Clips,Office Supplies,West,3,2,6,9,4
11/21/2017,"Acco Six-Outlet Power Strip, 4' Cord Length",Office Supplies,West,6,1,6,9,2
11/21/2017,Mitel MiVoice 5330e IP Phone,Technology,West,203,3,610,660,49
2/15/2015,Xerox 1959,Office Supplies,West,3,2,7,13,6
2/15/2015,"Acco Data Flex Cable Posts For Top & Bottom Load Binders, 6"" Capacity",Office Supplies,West,6,5,29,42,13
2/15/2015,Avery Durable Binders,Office Supplies,West,1,5,7,12,4
2/15/2015,Kensington 6 Outlet MasterPiece HOMEOFFICE Power Control Center,Office Supplies,West,64,6,384,541,157
2/15/2015,Xerox 22,Office Supplies,West,3,3,10,19,9
4/15/2016,Xerox 1911,Office Supplies,West,25,3,75,144,69
9/28/2015,Holmes Odor Grabber,Office Supplies,West,10,3,29,43,14
9/28/2015,Holmes HEPA Air Purifier,Office Supplies,West,14,2,28,44,15
9/17/2016,Wi-Ex zBoost YX540 Cellular Phone Signal Booster,Technology,East,102,3,306,438,131
9/17/2016,"C-Line Cubicle Keepers Polyproplyene Holder w/Velcro Back, 8-1/2x11, 25/Bx",Furniture,East,38,2,76,109,34
6/16/2017,Hon Multipurpose Stacking Arm Chairs,Furniture,West,160,7,1122,1213,91
6/16/2017,"Wirebound Message Books, Four 2 3/4"" x 5"" Forms per Page, 600 Sets per Book",Office Supplies,West,5,2,10,19,9
11/8/2015,Advantus Plastic Paper Clips,Office Supplies,West,3,1,3,5,2
11/8/2015,Logitech G19 Programmable Gaming Keyboard,Technology,West,102,3,305,372,67
12/18/2015,Imation Bio 8GB USB Flash Drive Imation Corp,Technology,East,141,1,141,166,25
2/6/2017,"Bush Andora Bookcase, Maple/Graphite Gray Finish",Furniture,South,94,3,281,360,79
11/14/2016,Logitech diNovo Edge Keyboard,Technology,South,192,2,385,500,115
11/14/2016,Xerox 4200 Series MultiUse Premium Copy Paper (20Lb. and 84 Bright),Office Supplies,South,3,1,3,5,2
11/14/2016,"ACCOHIDE 3-Ring Binder, Blue, 1""",Office Supplies,South,2,2,4,8,4
10/12/2017,Xerox 1989,Office Supplies,South,3,2,5,8,3
9/17/2017,Xerox 1984,Office Supplies,West,3,2,7,13,6
12/20/2017,Xerox 227,Office Supplies,East,3,1,3,6,3
12/20/2017,Wilson Jones Leather-Like Binders with DublLock Round Rings,Office Supplies,East,5,1,5,7,2
12/2/2017,Bulldog Vacuum Base Pencil Sharpener,Office Supplies,South,9,5,44,48,4
9/21/2015,Fellowes Bases and Tops For Staxonsteel/High-Stak Systems,Office Supplies,West,25,6,152,200,48
3/6/2015,Deflect-o Glass Clear Studded Chair Mats,Furniture,West,49,7,340,435,96
3/6/2015,Canon PC1060 Personal Laser Copier,Technology,West,371,2,742,1120,378
10/3/2014,Bevis Round Conference Room Tables and Bases,Furniture,West,140,1,140,143,4
10/3/2014,"Global Deluxe Stacking Chair, Gray",Furniture,West,36,3,109,122,14
6/27/2014,"SAFCO Commercial Wire Shelving, 72h",Office Supplies,South,61,5,306,306,0
6/27/2014,KI Adjustable-Height Table,Furniture,South,64,1,64,86,22
6/27/2014,Sony Micro Vault Click 16 GB USB 2.0 Flash Drive,Technology,South,43,4,170,224,54
10/30/2017,Novimex Fabric Task Chair,Furniture,West,52,2,104,98,6
10/30/2017,Global Super Steno Chair,Furniture,West,80,8,637,614,23
10/30/2017,Bestar Classic Bookcase,Furniture,West,81,2,162,200,38
9/3/2016,"Adams Phone Message Book, 200 Message Capacity, 8 1/16” x 11”",Office Supplies,East,4,7,26,48,22
3/5/2015,I Need's 3d Hello Kitty Hybrid Silicone Case Cover for HTC One X 4g with 3d Hello Kitty Stylus Pen Green/pink,Technology,Central,9,2,17,24,7
3/5/2015,Staple holder,Office Supplies,Central,6,7,44,61,16
5/5/2016,Xerox 1965,Office Supplies,South,3,3,9,14,5
11/17/2017,Bionaire 99.97% HEPA Air Cleaner,Office Supplies,South,11,2,23,35,12
6/1/2017,"Eureka Sanitaire  Multi-Pro Heavy-Duty Upright, Disposable Bags",Office Supplies,East,3,5,16,17,1
6/10/2017,Newell 351,Office Supplies,West,2,5,12,16,5
1/8/2017,Balt Solid Wood Round Tables,Furniture,West,406,2,813,893,80
4/20/2015,Pyle PMP37LED,Technology,South,70,3,210,288,78
4/20/2015,"GE 48"" Fluorescent Tube, Cool White Energy Saver, 34 Watts, 30/Box",Furniture,South,50,6,298,595,298
4/20/2015,Xerox 2,Office Supplies,South,3,2,7,13,6
11/1/2015,Cush Cases Heavy Duty Rugged Cover Case for Samsung Galaxy S5 - Purple,Technology,East,4,1,4,5,1
12/23/2017,"Tenex Traditional Chairmats for Medium Pile Carpet, Standard Lip, 36"" x 48""",Furniture,East,48,3,144,182,38
11/1/2015,Avoid Verbal Orders Carbonless Minifold Book,Office Supplies,East,2,4,7,14,6
11/1/2015,"Howard Miller 11-1/2"" Diameter Ridgewood Wall Clock",Furniture,East,31,5,153,260,106
11/1/2015,Plantronics MX500i Earset,Technology,East,42,1,42,43,1
11/1/2015,Razer Tiamat Over Ear 7.1 Surround Sound PC Gaming Headset,Technology,East,114,7,798,1400,602
11/1/2015,Xblue XB-1670-86 X16 Small Office Telephone - Titanium,Technology,East,94,4,378,504,126
11/14/2014,Storex DuraTech Recycled Plastic Frosted Binders,Office Supplies,Central,2,3,6,13,6
11/14/2014,Avery Durable Binders,Office Supplies,Central,1,4,6,12,6
1/17/2016,First Data FD10 PIN Pad,Technology,South,71,4,284,316,32
9/17/2017,Global Ergonomic Managers Chair,Furniture,South,134,4,536,724,188
9/17/2017,Easy-staple paper,Office Supplies,South,19,3,56,106,50
12/23/2016,"Bush Westfield Collection Bookcases, Fully Assembled",Furniture,Central,78,2,156,141,14
8/6/2015,Xerox 188,Office Supplies,Central,6,3,17,27,10
11/5/2017,Enermax Aurora Lite Keyboard,Technology,East,44,5,219,391,172
6/11/2017,Global Leather Executive Chair,Furniture,West,246,1,246,281,35
6/11/2017,"Sortfiler Multipurpose Personal File Organizer, Black",Office Supplies,West,15,4,61,68,8
6/11/2017,Boston 16801 Nautilus Battery Pencil Sharpener,Office Supplies,West,16,5,81,88,7
6/11/2017,Newell 319,Office Supplies,West,14,1,14,16,2
6/11/2017,Fellowes Officeware Wire Shelving,Office Supplies,West,88,3,264,216,49
7/20/2017,Avery 486,Office Supplies,Central,4,2,8,15,7
7/20/2017,"1.7 Cubic Foot Compact ""Cube"" Office Refrigerators",Office Supplies,Central,152,2,304,416,112
7/20/2017,Avery Printable Repositionable Plastic Tabs,Office Supplies,Central,5,5,23,43,20
7/20/2017,Novimex Fabric Task Chair,Furniture,Central,52,3,155,183,27
7/20/2017,Cardinal Slant-D Ring Binders,Office Supplies,Central,4,7,30,61,30
7/20/2017,Logitech G35 7.1-Channel Surround Sound Headset,Technology,Central,86,3,257,390,133
12/23/2015,Belkin Premiere Surge Master II 8-outlet surge protector,Office Supplies,South,34,4,138,194,56
3/20/2017,Imation Secure Drive + Hardware Encrypted USB flash drive - 16 GB,Technology,West,29,7,202,266,64
12/31/2015,Tuf-Vin Binders,Office Supplies,South,17,3,50,95,45
12/31/2015,"GBC Clear Cover, 8-1/2 x 11, unpunched, 25 covers per pack",Office Supplies,South,8,4,33,61,28
12/31/2015,Aluminum Screw Posts,Office Supplies,South,8,5,38,76,38
12/31/2015,Ibico Plastic Spiral Binding Combs,Office Supplies,South,16,12,197,365,168
9/15/2015,GBC Twin Loop Wire Binding Elements,Office Supplies,East,17,3,50,80,30
9/15/2015,"Bush Westfield Collection Bookcases, Medium Cherry Finish",Furniture,East,45,1,45,46,1
9/15/2015,Xerox 1967,Office Supplies,East,3,2,7,13,6
9/23/2017,Wausau Papers Astrobrights Colored Envelopes,Office Supplies,West,3,3,9,14,5
12/25/2015,Tenex Antistatic Computer Chair Mats,Furniture,East,154,4,616,547,68
9/24/2016,"Tennsco Lockers, Gray",Office Supplies,West,20,2,39,42,3
9/24/2016,"REDIFORM Incoming/Outgoing Call Register, 11"" X 8 1/2"", 100 Messages",Office Supplies,West,4,5,21,42,21
3/21/2017,"Eaton Premium Continuous-Feed Paper, 25% Cotton, Letter Size, White, 1000 Shts/Box",Office Supplies,Central,29,5,144,277,133
3/21/2017,Xerox 196,Office Supplies,Central,3,1,3,6,3
9/30/2014,Holmes Odor Grabber,Office Supplies,South,10,6,58,69,11
12/10/2017,Convenience Packs of Business Envelopes,Office Supplies,East,2,3,6,11,5
12/10/2017,Tripp Lite Isotel 6 Outlet Surge Protector with Fax/Modem Protection,Office Supplies,East,43,7,303,427,124
8/23/2014,Xerox 1994,Office Supplies,East,3,4,13,26,12
8/23/2014,Personal Creations Ink Jet Cards and Labels,Office Supplies,East,6,4,23,46,23
8/19/2014,Turquoise Lead Holder with Pocket Clip,Office Supplies,East,4,2,9,11,2
11/10/2016,Newell 315,Office Supplies,South,4,7,31,42,10
12/31/2014,Nu-Dell Executive Frame,Furniture,East,8,5,40,63,23
12/31/2014,Imation Secure Drive + Hardware Encrypted USB flash drive - 16 GB,Technology,East,29,3,87,114,27
7/26/2014,"Belkin 19"" Vented Equipment Shelf, Black",Office Supplies,Central,51,3,153,124,29
2/22/2016,Belkin 5 Outlet SurgeMaster Power Centers,Office Supplies,Central,39,9,353,490,137
3/13/2016,"TOPS Carbonless Receipt Book, Four 2-3/4 x 7-1/4 Money Receipts per Page",Office Supplies,Central,9,5,46,70,25
3/13/2016,Insertable Tab Indexes For Data Binders,Office Supplies,Central,2,2,3,1,2
3/13/2016,Hon Non-Folding Utility Tables,Furniture,Central,112,5,558,558,0
12/2/2017,3-ring staple pack,Office Supplies,West,1,6,6,9,3
12/2/2017,Satellite Sectional Post Binders,Office Supplies,West,23,2,47,69,23
12/2/2017,"Wirebound Message Book, 4 per Page",Office Supplies,West,3,2,6,11,5
12/2/2017,Fellowes Advanced Computer Series Surge Protectors,Office Supplies,West,19,3,57,79,22
12/2/2017,Prang Dustless Chalk Sticks,Office Supplies,West,1,6,5,10,5
8/31/2015,"Atlantic Metals Mobile 3-Shelf Bookcases, Custom Colors",Furniture,West,193,7,1352,1553,201
8/31/2015,GBC Prestige Therm-A-Bind Covers,Office Supplies,West,18,5,91,137,46
8/31/2015,Memorex Micro Travel Drive 32 GB,Technology,West,21,1,21,37,16
8/31/2015,Lexmark S315 Color Inkjet Printer,Technology,West,53,3,159,240,81
3/17/2014,Bretford Rectangular Conference Table Tops,Furniture,East,290,7,2027,1580,448
3/17/2014,Balt Solid Wood Round Tables,Furniture,East,406,4,1625,1072,554
3/17/2014,"Hon 30"" x 60"" Table with Locking Drawer",Furniture,East,246,3,737,614,123
3/17/2014,Xerox 1926,Office Supplies,East,3,7,18,35,16
3/17/2014,Xerox 1918,Office Supplies,East,20,4,79,155,76
4/16/2017,SpineVue Locking Slant-D Ring Binders by Cardinal,Office Supplies,East,5,5,24,14,10
3/13/2016,"Howard Miller 14-1/2"" Diameter Chrome Round Wall Clock",Furniture,South,43,2,87,128,41
3/13/2016,"Eureka The Boss Lite 10-Amp Upright Vacuum, Blue",Office Supplies,South,58,2,115,160,45
3/13/2016,Ibico Covers for Plastic or Wire Binding Elements,Office Supplies,South,6,4,25,46,21
11/24/2014,"Global Leather & Oak Executive Chair, Burgundy",Furniture,West,139,1,139,121,18
2/10/2017,HP Office Recycled Paper (20Lb. and 87 Bright),Office Supplies,East,3,4,12,23,11
9/23/2016,"Rubbermaid ClusterMat Chairmats, Mat Size- 66"" x 60"", Lip 20"" x 11"" -90 Degree Angle",Furniture,East,93,6,559,533,27
9/23/2016,"Dixon Ticonderoga Maple Cedar Pencil, #2",Office Supplies,East,2,2,5,5,0
7/7/2017,Hypercom P1300 Pinpad,Technology,East,40,4,159,252,93
7/7/2016,Flat Face Poster Frame,Furniture,Central,11,8,87,60,27
7/7/2016,Acco Hot Clips Clips to Go,Office Supplies,Central,2,1,2,3,1
7/7/2016,Tops Wirebound Message Log Books,Office Supplies,Central,2,9,16,24,8
7/7/2016,Global Ergonomic Managers Chair,Furniture,Central,134,2,268,253,14
1/24/2017,Revere Boxed Rubber Bands by Revere,Office Supplies,South,2,3,6,6,0
8/19/2014,GBC DocuBind P50 Personal Binding Machine,Office Supplies,East,34,4,136,77,59
8/19/2014,Acme Kleencut Forged Steel Scissors,Office Supplies,East,4,2,8,9,1
12/6/2015,"Message Book, Phone, Wirebound Standard Line Memo, 2 3/4"" X 5""",Office Supplies,West,4,5,18,33,15
5/6/2016,Advantus T-Pin Paper Clips,Office Supplies,East,3,2,6,7,2
5/6/2016,Xerox 1951,Office Supplies,East,17,2,34,50,15
5/6/2016,DAX Solid Wood Frames,Furniture,East,6,7,43,55,12
3/25/2017,Acco Smartsocket Color-Coded Six-Outlet AC Adapter Model Surge Protectors,Office Supplies,West,33,4,130,176,46
3/25/2017,Staples in misc. colors,Office Supplies,West,1,9,12,16,4
3/25/2017,Avery Arch Ring Binders,Office Supplies,West,31,4,123,186,63
3/25/2017,Clearsounds A400,Technology,West,49,4,195,211,16
3/25/2017,Hewlett Packard 310 Color Digital Copier,Technology,West,210,2,420,480,60
12/12/2015,Staples,Office Supplies,West,2,2,4,8,4
12/12/2015,Recycled Premium Regency Composition Covers,Office Supplies,West,8,2,16,24,9
12/6/2015,Xerox 219,Office Supplies,East,3,1,3,6,3
12/6/2015,Xerox 1903,Office Supplies,East,3,7,21,42,21
12/6/2015,Logitech VX Revolution Cordless Laser Mouse for Notebooks (Black),Technology,East,169,9,1523,1620,97
12/6/2015,"Seth Thomas 14"" Day/Date Wall Clock",Furniture,East,18,4,72,114,42
3/17/2016,Newell 345,Office Supplies,East,15,2,29,40,10
11/14/2015,Imation Clip USB flash drive - 8 GB,Technology,East,18,2,35,38,2
11/14/2015,Imation 32GB Pocket Pro USB 3.0 Flash Drive - 32 GB - Black - 1 P ...,Technology,East,18,2,36,60,24
11/14/2015,"It's Hot Message Books with Stickers, 2 3/4"" x 5""",Office Supplies,East,4,5,20,37,17
8/14/2017,Avery File Folder Labels,Office Supplies,West,1,2,3,6,3
8/14/2017,Newell 318,Office Supplies,West,2,6,12,17,4
9/9/2017,Fellowes Officeware Wire Shelving,Office Supplies,South,88,7,616,629,13
9/9/2017,X-Rack File for Hanging Folders,Office Supplies,South,8,5,42,56,15
4/1/2017,Hanging Personal Folder File,Office Supplies,Central,12,6,71,94,24
4/1/2017,Staple envelope,Office Supplies,Central,3,5,15,28,13
9/27/2016,O'Sullivan Plantations 2-Door Library in Landvery Oak,Furniture,Central,169,7,1182,957,225
10/7/2017,Logitech G19 Programmable Gaming Keyboard,Technology,West,102,9,915,1116,201
10/7/2017,Motorola HK250 Universal Bluetooth Headset,Technology,West,23,7,158,129,29
10/7/2017,"Square Credit Card Reader, 4 1/2"" x 4 1/2"" x 1"", White",Technology,West,5,10,53,80,27
1/20/2017,Staples in misc. colors,Office Supplies,West,3,5,16,24,8
1/20/2017,Panasonic KX-TG9541B DECT 6.0 Digital 2-Line Expandable Cordless Phone With Digital Answering System,Technology,West,76,3,229,360,130
3/23/2017,DAX Natural Wood-Tone Poster Frame,Furniture,West,17,8,136,212,76
8/1/2014,"Acco Clips to Go Binder Clips, 24 Clips in Two Sizes",Office Supplies,East,2,2,4,6,2
6/7/2015,3-ring staple pack,Office Supplies,West,1,5,5,8,3
11/12/2014,Xerox 1974,Office Supplies,West,3,2,6,12,6
11/12/2014,Bevis Boat-Shaped Conference Table,Furniture,West,199,3,598,629,31
12/29/2016,"Global Leather & Oak Executive Chair, Burgundy",Furniture,Central,139,5,694,754,60
7/6/2015,Bush Mission Pointe Library,Furniture,East,121,2,242,302,60
10/12/2017,WD My Passport Ultra 2TB Portable External Hard Drive,Technology,West,100,5,500,595,95
10/12/2017,GBC Twin Loop Wire Binding Elements,Office Supplies,West,17,3,50,80,30
5/21/2016,Panasonic KX MB2061 Multifunction Printer,Technology,West,222,10,2217,2396,180
11/9/2017,"Safco Wire Cube Shelving System, For Use as 4 or 5 14"" Cubes, Black",Office Supplies,West,30,2,60,64,3
11/9/2017,Razer Kraken 7.1 Surround Sound Over Ear USB Gaming Headset,Technology,West,56,1,56,100,44
4/18/2016,Safco Industrial Wire Shelving,Office Supplies,Central,93,3,279,230,49
4/18/2016,"Adams Telephone Message Books, 5 1/4” x 11”",Office Supplies,Central,3,2,6,10,3
12/25/2017,Maxell 4.7GB DVD-R,Technology,East,17,7,117,159,42
12/25/2017,Satellite Sectional Post Binders,Office Supplies,East,23,1,23,13,10
12/25/2017,Hon Rectangular Conference Tables,Furniture,East,189,2,378,273,105
12/25/2017,Staples,Office Supplies,East,2,13,27,39,13
6/11/2016,Computer Printout Index Tabs,Office Supplies,Central,1,4,3,1,2
6/11/2016,GBC Wire Binding Combs,Office Supplies,Central,5,4,22,8,14
6/11/2016,"Stacking Tray, Side-Loading, Legal, Smoke",Furniture,Central,3,7,22,13,9
5/13/2017,Self-Adhesive Address Labels for Typewriters by Universal,Office Supplies,West,4,8,31,58,27
12/28/2017,3M Hangers With Command Adhesive,Furniture,West,2,2,4,7,3
3/25/2014,"Iceberg Nesting Folding Chair, 19w x 6d x 43h",Furniture,East,43,7,302,367,65
5/28/2017,Spigen Samsung Galaxy S5 Case Wallet,Technology,Central,13,4,50,54,4
11/14/2015,Brown Kraft Recycled Envelopes,Office Supplies,South,8,2,17,34,17
11/14/2015,Honeywell Enviracaire Portable HEPA Air Cleaner for 16' x 20' Room,Office Supplies,South,168,3,504,826,322
7/3/2017,"Tenex Traditional Chairmats for Medium Pile Carpet, Standard Lip, 36"" x 48""",Furniture,West,48,9,431,546,115
11/18/2014,Bevis Rectangular Conference Tables,Furniture,West,123,2,245,146,99
11/18/2014,"Geographics Note Cards, Blank, White, 8 1/2"" x 11""",Office Supplies,West,6,4,23,36,13
7/17/2017,"C-Line Magnetic Cubicle Keepers, Clear Polypropylene",Furniture,South,3,2,6,8,2
5/22/2016,AT&T 841000 Phone,Technology,East,52,5,259,345,86
5/22/2016,Bevis 36 x 72 Conference Tables,Furniture,East,97,2,194,174,20
5/22/2016,Eureka Sanitaire  Commercial Upright,Office Supplies,East,123,4,491,663,172
5/22/2016,SanDisk Cruzer 32 GB USB Flash Drive,Technology,East,13,5,65,95,30
5/22/2016,Ampad #10 Peel & Seel Holiday Envelopes,Office Supplies,East,2,6,14,27,13
5/22/2016,Digium D40 VoIP phone,Technology,East,92,2,183,258,75
9/25/2015,"#10- 4 1/8"" x 9 1/2"" Recycled Envelopes",Office Supplies,West,5,2,9,17,8
10/31/2016,Hon Olson Stacker Stools,Furniture,East,101,5,507,493,14
9/14/2015,Fellowes Officeware Wire Shelving,Office Supplies,South,88,3,264,269,5
11/5/2016,Cardinal Holdit Data Disk Pockets,Office Supplies,West,4,5,19,29,10
3/17/2017,Avery 496,Office Supplies,East,2,5,10,19,9
3/17/2017,Cisco SPA525G2 IP Phone - Wireless,Technology,East,15,6,89,120,31
3/17/2017,"Acco Pressboard Covers with Storage Hooks, 9 1/2"" x 11"", Executive Red",Office Supplies,East,2,3,6,9,3
3/17/2017,SanDisk Cruzer 32 GB USB Flash Drive,Technology,East,13,3,39,57,18
3/17/2017,Kingston Digital DataTraveler 16GB USB 2.0,Technology,East,7,8,58,72,14
3/17/2017,"Neat Ideas Personal Hanging Folder Files, Black",Office Supplies,East,10,8,80,107,28
3/17/2017,Avery 486,Office Supplies,East,4,1,4,7,3
3/17/2017,Lumber Crayons,Office Supplies,East,6,6,37,59,22
3/17/2017,"Tenex File Box, Personal Filing Tote with Lid, Black",Office Supplies,East,11,3,34,47,12
8/15/2017,"Fellowes Premier Superior Surge Suppressor, 10-Outlet, With Phone and Remote",Office Supplies,East,36,2,72,98,25
7/11/2015,Xerox 1896,Office Supplies,West,5,3,16,30,13
7/11/2015,"Wilson Jones Ledger-Size, Piano-Hinge Binder, 2"", Blue",Office Supplies,West,21,3,64,98,34
12/3/2017,GBC Premium Transparent Covers with Diagonal Lined Pattern,Office Supplies,East,11,5,55,84,29
12/3/2017,SpineVue Locking Slant-D Ring Binders by Cardinal,Office Supplies,East,5,2,10,15,5
12/3/2017,AT&T 1080 Corded phone,Technology,East,100,1,100,137,37
12/3/2017,Avery 520,Office Supplies,East,2,1,2,3,2
5/4/2017,"Black Print Carbonless Snap-Off Rapid Letter, 8 1/2"" x 7""",Office Supplies,South,5,1,5,9,4
5/4/2017,Letter Size Cart,Office Supplies,South,101,4,406,571,166
5/4/2017,Xerox 23,Office Supplies,South,3,5,17,32,16
5/4/2017,"Tenex Personal Self-Stacking Standard File Box, Black/Gray",Office Supplies,South,12,1,12,17,5
1/22/2016,Eldon Pizzaz Desk Accessories,Furniture,South,1,8,10,14,4
1/22/2016,"Sauder Forest Hills Library, Woodland Oak Finish",Furniture,South,130,4,519,451,68
1/22/2016,Fellowes Mighty 8 Compact Surge Protector,Office Supplies,South,15,4,58,65,6
11/3/2016,Global Deluxe High-Back Office Chair in Storm,Furniture,West,124,2,248,218,30
11/3/2016,Kensington K72356US Mouse-in-a-Box USB Desktop Mouse,Technology,West,11,5,54,83,29
11/3/2016,Avery 50,Office Supplies,West,7,7,46,88,41
11/3/2016,Honeywell Enviracaire Portable HEPA Air Cleaner for 16' x 20' Room,Office Supplies,West,168,4,672,1101,430
9/4/2017,Chromcraft Bull-Nose Wood Oval Conference Tables & Bases,Furniture,West,474,3,1422,1322,99
9/13/2014,Newell 322,Office Supplies,East,1,3,4,5,1
6/19/2017,Fiskars Spring-Action Scissors,Office Supplies,Central,10,1,10,11,1
6/19/2017,Safco Industrial Wire Shelving,Office Supplies,Central,93,2,186,154,33
12/24/2017,Office Impressions Heavy Duty Welded Shelving & Multimedia Storage Drawers,Office Supplies,West,167,6,1004,1004,0
8/28/2017,Anker 24W Portable Micro USB Car Charger,Technology,West,6,4,24,35,11
8/28/2017,"Hon Practical Foundations 30 x 60 Training Table, Light Gray/Charcoal",Furniture,West,177,5,887,1138,250
8/28/2017,GBC Standard Therm-A-Bind Covers,Office Supplies,West,13,5,67,100,32
8/28/2017,Newell 344,Office Supplies,West,2,2,4,6,1
1/2/2015,"SAFCO Mobile Desk Side File, Wire Frame",Office Supplies,East,32,2,63,86,22
1/2/2015,Newell 313,Office Supplies,East,2,3,7,10,3
1/2/2015,Xerox 1959,Office Supplies,East,3,3,10,20,10
10/9/2015,Jawbone JAMBOX Wireless Bluetooth Speaker,Technology,East,82,4,329,632,303
10/9/2015,Xerox 1895,Office Supplies,East,3,4,13,24,11
12/13/2014,White GlueTop Scratch Pads,Office Supplies,West,8,6,49,90,42
11/19/2014,Apple iPhone 5,Technology,East,474,7,3321,4549,1228
9/10/2016,KI Adjustable-Height Table,Furniture,Central,67,5,335,301,34
9/10/2016,Polycom VVX 310 VoIP phone,Technology,Central,133,5,666,720,54
6/16/2014,"Global Geo Office Task Chair, Gray",Furniture,Central,77,8,615,648,32
9/26/2015,"Sortfiler Multipurpose Personal File Organizer, Black",Office Supplies,West,15,3,46,64,19
9/26/2015,Cameo Buff Policy Envelopes,Office Supplies,West,33,2,66,124,58
5/19/2016,GBC Personal VeloBind Strips,Office Supplies,West,6,1,6,10,3
6/22/2017,"#10 White Business Envelopes,4 1/8 x 9 1/2",Office Supplies,South,8,3,25,38,13
6/17/2017,"Rediform Wirebound ""Phone Memo"" Message Book, 11 x 5-3/4",Office Supplies,Central,4,2,8,12,4
6/17/2017,Avery Durable Binders,Office Supplies,Central,1,4,6,2,4
6/17/2017,Fellowes Binding Cases,Office Supplies,Central,6,4,26,9,16
11/14/2016,Avery 52,Office Supplies,West,2,2,4,7,3
7/25/2014,"Fellowes Personal Hanging Folder Files, Navy",Office Supplies,West,10,4,39,54,15
7/25/2014,High Speed Automatic Electric Letter Opener,Office Supplies,West,1572,5,7860,8188,328
7/25/2014,Staple-based wall hangings,Furniture,West,5,8,44,78,34
7/2/2015,Belkin 8 Outlet Surge Protector,Office Supplies,Central,30,4,118,33,85
3/2/2017,Panasonic KX TS3282B Corded phone,Technology,West,61,3,182,197,15
3/2/2017,Logitech G13 Programmable Gameboard with LCD Display,Technology,West,71,6,427,480,53
11/18/2016,"Tennsco Snap-Together Open Shelving Units, Starter Sets and Add-On Units",Office Supplies,Central,266,4,1062,1118,56
4/18/2015,Memorex Froggy Flash Drive 8 GB,Technology,South,11,6,65,107,42
12/2/2017,"Premier Elliptical Ring Binder, Black",Office Supplies,South,16,5,79,46,33
11/11/2016,Belkin F8E887 USB Wired Ergonomic Keyboard,Technology,Central,24,4,95,96,1
11/11/2016,Global Chrome Stack Chair,Furniture,Central,25,2,50,48,2
9/5/2014,Economy Rollaway Files,Office Supplies,East,122,2,244,264,20
11/15/2014,Ames Color-File Green Diamond Border X-ray Mailers,Office Supplies,Central,45,9,401,605,204
5/2/2017,Eldon Advantage Chair Mats for Low to Medium Pile Carpets,Furniture,East,39,3,117,130,13
10/15/2016,Avery 49,Office Supplies,Central,1,7,10,20,10
10/15/2016,Avery 508,Office Supplies,Central,3,6,15,29,14
10/15/2016,Hoover Upright Vacuum With Dirt Cup,Office Supplies,Central,206,3,617,869,252
10/15/2016,Xerox 1999,Office Supplies,Central,3,2,7,13,6
10/15/2016,Samsung Replacement EH64AVFWE Premium Headset,Technology,Central,4,1,4,6,1
10/15/2016,Ibico Plastic Spiral Binding Combs,Office Supplies,Central,16,4,66,122,56
4/6/2015,Newell 312,Office Supplies,Central,4,9,37,42,5
4/6/2015,Maxell 4.7GB DVD-RW 3/Pack,Technology,Central,11,2,21,25,4
4/6/2015,Ibico Covers for Plastic or Wire Binding Elements,Office Supplies,Central,6,3,19,7,12
4/6/2015,"Fellowes Twister Kit, Gray/Clear, 3/pkg",Office Supplies,Central,4,6,27,10,17
4/6/2015,Xerox 1949,Office Supplies,Central,3,2,5,8,3
10/24/2014,Xerox 210,Office Supplies,South,3,2,7,10,4
8/17/2014,Xerox 1929,Office Supplies,South,12,5,62,114,53
8/17/2014,Avery Non-Stick Binders,Office Supplies,South,2,4,10,18,8
8/17/2014,Colored Push Pins,Office Supplies,South,1,7,8,13,5
8/17/2014,Logitech Gaming G510s - Keyboard,Technology,South,54,4,218,340,122
8/15/2017,Tennsco Single-Tier Lockers,Office Supplies,East,357,6,2139,1802,338
9/6/2015,Memorex Mini Travel Drive 8 GB USB 2.0 Flash Drive,Technology,West,7,4,28,46,18
1/27/2015,High-Back Leather Manager's Chair,Furniture,East,118,2,237,182,55
1/27/2015,Polycom VVX 310 VoIP phone,Technology,East,133,4,533,432,101
1/27/2015,Nortel Meridian M5316 Digital phone,Technology,East,192,1,192,155,36
7/16/2015,Hon 2090 “Pillow Soft” Series Mid Back Swivel/Tilt Chairs,Furniture,West,261,6,1568,1349,219
7/16/2015,Hon 4070 Series Pagoda Armless Upholstered Stacking Chairs,Furniture,West,207,3,621,700,79
4/30/2016,12-1/2 Diameter Round Wall Clock,Furniture,West,13,7,90,112,22
9/26/2014,Belkin 8 Outlet SurgeMaster II Gold Surge Protector,Office Supplies,East,43,3,130,144,14
9/8/2016,"Bush Westfield Collection Bookcases, Dark Cherry Finish",Furniture,East,53,3,160,174,14
9/8/2016,Avery 52,Office Supplies,East,2,4,8,15,7
4/16/2017,"Belkin 19"" Vented Equipment Shelf, Black",Office Supplies,West,51,4,204,206,2
4/16/2017,O'Sullivan Living Dimensions 2-Shelf Bookcases,Furniture,West,109,1,109,103,6
8/16/2015,Newell 346,Office Supplies,West,2,1,2,2,0
8/16/2015,Samsung Galaxy S4 Mini,Technology,West,334,5,1668,1880,211
8/16/2015,Xerox 1891,Office Supplies,West,26,8,207,313,106
8/16/2015,Avery 488,Office Supplies,West,2,2,3,5,2
11/19/2017,"3M Polarizing Task Lamp with Clamp Arm, Light Gray",Furniture,South,101,6,608,822,214
11/19/2017,GBC Imprintable Covers,Office Supplies,South,6,2,11,22,11
9/14/2016,Xerox 224,Office Supplies,South,3,4,13,26,12
8/15/2016,HTC One Mini,Technology,South,91,7,635,706,71
9/26/2015,Dell Slim USB Multimedia Keyboard,Technology,East,19,2,38,50,12
10/8/2016,Contemporary Wood/Metal Frame,Furniture,Central,11,8,84,52,32
3/24/2015,"Eureka Sanitaire  Multi-Pro Heavy-Duty Upright, Disposable Bags",Office Supplies,South,3,2,6,7,1
5/31/2015,O'Sullivan Living Dimensions 3-Shelf Bookcases,Furniture,West,181,7,1266,1407,141
5/31/2015,Self-Adhesive Removable Labels,Office Supplies,West,2,5,8,16,8
5/31/2015,Fellowes Super Stor/Drawer Files,Office Supplies,West,131,2,262,323,61
12/25/2015,Avery 474,Office Supplies,South,1,4,6,9,3
12/25/2015,Xerox 227,Office Supplies,South,3,2,7,10,4
3/17/2015,KeyTronic KT800P2 - Keyboard - Black,Technology,East,12,1,12,15,3
3/17/2015,"Tenex Personal Self-Stacking Standard File Box, Black/Gray",Office Supplies,East,12,2,25,34,9
12/21/2017,Memorex Froggy Flash Drive 8 GB,Technology,South,11,4,43,71,28
11/1/2017,GBC Standard Plastic Binding Systems' Combs,Office Supplies,West,3,5,17,25,8
11/1/2017,Hon 94000 Series Round Tables,Furniture,West,270,9,2426,2666,240
9/7/2017,"Advantus 10-Drawer Portable Organizer, Chrome Metal Frame, Smoke Drawers",Office Supplies,East,43,8,344,478,134
12/27/2017,AT&T 1080 Corded phone,Technology,East,100,2,200,164,36
12/27/2017,BIC Brite Liner Highlighters,Office Supplies,East,2,4,10,13,4
7/16/2017,"Crayola Anti Dust Chalk, 12/Pack",Office Supplies,Central,1,2,2,3,1
8/12/2016,Logitech diNovo Edge Keyboard,Technology,Central,192,7,1347,1400,52
7/9/2017,Eldon Antistatic Chair Mats for Low to Medium Pile Carpets,Furniture,Central,99,5,495,526,32
11/22/2014,Fashion Color Clasp Envelopes,Office Supplies,South,3,3,8,16,8
11/22/2014,GBC ProClick Punch Binding System,Office Supplies,South,33,5,163,320,157
11/22/2014,Staple envelope,Office Supplies,South,3,2,6,11,5
11/22/2014,Holmes Harmony HEPA Air Purifier for 17 x 20 Room,Office Supplies,South,128,3,385,675,290
1/26/2014,"GE General Use Halogen Bulbs, 100 Watts, 1 Bulb per Pack",Furniture,South,11,3,32,63,31
1/26/2014,"SAFCO Commercial Wire Shelving, 72h",Office Supplies,South,61,8,490,490,0
1/26/2014,"Eureka Recycled Copy Paper 8 1/2"" x 11"", Ream",Office Supplies,South,3,3,10,19,9
1/26/2014,"REDIFORM Incoming/Outgoing Call Register, 11"" X 8 1/2"", 100 Messages",Office Supplies,South,4,2,8,17,8
1/26/2014,Macally Suction Cup Mount,Technology,South,12,13,155,155,0
1/26/2014,Eldon Image Series Black Desk Accessories,Furniture,South,3,3,8,12,4
1/26/2014,Jabra SPEAK 410,Technology,South,68,2,135,188,53
11/3/2015,"#10 Gummed Flap White Envelopes, 100/Box",Office Supplies,Central,2,2,4,7,2
6/30/2017,Steel Personal Filing/Posting Tote,Office Supplies,East,26,7,181,249,67
6/30/2017,"Executive Impressions 14""",Furniture,East,12,1,12,22,10
5/5/2016,"Perma STOR-ALL Hanging File Box, 13 1/8""W x 12 1/4""D x 10 1/2""H",Office Supplies,West,5,1,5,6,1
5/5/2016,Cisco Small Business SPA 502G VoIP phone,Technology,West,75,3,225,246,22
9/8/2016,"Executive Impressions 12"" Wall Clock",Furniture,Central,11,2,22,14,8
9/8/2016,Bretford CR8500 Series Meeting Room Furniture,Furniture,Central,301,3,902,601,301
11/24/2017,Motorla HX550 Universal Bluetooth Headset,Technology,South,20,2,40,79,40
11/24/2017,"Wilson Jones Ledger-Size, Piano-Hinge Binder, 2"", Blue",Office Supplies,South,21,8,170,328,157
5/13/2017,Tyvek Side-Opening Peel & Seel Expanding Envelopes,Office Supplies,Central,50,2,100,181,81
5/13/2017,Ibico Hi-Tech Manual Binding System,Office Supplies,Central,168,3,503,915,412
5/13/2017,Plantronics Calisto P620-M USB Wireless Speakerphone System,Technology,Central,143,3,429,588,159
5/13/2017,Tennsco 6- and 18-Compartment Lockers,Office Supplies,Central,217,2,435,530,95
5/13/2017,Hammermill CopyPlus Copy Paper (20Lb. and 84 Bright),Office Supplies,Central,3,3,8,15,7
4/23/2017,Tripp Lite Isotel 6 Outlet Surge Protector with Fax/Modem Protection,Office Supplies,East,43,2,87,122,35
4/23/2017,"Acme 10"" Easy Grip Assistive Scissors",Office Supplies,East,12,7,86,123,37
6/4/2016,Easy-staple paper,Office Supplies,East,3,3,8,15,7
6/4/2016,Panasonic KX MC6040 Color Laser Multifunction Printer,Technology,East,328,3,985,1350,364
6/4/2016,Sauder Inglewood Library Bookcases,Furniture,East,132,1,132,137,5
6/4/2016,"Linden 10"" Round Wall Clock, Black",Furniture,East,10,4,40,61,21
12/16/2014,Avery Binder Labels,Office Supplies,South,2,1,2,1,1
3/4/2016,Berol Giant Pencil Sharpener,Office Supplies,West,12,1,12,17,5
11/25/2014,KeyTronic KT400U2 - Keyboard - Black,Technology,Central,8,3,25,25,0
11/25/2014,Avery 520,Office Supplies,Central,2,1,2,3,1
11/25/2014,Bretford CR4500 Series Slim Rectangular Table,Furniture,Central,268,5,1341,1219,122
11/25/2014,Avery 52,Office Supplies,Central,2,2,4,6,2
11/25/2014,Southworth 25% Cotton Granite Paper & Envelopes,Office Supplies,Central,4,3,11,16,5
11/25/2014,"Master Caster Door Stop, Brown",Furniture,Central,3,3,10,6,4
4/28/2016,"Global Stack Chair without Arms, Black",Furniture,West,19,2,39,42,3
4/26/2014,Bevis Steel Folding Chairs,Furniture,West,69,3,207,230,23
4/26/2014,"Acco Pressboard Covers with Storage Hooks, 14 7/8"" x 11"", Executive Red",Office Supplies,West,2,6,13,18,6
4/1/2017,Avery 498,Office Supplies,West,2,2,3,6,3
4/1/2017,Fellowes Binding Cases,Office Supplies,West,6,13,84,122,38
12/22/2017,Design Ebony Sketching Pencil,Office Supplies,West,1,3,3,4,1
12/22/2017,"iKross Bluetooth Portable Keyboard + Cell Phone Stand Holder + Brush for Apple iPhone 5S 5C 5, 4S 4",Technology,West,15,4,60,67,7
12/22/2017,Eldon Simplefile Box Office,Office Supplies,West,9,3,27,37,10
12/22/2017,Avery 517,Office Supplies,West,2,5,10,18,9
12/3/2014,Xerox 214,Office Supplies,Central,3,4,13,26,12
10/22/2017,Canon imageCLASS 2200 Advanced Copier,Technology,East,1820,4,7280,11200,3920
10/22/2017,Polycom CX600 IP Phone VoIP phone,Technology,East,219,8,1752,2400,648
10/22/2017,Globe Weis Peel & Seel First Class Envelopes,Office Supplies,East,7,5,35,64,29
10/22/2017,i.Sound Portable Power - 8000 mAh,Technology,East,52,1,52,53,1
11/13/2017,SanDisk Cruzer 32 GB USB Flash Drive,Technology,East,13,4,52,61,9
11/13/2017,Epson TM-T88V Direct Thermal Printer - Monochrome - Desktop,Technology,East,227,7,1589,653,936
11/13/2017,Accohide Poly Flexible Ring Binders,Office Supplies,East,2,10,19,11,7
9/10/2015,Xerox 1952,Office Supplies,Central,3,3,8,15,7
5/15/2017,24-Hour Round Wall Clock,Furniture,West,11,2,23,40,17
5/15/2017,SAFCO Optional Arm Kit for Workspace Cribbage Stacking Chair,Furniture,West,19,2,38,43,4
5/15/2017,SAFCO Arco Folding Chair,Furniture,West,196,1,196,221,25
7/5/2015,Stackable Trays,Furniture,South,2,2,4,5,1
7/5/2015,Wilson Jones Turn Tabs Binder Tool for Ring Binders,Office Supplies,South,3,5,13,7,6
8/15/2015,Fellowes Super Stor/Drawer Files,Office Supplies,West,131,2,262,323,61
6/12/2017,"TOPS Voice Message Log Book, Flash Format",Office Supplies,East,2,4,10,19,9
6/12/2017,Angle-D Ring Binders,Office Supplies,East,3,3,9,13,4
6/12/2017,Boston 1730 StandUp Electric Pencil Sharpener,Office Supplies,East,16,3,47,64,17
6/12/2017,Safco Contoured Stacking Chairs,Furniture,East,179,4,715,858,143
2/20/2015,Anker Ultrathin Bluetooth Wireless Keyboard Aluminum Cover with Stand ,Technology,South,27,1,27,30,3
12/29/2016,White Computer Printout Paper by Universal,Office Supplies,Central,20,6,119,186,67
4/17/2016,Motorola L804,Technology,South,33,1,33,37,4
4/17/2016,"GE General Purpose, Extra Long Life, Showcase & Floodlight Incandescent Bulbs",Furniture,South,2,8,12,19,6
9/7/2014,"Executive Impressions 13"" Clairmont Wall Clock",Furniture,Central,11,3,34,58,24
9/7/2014,"GBC Laser Imprintable Binding System Covers, Desert Sand",Office Supplies,Central,8,3,23,43,20
9/7/2014,Xerox 2000,Office Supplies,Central,3,2,7,13,6
9/7/2014,"3M Polarizing Task Lamp with Clamp Arm, Light Gray",Furniture,Central,101,6,608,822,214
9/7/2014,Plantronics Cordless Phone Headset with In-line Volume - M214C,Technology,Central,26,3,77,105,28
9/26/2016,Bestar Classic Bookcase,Furniture,West,81,5,405,425,20
9/17/2017,Avery Non-Stick Binders,Office Supplies,West,2,3,7,11,4
9/17/2017,"Acco Pressboard Covers with Storage Hooks, 14 7/8"" x 11"", Light Blue",Office Supplies,West,3,3,8,12,4
9/17/2017,Green Bar Computer Printout Paper,Office Supplies,West,28,3,84,165,81
9/17/2017,"Global Adaptabilites Bookcase, Cherry/Storm Gray Finish",Furniture,West,405,3,1215,1293,78
9/17/2017,"GBC Pre-Punched Binding Paper, Plastic, White, 8-1/2"" x 11""",Office Supplies,West,8,2,17,26,9
9/17/2017,"Mini 13-1/2 Capacity Data Binder Rack, Pearl",Office Supplies,West,98,2,196,262,65
9/17/2017,Avery 514,Office Supplies,West,1,5,7,14,7
8/16/2016,Convenience Packs of Business Envelopes,Office Supplies,West,2,3,6,11,5
12/24/2015,SAFCO Arco Folding Chair,Furniture,West,196,4,784,884,99
11/28/2017,Google Nexus 5,Technology,East,135,11,1485,1980,495
11/28/2017,"Blue String-Tie & Button Interoffice Envelopes, 10 x 13",Office Supplies,East,22,2,44,80,36
4/14/2017,Acco 3-Hole Punch,Office Supplies,Central,2,2,5,9,4
5/1/2016,Avery 499,Office Supplies,South,3,1,3,4,1
5/1/2016,Bevis 44 x 96 Conference Tables,Furniture,South,171,3,513,371,142
5/1/2016,Newell 3-Hole Punched Plastic Slotted Magazine Holders for Binders,Office Supplies,South,2,2,5,3,2
10/1/2016,Imation 16GB Mini TravelDrive USB 2.0 Flash Drive,Technology,Central,20,3,59,80,21
10/1/2016,Easy-staple paper,Office Supplies,Central,19,1,19,28,10
8/25/2015,"Global Deluxe Stacking Chair, Gray",Furniture,West,36,1,36,41,5
8/25/2015,Fellowes Advanced Computer Series Surge Protectors,Office Supplies,West,19,4,76,106,30
9/9/2014,Xerox 1913,Office Supplies,East,29,3,87,166,80
9/9/2014,Global Italian Leather Office Chair,Furniture,East,96,6,574,786,212
9/9/2014,Advantus Motivational Note Cards,Office Supplies,East,7,2,13,26,13
9/9/2014,Tennsco 6- and 18-Compartment Lockers,Office Supplies,East,217,5,1087,1326,239
12/3/2017,Xerox 1888,Office Supplies,West,29,3,87,166,80
11/27/2017,Pencil and Crayon Sharpener,Office Supplies,South,2,5,8,9,1
11/27/2017,Belkin 5 Outlet SurgeMaster Power Centers,Office Supplies,South,39,1,39,44,4
6/21/2014,"Wilson Jones 1"" Hanging DublLock Ring Binders",Office Supplies,West,3,7,19,11,8
6/21/2014,"Avery Trapezoid Extra Heavy Duty 4"" Binders",Office Supplies,West,21,2,42,25,17
1/21/2017,Avery Durable Binders,Office Supplies,Central,1,5,7,14,7
1/21/2017,Logitech G19 Programmable Gaming Keyboard,Technology,Central,102,5,508,620,112
1/21/2017,"Avery Flip-Chart Easel Binder, Black",Office Supplies,Central,12,4,47,90,42
1/21/2017,I.R.I.S IRISCard Anywhere 5 Card Scanner,Technology,Central,66,3,199,351,152
1/21/2017,"Ativa D5772 2-Line 5.8GHz Digital Expandable Corded/Cordless Phone System with Answering & Caller ID/Call Waiting, Black/Silver",Technology,Central,115,1,115,165,49
6/29/2017,Satellite Sectional Post Binders,Office Supplies,West,23,9,211,313,102
9/6/2016,"Blue String-Tie & Button Interoffice Envelopes, 10 x 13",Office Supplies,South,22,3,66,96,30
9/6/2016,Pressboard Data Binders by Wilson Jones,Office Supplies,South,3,2,6,3,2
8/4/2016,Ibico Presentation Index for Binding Systems,Office Supplies,Central,2,5,11,4,7
11/12/2015,"Adams ""While You Were Out"" Message Pads",Office Supplies,West,2,5,9,16,7
6/30/2014,BIC Brite Liner Grip Highlighters,Office Supplies,Central,1,4,4,5,2
12/4/2017,Storex Dura Pro Binders,Office Supplies,East,3,3,10,5,4
8/28/2016,"Wirebound Four 2-3/4 x 5 Forms per Page, 400 Sets per Book",Office Supplies,West,3,3,10,15,6
8/28/2016,AT&T 17929 Lendline Telephone,Technology,West,33,3,100,109,8
1/22/2016,"Contract Clock, 14"", Brown",Furniture,West,15,5,73,110,37
10/15/2014,"Executive Impressions 13"" Clairmont Wall Clock",Furniture,South,11,1,11,15,4
2/7/2016,Xerox 1912,Office Supplies,East,10,2,20,30,11
3/18/2014,Hewlett-Packard Deskjet 6540 Color Inkjet Printer,Technology,South,209,4,838,821,16
3/18/2014,Cisco TelePresence System EX90 Videoconferencing Unit,Technology,South,4075,6,24450,22638,1811
3/18/2014,Xerox 195,Office Supplies,South,3,4,14,21,7
3/18/2014,Avery Fluorescent Highlighter Four-Color Set,Office Supplies,South,2,3,7,8,1
3/18/2014,"Executive Impressions 13"" Clairmont Wall Clock",Furniture,South,11,2,23,31,8
3/18/2014,Staples,Office Supplies,South,4,3,13,19,6
3/18/2014,"Dana Fluorescent Magnifying Lamp, White, 36""",Furniture,South,36,3,107,122,15
5/24/2014,Xerox 1944,Office Supplies,East,20,3,59,116,57
7/11/2017,SanDisk Ultra 32 GB MicroSDHC Class 10 Memory Card,Technology,East,19,6,115,133,17
6/16/2017,Acme Elite Stainless Steel Scissors,Office Supplies,West,6,2,12,17,4
6/16/2017,Xerox 215,Office Supplies,West,3,3,10,19,9
6/16/2017,Xerox 1885,Office Supplies,West,25,4,100,192,92
1/30/2015,"Computer Room Manger, 14""",Furniture,West,21,7,146,227,82
1/30/2015,Bady BDG101FRU Card Printer,Technology,West,568,3,1704,1920,216
12/11/2015,Acco D-Ring Binder w/DublLock,Office Supplies,South,11,2,22,13,9
10/9/2017,Nu-Dell Leatherette Frames,Furniture,East,9,4,37,46,9
7/29/2017,Sanford Liquid Accent Highlighters,Office Supplies,East,4,9,38,60,22
4/25/2014,AT&T CL2909,Technology,South,88,3,265,302,38
12/1/2015,Prang Drawing Pencil Set,Office Supplies,West,2,5,8,14,6
12/4/2014,Plantronics Voyager Pro HD - Bluetooth Headset,Technology,East,34,2,68,130,62
8/26/2017,Sony 64GB Class 10 Micro SDHC R40 Memory Card,Technology,South,28,2,57,72,15
9/7/2014,AT&T EL51110 DECT,Technology,East,89,3,268,378,110
12/21/2017,"Fellowes Mobile File Cart, Black",Office Supplies,West,45,2,91,124,34
12/6/2014,12-1/2 Diameter Round Wall Clock,Furniture,Central,13,3,38,24,14
11/4/2014,OIC Bulk Pack Metal Binder Clips,Office Supplies,South,2,3,6,8,3
11/4/2014,Acco 6 Outlet Guardian Premium Surge Suppressor,Office Supplies,South,11,5,53,58,5
4/14/2016,Acco Perma 4000 Stacking Storage Drawers,Office Supplies,South,14,5,69,81,12
10/4/2014,Avery 512,Office Supplies,West,2,5,8,14,7
10/4/2014,GBC Recycled Regency Composition Covers,Office Supplies,West,32,2,65,96,31
11/7/2017,Jabra Supreme Plus Driver Edition Headset,Technology,East,86,5,432,360,72
11/7/2017,Bevis Rectangular Conference Tables,Furniture,East,123,4,490,350,140
12/22/2017,Angle-D Ring Binders,Office Supplies,East,3,1,3,2,1
12/22/2017,Panasonic KX-TG9541B DECT 6.0 Digital 2-Line Expandable Cordless Phone With Digital Answering System,Technology,East,76,7,535,630,94
2/13/2017,Newell 311,Office Supplies,West,2,3,5,7,2
2/13/2017,Razer Tiamat Over Ear 7.1 Surround Sound PC Gaming Headset,Technology,West,114,4,456,800,344
2/13/2017,"Tenex Contemporary Contur Chairmats for Low and Medium Pile Carpet, Computer, 39"" x 49""",Furniture,West,86,1,86,108,22
7/2/2014,"Logitech B530 USB Headset - headset - Full size, Binaural",Technology,East,27,2,54,74,20
7/2/2014,DIXON Ticonderoga Erasable Checking Pencils,Office Supplies,East,3,1,3,6,2
2/21/2015,Easy-staple paper,Office Supplies,West,7,4,26,49,23
11/13/2015,BlackBerry Q10,Technology,East,94,3,283,378,94
11/13/2015,"Adams Telephone Message Books, 5 1/4” x 11”",Office Supplies,East,3,7,22,42,20
11/13/2015,Bestar Classic Bookcase,Furniture,East,81,3,243,300,57
11/13/2015,Innergie mMini Combo Duo USB Travel Charging Kit,Technology,East,23,2,47,90,43
4/16/2017,Compact Automatic Electric Letter Opener,Office Supplies,South,117,4,468,477,10
4/16/2017,SanDisk Ultra 16 GB MicroSDHC Class 10 Memory Card,Technology,South,12,2,24,26,2
2/25/2016,Staple envelope,Office Supplies,East,6,5,29,47,18
11/4/2014,"Executive Impressions 12"" Wall Clock",Furniture,West,11,2,22,35,13
6/20/2015,"Howard Miller 13"" Diameter Pewter Finish Round Wall Clock",Furniture,West,26,6,157,258,100
6/20/2015,netTALK DUO VoIP Telephone Service,Technology,West,26,3,79,126,47
8/7/2017,Logitech G700s Rechargeable Gaming Mouse,Technology,South,58,1,58,80,22
5/12/2014,"Bevis Traditional Conference Table Top, Plinth Base",Furniture,East,277,3,830,700,130
11/22/2015,SanDisk Cruzer 8 GB USB Flash Drive,Technology,Central,7,4,29,27,1
12/4/2015,SpineVue Locking Slant-D Ring Binders by Cardinal,Office Supplies,South,5,3,14,8,6
6/8/2014,"Hon Deluxe Fabric Upholstered Stacking Chairs, Squared Back",Furniture,West,171,3,512,586,73
8/8/2014,Advantus Rolling Drawer Organizers,Office Supplies,West,28,11,313,423,110
5/26/2014,Hon Olson Stacker Stools,Furniture,West,101,2,203,225,23
4/17/2015,Prang Drawing Pencil Set,Office Supplies,West,2,2,3,6,2
4/17/2015,Plantronics S12 Corded Telephone Headset System,Technology,West,65,3,194,323,129
4/17/2015,Plantronics Calisto P620-M USB Wireless Speakerphone System,Technology,West,143,5,715,784,69
4/17/2015,Hoover Upright Vacuum With Dirt Cup,Office Supplies,West,206,5,1028,1448,420
4/17/2015,Xerox 1903,Office Supplies,West,3,2,6,12,6
6/11/2016,Razer Kraken PRO Over Ear PC and Music Headset,Technology,East,56,3,168,240,72
3/11/2016,"Executive Impressions 13"" Clairmont Wall Clock",Furniture,South,11,4,45,77,32
3/11/2016,Iceberg Mobile Mega Data/Printer Cart ,Office Supplies,South,89,4,356,481,125
5/26/2014,"Wirebound Service Call Books, 5 1/2"" x 4""",Office Supplies,West,5,5,25,48,23
10/12/2017,Maxell 4.7GB DVD-R 5/Pack,Technology,West,1,1,1,1,0
10/12/2017,Canvas Sectional Post Binders,Office Supplies,West,13,5,65,102,37
6/22/2017,GBC Plasticlear Binding Covers,Office Supplies,East,6,3,18,10,8
6/22/2017,Wilson Jones Century Plastic Molded Ring Binders,Office Supplies,East,11,5,55,31,24
6/22/2017,Plastic Stacking Crates & Casters,Office Supplies,East,4,2,8,9,1
1/15/2017,Belkin F9M820V08 8 Outlet Surge,Office Supplies,East,31,1,31,34,4
1/15/2017,Honeywell Enviracaire Portable HEPA Air Cleaner for 17' x 22' Room,Office Supplies,East,201,8,1611,1924,313
4/2/2015,APC 7 Outlet Network SurgeArrest Surge Protector,Office Supplies,Central,56,2,113,32,80
4/2/2015,Kingston Digital DataTraveler 16GB USB 2.0,Technology,Central,7,7,51,50,1
4/2/2015,Anker Ultra-Slim Mini Bluetooth 3.0 Wireless Keyboard,Technology,Central,15,3,46,48,2
9/3/2016,Crate-A-Files,Office Supplies,Central,8,5,40,55,14
12/10/2017,Staple-based wall hangings,Furniture,South,4,3,13,19,6
11/22/2016,Ibico Standard Transparent Covers,Office Supplies,Central,8,3,25,49,24
11/11/2017,Xerox 222,Office Supplies,East,3,2,7,10,4
10/21/2016,"Belkin 19"" Vented Equipment Shelf, Black",Office Supplies,West,51,3,153,154,2
12/21/2015,Belkin 6 Outlet Metallic Surge Strip,Office Supplies,West,8,7,56,61,5
7/17/2015,"Sauder Camden County Collection Libraries, Planked Cherry Finish",Furniture,West,105,2,209,195,14
4/30/2017,3M Hangers With Command Adhesive,Furniture,South,2,8,17,24,6
4/30/2017,Maxell 4.7GB DVD+R 5/Pack,Technology,South,1,3,2,2,1
5/6/2017,Avery 505,Office Supplies,East,7,4,30,59,30
11/20/2017,"Sanford Uni-Blazer View Highlighters, Chisel Tip, Yellow",Office Supplies,Central,1,10,12,22,10
11/11/2016,Digium D40 VoIP phone,Technology,Central,92,2,183,258,75
11/5/2016,Anker Astro Mini 3000mAh Ultra-Compact Portable Charger,Technology,East,20,2,40,24,16
10/9/2016,Mediabridge Sport Armband iPhone 5s,Technology,East,10,4,40,24,16
9/21/2015,Hon Every-Day Series Multi-Task Chairs,Furniture,West,150,4,602,602,0
9/21/2015,Advantus Map Pennant Flags and Round Head Tacks,Office Supplies,West,3,2,5,8,3
12/2/2014,"Deflect-o SuperTray Unbreakable Stackable Tray, Letter, Black",Furniture,Central,17,5,83,58,25
12/2/2014,Newell 343,Office Supplies,Central,2,7,15,16,1
12/2/2014,12-1/2 Diameter Round Wall Clock,Furniture,Central,13,5,64,40,24
9/21/2014,Fellowes Basic Home/Office Series Surge Protectors,Office Supplies,Central,9,2,18,26,8
9/21/2014,Acco 6 Outlet Guardian Standard Surge Suppressor,Office Supplies,Central,8,3,25,36,11
9/21/2014,Xerox 224,Office Supplies,Central,3,1,3,6,3
4/12/2014,Pyle PMP37LED,Technology,West,70,14,981,1075,94
4/12/2014,AT&T 1080 Corded phone,Technology,West,100,4,400,438,38
4/12/2014,Recycled Pressboard Report Cover with Reinforced Top Hinge,Office Supplies,West,2,7,12,18,7
4/12/2014,O'Sullivan Living Dimensions 2-Shelf Bookcases,Furniture,West,109,3,327,308,18
10/20/2017,"Eldon Spacemaker Box, Quick-Snap Lid, Clear",Office Supplies,South,2,4,9,13,4
10/20/2017,Xerox 1884,Office Supplies,South,11,2,21,40,19
10/20/2017,Binding Machine Supplies,Office Supplies,South,15,5,76,146,70
10/25/2016,Panasonic KX-TG9471B,Technology,South,141,5,706,784,78
11/1/2015,Lumber Crayons,Office Supplies,West,6,1,6,8,2
11/3/2017,9-3/4 Diameter Round Wall Clock,Furniture,West,8,3,24,41,17
5/12/2015,Xerox 1962,Office Supplies,West,2,3,7,13,6
5/12/2015,Xerox 1953,Office Supplies,West,2,6,14,26,12
9/7/2015,"Metal Folding Chairs, Beige, 4/Carton",Furniture,Central,25,2,50,48,2
7/25/2015,Plymouth Boxed Rubber Bands by Plymouth,Office Supplies,West,4,2,9,9,0
7/25/2015,Xerox 228,Office Supplies,West,3,2,7,13,6
7/25/2015,"Sauder Forest Hills Library, Woodland Oak Finish",Furniture,West,130,5,649,705,56
7/25/2015,Office Star - Professional Matrix Back Chair with 2-to-1 Synchro Tilt and Mesh Fabric Seat,Furniture,West,267,2,533,562,28
11/16/2015,Xerox 191,Office Supplies,Central,11,9,95,180,85
11/16/2015,"Advantus Employee of the Month Certificate Frame, 11 x 13-1/2",Furniture,Central,18,6,109,186,76
11/16/2015,"Lesro Sheffield Collection Coffee Table, End Table, Center Table, Corner Table",Furniture,Central,59,3,178,214,36
11/16/2015,Logitech diNovo Edge Keyboard,Technology,Central,192,4,770,1000,230
11/16/2015,"Chromcraft Bull-Nose Wood Round Conference Table Top, Wood Base",Furniture,Central,181,3,542,654,111
9/1/2015,Deluxe Heavy-Duty Vinyl Round Ring Binder,Office Supplies,East,13,5,63,115,52
9/1/2015,"Global Value Steno Chair, Gray",Furniture,East,46,1,46,61,15
9/1/2015,Deflect-o Glass Clear Studded Chair Mats,Furniture,East,49,2,97,124,27
9/1/2015,Adjustable Depth Letter/Legal Cart,Office Supplies,East,129,6,773,1089,316
5/5/2016,Computer Printout Index Tabs,Office Supplies,West,1,5,4,7,2
5/5/2016,Bevis 36 x 72 Conference Tables,Furniture,West,97,3,291,299,7
12/31/2016,Adtran 1202752G1,Technology,West,93,3,280,302,23
9/18/2017,Newell 314,Office Supplies,Central,4,2,8,9,1
9/18/2017,Acco Perma 2700 Stacking Storage Drawers,Office Supplies,Central,25,2,51,48,3
9/25/2014,Xerox 1954,Office Supplies,Central,3,8,23,34,11
9/25/2014,O'Sullivan Living Dimensions 5-Shelf Bookcases,Furniture,Central,199,2,398,301,97
9/25/2014,Avery Self-Adhesive Photo Pockets for Polaroid Photos,Office Supplies,Central,4,2,7,3,4
9/25/2014,Poly String Tie Envelopes,Office Supplies,Central,1,2,2,3,1
4/23/2016,Embossed Ink Jet Note Cards,Office Supplies,East,12,6,70,108,38
4/23/2016,Eldon Fold 'N Roll Cart System,Office Supplies,East,10,5,50,56,6
4/23/2016,Xerox 1942,Office Supplies,East,24,2,49,78,29
11/1/2014,"Carina Mini System Audio Rack, Model AR050B",Office Supplies,West,108,5,538,444,94
11/1/2014,Plantronics Voyager Pro HD - Bluetooth Headset,Technology,West,34,3,101,156,55
1/26/2017,Newell 311,Office Supplies,South,2,7,11,15,4
1/26/2017,Avery Poly Binder Pockets,Office Supplies,South,2,2,4,7,3
11/11/2017,Belkin 6 Outlet Metallic Surge Strip,Office Supplies,West,8,1,8,11,3
11/11/2017,Xerox 201,Office Supplies,West,3,3,10,19,9
11/11/2017,Ibico Plastic Spiral Binding Combs,Office Supplies,West,16,5,82,122,40
6/9/2016,Cisco CP-7937G Unified IP Conference Station Phone,Technology,South,362,2,724,696,28
9/3/2015,Iceberg Mobile Mega Data/Printer Cart ,Office Supplies,East,89,1,89,120,31
3/14/2014,Global Commerce Series High-Back Swivel/Tilt Chairs,Furniture,South,214,4,855,1140,285
8/31/2017,Xerox 1945,Office Supplies,South,21,7,146,230,83
3/23/2017,Fellowes Officeware Wire Shelving,Office Supplies,Central,88,2,176,144,32
5/18/2017,KeyTronic KT800P2 - Keyboard - Black,Technology,East,12,3,37,36,1
12/27/2016,"Global Manager's Adjustable Task Chair, Storm",Furniture,Central,107,8,858,845,12
11/17/2017,Stanley Bostitch Contemporary Electric Pencil Sharpeners,Office Supplies,East,12,3,37,51,14
9/10/2017,Fellowes PB500 Electric Punch Plastic Comb Binding Machine with Manual Bind,Office Supplies,Central,635,3,1906,763,1144
4/8/2017,"Eldon Expressions Punched Metal & Wood Desk Accessories, Black & Cherry",Furniture,South,7,6,41,56,16
4/8/2017,GBC DocuBind TL300 Electric Binding System,Office Supplies,South,475,3,1426,2691,1265
11/28/2016,ACCOHIDE Binder by Acco,Office Supplies,South,2,6,13,7,6
6/2/2016,Carina Double Wide Media Storage Towers in Natural & Black,Office Supplies,East,78,1,78,65,13
12/17/2017,"Wirebound Message Books, 2 7/8"" x 5"", 3 Forms per Page",Office Supplies,Central,4,4,15,28,13
3/19/2016,"GE 4 Foot Flourescent Tube, 40 Watt",Furniture,East,8,1,8,15,7
3/19/2016,"Master Caster Door Stop, Brown",Furniture,East,3,4,13,20,7
8/20/2017,"Neat Ideas Personal Hanging Folder Files, Black",Office Supplies,East,10,3,30,40,10
7/25/2017,Avery 498,Office Supplies,Central,2,7,11,20,10
8/26/2016,Global Troy Executive Leather Low-Back Tilter,Furniture,West,376,4,1503,1603,100
8/15/2016,Hon Olson Stacker Stools,Furniture,South,101,2,203,225,23
5/19/2017,Kingston Digital DataTraveler 32GB USB 2.0,Technology,South,16,4,64,68,4
5/19/2017,Nokia Lumia 925,Technology,South,93,3,280,378,98
5/19/2017,O'Sullivan 2-Door Barrister Bookcase in Odessa Pine,Furniture,South,139,9,1254,1629,375
5/19/2017,Xerox 1945,Office Supplies,South,21,7,146,287,141
8/12/2017,Xerox 2000,Office Supplies,South,3,4,13,21,7
8/13/2017,Sterilite Officeware Hinged File Box,Office Supplies,West,8,3,23,31,8
8/13/2017,Staple holder,Office Supplies,West,9,7,61,84,23
8/13/2017,Newell 345,Office Supplies,West,15,3,44,60,15
8/13/2017,Staple remover,Office Supplies,West,6,4,23,32,9
11/10/2016,Staple remover,Office Supplies,East,4,5,18,15,3
11/10/2016,Acco Perma 4000 Stacking Storage Drawers,Office Supplies,East,14,3,41,39,2
6/12/2017,Dana Swing-Arm Lamps,Furniture,South,8,2,16,17,1
3/22/2014,Xerox 1951,Office Supplies,West,17,3,51,74,23
3/22/2014,Office Star - Mesh Screen back chair with Vinyl seat,Furniture,West,117,3,350,314,35
6/15/2017,"Dixon Prang Watercolor Pencils, 10-Color Set with Brush",Office Supplies,West,3,1,3,4,2
11/16/2017,Tennsco Regal Shelving Units,Office Supplies,West,98,8,787,811,24
12/29/2017,Ideal Clamps,Office Supplies,East,1,3,3,6,3
1/21/2016,Global Super Steno Chair,Furniture,West,80,2,159,154,6
1/21/2016,Global Ergonomic Managers Chair,Furniture,West,134,7,937,1013,76
1/15/2016,Quality Park Security Envelopes,Office Supplies,East,14,2,28,52,25
1/15/2016,American Pencil,Office Supplies,East,2,2,3,5,1
1/15/2016,Logitech Gaming G510s - Keyboard,Technology,East,54,3,163,255,92
9/19/2016,Storex DuraTech Recycled Plastic Frosted Binders,Office Supplies,East,2,6,13,25,13
9/19/2016,Acme Forged Steel Scissors with Black Enamel Handles,Office Supplies,East,7,3,20,28,8
2/21/2014,GBC Standard Plastic Binding Systems Combs,Office Supplies,Central,5,5,23,9,14
11/11/2016,"Eldon Regeneration Recycled Desk Accessories, Smoke",Furniture,West,1,4,5,7,2
1/30/2016,Heavy-Duty E-Z-D Binders,Office Supplies,West,6,2,12,17,6
10/18/2016,Global Deluxe Steno Chair,Furniture,West,69,5,343,308,35
12/18/2017,Newell 327,Office Supplies,West,2,3,5,7,2
12/18/2017,Xerox 1996,Office Supplies,West,3,2,7,13,6
12/18/2017,Xerox 213,Office Supplies,West,3,5,17,32,16
11/2/2017,"Wirebound Message Books, Four 2 3/4 x 5 Forms per Page, 200 Sets per Book",Office Supplies,West,3,5,13,24,11
4/29/2014,"Global Stack Chair without Arms, Black",Furniture,South,19,2,39,52,13
4/29/2014,Avery Non-Stick Heavy Duty View Round Locking Ring Binders,Office Supplies,South,3,3,9,18,9
10/23/2017,Xerox 1969,Office Supplies,East,3,2,6,12,6
10/23/2017,Xerox 4200 Series MultiUse Premium Copy Paper (20Lb. and 84 Bright),Office Supplies,East,3,5,15,26,12
10/23/2017,"Eldon 200 Class Desk Accessories, Smoke",Furniture,East,4,11,40,69,29
10/23/2017,I Need's 3d Hello Kitty Hybrid Silicone Case Cover for HTC One X 4g with 3d Hello Kitty Stylus Pen Green/pink,Technology,East,9,3,26,36,10
3/30/2014,Peel-Off China Markers,Office Supplies,East,6,5,29,50,21
1/4/2016,Hewlett Packard 310 Color Digital Copier,Technology,South,210,4,840,960,120
4/26/2015,Hon 4070 Series Pagoda Armless Upholstered Stacking Chairs,Furniture,Central,207,2,414,408,6
9/12/2015,Hewlett Packard 310 Color Digital Copier,Technology,East,210,2,420,480,60
9/12/2015,Avery 520,Office Supplies,East,2,4,7,13,6
9/11/2017,Xerox 1935,Office Supplies,South,14,7,100,185,85
6/12/2016,Xerox 1978,Office Supplies,Central,3,5,15,23,8
6/27/2016,"Wirebound Message Books, Four 2 3/4 x 5 White Forms per Page",Office Supplies,Central,4,7,25,37,12
6/27/2016,Global Commerce Series Low-Back Swivel/Tilt Chairs,Furniture,Central,182,3,547,540,8
9/26/2014,"Dual Level, Single-Width Filing Carts",Office Supplies,West,115,2,229,310,81
11/3/2017,Xerox 1971,Office Supplies,Central,2,2,5,9,4
11/3/2017,Sterilite Officeware Hinged File Box,Office Supplies,Central,8,5,38,52,14
11/3/2017,Avery 513,Office Supplies,Central,3,3,8,15,7
2/19/2017,Rubber Band Ball,Office Supplies,West,4,3,11,11,0
11/5/2015,"Belkin 325VA UPS Surge Protector, 6'",Office Supplies,South,91,4,363,387,24
6/16/2014,Staple envelope,Office Supplies,East,4,5,22,41,19
6/16/2014,Boston 16750 Black Compact Battery Pencil Sharpener,Office Supplies,East,6,4,25,35,11
6/16/2014,Ibico Standard Transparent Covers,Office Supplies,East,8,3,25,40,14
10/12/2015,AT&T 17929 Lendline Telephone,Technology,Central,33,3,100,136,35
10/12/2015,GBC Standard Plastic Binding Systems' Combs,Office Supplies,Central,3,2,7,13,6
10/12/2015,Samsung Rugby III,Technology,Central,48,4,193,264,71
8/27/2017,"Eberhard Faber 3 1/2"" Golf Pencils",Office Supplies,Central,6,1,6,6,0
11/23/2016,Advantus Map Pennant Flags and Round Head Tacks,Office Supplies,East,3,5,13,16,2
11/23/2016,Nu-Dell Float Frame 11 x 14 1/2,Furniture,East,5,2,10,14,4
11/23/2016,"DAX Executive Solid Wood Document Frame, Desktop or Hang, Mahogany, 5 x 7",Furniture,East,8,7,58,70,12
1/30/2017,Space Solutions Commercial Steel Shelving,Office Supplies,West,61,2,123,129,6
11/30/2015,GBC Instant Report Kit,Office Supplies,Central,3,3,10,4,6
6/28/2014,Staples,Office Supplies,Central,3,1,3,6,3
9/2/2014,"Holmes Cool Mist Humidifier for the Whole House with 8-Gallon Output per Day, Extended Life Filter",Office Supplies,East,11,1,11,20,9
9/2/2014,"Tenex Carpeted, Granite-Look or Clear Contemporary Contour Shape Chair Mats",Furniture,East,66,1,66,71,5
7/10/2017,"Eldon 200 Class Desk Accessories, Smoke",Furniture,South,4,3,11,19,8
6/4/2017,Newell 346,Office Supplies,Central,2,3,6,9,3
10/19/2017,GBC DocuBind P400 Electric Binding System,Office Supplies,South,735,4,2940,1633,1307
11/18/2017,"C-Line Magnetic Cubicle Keepers, Clear Polypropylene",Furniture,Central,3,4,11,20,8
8/8/2015,"ACCOHIDE 3-Ring Binder, Blue, 1""",Office Supplies,West,2,2,4,7,2
8/8/2015,Presstex Flexible Ring Binders,Office Supplies,West,2,2,5,7,3
8/8/2015,Global Ergonomic Managers Chair,Furniture,West,134,1,134,145,11
12/6/2016,Plantronics Calisto P620-M USB Wireless Speakerphone System,Technology,West,143,1,143,157,14
12/6/2016,Google Nexus 5,Technology,West,135,3,405,432,27
12/6/2016,Jet-Pak Recycled Peel 'N' Seal Padded Mailers,Office Supplies,West,20,1,20,36,16
12/6/2016,Ibico Plastic and Wire Spiral Binding Combs,Office Supplies,West,5,7,32,47,15
12/6/2016,Xerox 1880,Office Supplies,West,19,7,131,248,117
12/6/2016,"Snap-A-Way Black Print Carbonless Ruled Speed Letter, Triplicate",Office Supplies,West,20,5,101,190,89
12/6/2016,GBC Standard Therm-A-Bind Covers,Office Supplies,West,13,3,40,60,19
3/25/2017,Global Highback Leather Tilter in Burgundy,Furniture,Central,76,1,76,91,15
3/25/2017,"Lifetime Advantage Folding Chairs, 4/Carton",Furniture,Central,157,7,1099,1527,427
3/25/2017,"Global High-Back Leather Tilter, Burgundy",Furniture,Central,109,3,328,369,41
11/19/2017,"File Shuttle II and Handi-File, Black",Office Supplies,West,25,9,229,305,76
11/19/2017,"Executive Impressions 13-1/2"" Indoor/Outdoor Wall Clock",Furniture,West,12,1,12,19,7
11/4/2016,Advantus Panel Wall Acrylic Frame,Furniture,West,3,7,22,38,16
12/14/2017,"Eldon 400 Class Desk Accessories, Black Carbon",Furniture,West,5,3,15,26,11
12/14/2017,"Wilson Jones Clip & Carry Folder Binder Tool for Ring Binders, Clear",Office Supplies,West,3,14,42,65,23
12/14/2017,"#10- 4 1/8"" x 9 1/2"" Recycled Envelopes",Office Supplies,West,5,5,23,44,21
11/12/2017,Memorex Micro Travel Drive 8 GB,Technology,West,7,4,29,42,13
11/12/2017,Xerox 1978,Office Supplies,West,3,5,15,23,8
11/12/2017,Harbour Creations 67200 Series Stacking Chairs,Furniture,West,52,2,104,114,10
11/12/2017,"Tenex V2T-RE Standard Weight Series Chair Mat, 45"" x 53"", Lip 25"" x 12""",Furniture,West,60,2,119,114,6
11/12/2017,Cush Cases Heavy Duty Rugged Cover Case for Samsung Galaxy S5 - Purple,Technology,West,4,2,7,8,1
11/12/2017,Samsung Galaxy Mega 6.3,Technology,West,311,2,622,672,50
8/18/2016,GE DSL Phone Line Filter,Technology,East,28,1,28,40,12
6/27/2017,"Situations Contoured Folding Chairs, 4/Set",Furniture,East,53,3,160,192,32
5/4/2017,DXL Angle-View Binders with Locking Rings by Samsill,Office Supplies,East,4,1,4,2,2
12/24/2015,Avery Hole Reinforcements,Office Supplies,West,3,4,13,20,7
12/24/2015,"Vinyl Coated Wire Paper Clips in Organizer Box, 800/Box",Office Supplies,West,6,4,24,46,22
4/26/2017,Strathmore Photo Mount Cards,Office Supplies,West,4,3,11,20,9
4/26/2017,Avery 478,Office Supplies,West,3,8,20,39,19
12/16/2017,"Global Deluxe Stacking Chair, Gray",Furniture,West,36,2,72,82,9
12/16/2017,"Global Value Steno Chair, Gray",Furniture,West,46,2,91,97,6
12/16/2017,Prestige Round Ring Binders,Office Supplies,West,3,5,16,24,8
12/16/2017,"DAX Two-Tone Rosewood/Black Document Frame, Desktop, 5 x 7",Furniture,West,6,2,11,19,8
12/27/2014,DAX Wood Document Frame,Furniture,Central,9,6,53,33,20
12/27/2014,Staple magnet,Office Supplies,Central,7,4,27,30,3
11/6/2017,"1.7 Cubic Foot Compact ""Cube"" Office Refrigerators",Office Supplies,South,152,3,456,500,44
11/6/2017,Xerox 220,Office Supplies,South,3,6,20,31,11
11/6/2017,Avery Durable Poly Binders,Office Supplies,South,3,8,24,13,11
11/6/2017,"Executive Impressions 12"" Wall Clock",Furniture,South,11,2,22,28,6
11/6/2017,Carina Double Wide Media Storage Towers in Natural & Black,Office Supplies,South,78,4,311,259,52
12/16/2017,Peel & Stick Add-On Corner Pockets,Office Supplies,Central,1,5,6,11,5
5/7/2015,Chromcraft Round Conference Tables,Furniture,Central,138,2,275,244,31
5/7/2015,Xerox 198,Office Supplies,Central,3,4,11,16,5
12/4/2017,"Safco Chair Connectors, 6/Carton",Furniture,East,27,7,191,189,3
10/3/2017,X-Rack File for Hanging Folders,Office Supplies,East,8,2,17,23,6
1/13/2014,Global Highback Leather Tilter in Burgundy,Furniture,South,76,6,459,546,87
6/12/2015,Xerox 1997,Office Supplies,East,3,4,13,21,7
6/12/2015,"DataProducts Ampli Magnifier Task Lamp, Black,",Furniture,East,19,2,39,43,4
7/12/2014,"Safco Chair Connectors, 6/Carton",Furniture,West,27,4,109,123,14
7/12/2014,Self-Adhesive Ring Binder Labels,Office Supplies,West,2,4,7,11,4
12/6/2014,File Shuttle I and Handi-File,Office Supplies,West,16,3,49,53,5
12/6/2014,"Chromcraft Bull-Nose Wood 48"" x 96"" Rectangular Conference Tables",Furniture,West,446,1,446,275,171
5/25/2016,Eldon Expressions Mahogany Wood Desk Collection,Furniture,South,5,4,19,25,6
5/25/2016,"Wirebound Service Call Books, 5 1/2"" x 4""",Office Supplies,South,5,2,10,19,9
5/25/2016,"Fellowes Strictly Business Drawer File, Letter/Legal Size",Office Supplies,South,124,9,1116,1268,152
2/21/2016,SanDisk Ultra 16 GB MicroSDHC Class 10 Memory Card,Technology,West,12,1,12,13,1
2/21/2016,"Wilson Jones Clip & Carry Folder Binder Tool for Ring Binders, Clear",Office Supplies,West,3,4,12,19,6
2/21/2016,Fellowes Officeware Wire Shelving,Office Supplies,West,88,5,440,449,9
2/21/2016,Avery Heavy-Duty EZD  Binder With Locking Rings,Office Supplies,West,3,7,20,31,11
10/2/2016,Kensington 6 Outlet Guardian Standard Surge Protector,Office Supplies,East,15,3,45,61,17
3/11/2017,GBC DocuBind TL200 Manual Binding Machine,Office Supplies,Central,119,4,475,896,421
9/9/2016,VariCap6 Expandable Binder,Office Supplies,West,9,4,37,55,19
7/14/2014,Eldon Fold 'N Roll Cart System,Office Supplies,West,10,5,50,56,6
6/21/2014,Staple envelope,Office Supplies,East,4,4,16,25,8
6/21/2014,Stacking Trays by OIC,Furniture,East,3,1,3,4,1
6/21/2014,Logitech 910-002974 M325 Wireless Mouse for Web Scrolling,Technology,East,17,4,67,96,29
6/21/2014,Epson Perfection V600 Photo Scanner,Technology,East,126,3,379,207,172
6/21/2014,Fellowes Advanced 8 Outlet Surge Suppressor with Phone/Fax Protection,Office Supplies,East,20,2,41,44,4
6/21/2014,"GBC Prepunched Paper, 19-Hole, for Binding Systems, 24-lb",Office Supplies,East,8,2,16,9,7
7/5/2015,Durable Pressboard Binders,Office Supplies,Central,2,5,10,19,9
12/16/2017,"Acco Data Flex Cable Posts For Top & Bottom Load Binders, 6"" Capacity",Office Supplies,East,6,4,23,33,10
9/8/2016,Kensington 7 Outlet MasterPiece Power Center with Fax/Phone Line Protection,Office Supplies,East,145,1,145,207,62
5/17/2014,Surelock Post Binders,Office Supplies,Central,15,3,46,92,46
10/13/2017,Avanti 4.4 Cu. Ft. Refrigerator,Office Supplies,East,130,5,652,905,253
10/24/2014,Avery Premier Heavy-Duty Binder with Round Locking Rings,Office Supplies,West,8,3,23,34,11
12/5/2016,"Howard Miller 16"" Diameter Gallery Wall Clock",Furniture,South,39,3,117,192,75
7/25/2016,Tripp Lite Isotel 6 Outlet Surge Protector with Fax/Modem Protection,Office Supplies,East,43,5,216,244,27
4/17/2017,Insertable Tab Post Binder Dividers,Office Supplies,West,4,5,21,12,9
4/17/2017,Lexmark MX611dhe Monochrome Laser Printer,Technology,West,1190,5,5950,2550,3400
4/17/2017,GBC VeloBinder Manual Binding System,Office Supplies,West,19,2,37,22,16
4/17/2017,Cardinal Holdit Business Card Pockets,Office Supplies,West,3,6,16,9,7
4/17/2017,Xerox 225,Office Supplies,West,3,4,13,21,7
9/17/2015,"Riverside Furniture Oval Coffee Table, Oval End Table, End Table with Drawer",Furniture,East,224,2,447,344,103
8/23/2016,SAFCO Boltless Steel Shelving,Office Supplies,Central,113,8,900,727,173
8/23/2016,Flat Face Poster Frame,Furniture,Central,11,3,33,23,10
8/23/2016,WD My Passport Ultra 2TB Portable External Hard Drive,Technology,Central,100,7,700,666,33
11/8/2015,Alliance Rubber Bands,Office Supplies,West,2,3,5,5,0
11/8/2015,Xerox 1988,Office Supplies,West,17,3,51,93,42
11/8/2015,"Executive Impressions 14"" Contract Wall Clock",Furniture,West,15,3,45,67,22
11/8/2015,Deluxe Heavy-Duty Vinyl Round Ring Binder,Office Supplies,West,13,5,63,92,29
11/17/2017,"Atlantic Metals Mobile 2-Shelf Bookcases, Custom Colors",Furniture,Central,171,2,342,328,14
11/8/2015,Storex Dura Pro Binders,Office Supplies,East,3,11,35,52,18
11/8/2015,Great White Multi-Use Recycled Paper (20Lb. and 84 Bright),Office Supplies,East,3,3,10,18,8
4/22/2017,"Tenex 46"" x 60"" Computer Anti-Static Chairmat, Rectangular Shaped",Furniture,East,85,3,254,254,0
8/24/2014,"SlimView Poly Binder, 3/8""",Office Supplies,West,3,2,6,8,3
12/17/2017,Hon Valutask Swivel Chairs,Furniture,South,85,5,424,505,81
3/24/2016,BlackBerry Q10,Technology,West,94,4,378,403,25
9/21/2015,O'Sullivan 2-Shelf Heavy-Duty Bookcases,Furniture,Central,41,4,163,194,31
9/21/2015,"BOSTON Ranger #55 Pencil Sharpener, Black",Office Supplies,Central,18,1,18,26,8
11/21/2016,Novimex Fabric Task Chair,Furniture,West,52,4,207,195,12
9/16/2017,Xerox 231,Office Supplies,East,3,4,13,21,7
6/11/2015,Kingston Digital DataTraveler 16GB USB 2.0,Technology,South,7,6,43,54,10
6/11/2015,"SlimView Poly Binder, 3/8""",Office Supplies,South,3,7,20,36,17
6/11/2015,"Boston Electric Pencil Sharpener, Model 1818, Charcoal Black",Office Supplies,South,20,2,41,56,16
6/11/2015,Xerox 222,Office Supplies,South,3,5,17,32,16
6/11/2015,DAX Clear Channel Poster Frame,Furniture,South,9,2,18,29,11
10/3/2017,"Lesro Sheffield Collection Coffee Table, End Table, Center Table, Corner Table",Furniture,West,59,3,178,171,6
5/5/2016,"Eldon Image Series Desk Accessories, Burgundy",Furniture,South,3,5,13,17,3
9/11/2017,Xerox 1996,Office Supplies,West,3,2,7,13,6
9/11/2017,#10 Self-Seal White Envelopes,Office Supplies,West,6,2,11,22,11
9/11/2017,Hon Pagoda Stacking Chairs,Furniture,West,225,8,1797,2054,257
4/30/2015,Cisco Unified IP Phone 7945G VoIP phone,Technology,East,256,5,1279,1023,256
11/6/2017,Newell 339,Office Supplies,Central,2,5,10,14,4
11/6/2017,Easy-staple paper,Office Supplies,Central,14,1,14,26,12
9/30/2014,DXL Angle-View Binders with Locking Rings by Samsill,Office Supplies,West,4,7,30,43,13
4/2/2017,Bevis 44 x 96 Conference Tables,Furniture,South,171,2,342,412,70
4/2/2017,NETGEAR N750 Dual Band Wi-Fi Gigabit Router,Technology,South,58,4,230,360,130
10/6/2017,36X48 HARDFLOOR CHAIRMAT,Furniture,West,20,2,39,42,3
10/6/2017,"Conquest 14 Commercial Heavy-Duty Upright Vacuum, Collection System, Accessory Kit",Office Supplies,West,40,4,162,228,66
10/6/2017,Computer Printout Paper with Letter-Trim Perforations,Office Supplies,West,10,2,20,38,18
4/9/2016,Nortel Meridian M5316 Digital phone,Technology,Central,192,2,383,518,135
4/9/2016,Storex Flexible Poly Binders with Double Pockets,Office Supplies,Central,1,2,3,5,2
8/28/2015,Canon Imageclass D680 Copier / Fax,Technology,Central,385,5,1925,2800,875
10/19/2017,Ampad #10 Peel & Seel Holiday Envelopes,Office Supplies,West,2,2,5,9,4
10/19/2017,Avery 518,Office Supplies,West,2,10,16,32,15
10/19/2017,"Linden 10"" Round Wall Clock, Black",Furniture,West,10,2,20,31,10
10/19/2017,Anderson Hickey Conga Table Tops & Accessories,Furniture,West,14,2,28,24,3
11/7/2016,Plantronics Audio 478 Stereo USB Headset,Technology,East,32,3,97,120,22
3/3/2017,"Important Message Pads, 50 4-1/4 x 5-1/2 Forms per Pad",Office Supplies,Central,2,8,17,27,10
11/27/2015,Apple EarPods with Remote and Mic,Technology,East,20,3,60,84,24
11/27/2015,"Perixx PERIBOARD-512B, Ergonomic Split Keyboard",Technology,East,33,3,98,105,7
3/13/2017,"SimpliFile Personal File, Black Granite, 15w x 6-15/16d x 11-1/4h",Office Supplies,West,8,8,65,91,25
3/13/2017,OtterBox Commuter Series Case - iPhone 5 & 5s,Technology,West,11,8,91,141,49
3/13/2017,Logitech Wireless Headset H600 Over-The-Head Design,Technology,West,25,5,127,215,88
3/13/2017,Xerox 230,Office Supplies,West,3,7,24,45,22
3/13/2017,Xerox 1885,Office Supplies,West,25,6,150,288,138
11/30/2017,Kensington 7 Outlet MasterPiece Power Center with Fax/Phone Line Protection,Office Supplies,East,145,4,581,664,83
11/17/2014,Smead Adjustable Mobile File Trolley with Lockable Top,Office Supplies,East,306,7,2142,2934,792
11/17/2014,Eldon Econocleat Chair Mats for Low Pile Carpets,Furniture,East,36,3,109,124,15
11/17/2014,Deluxe Chalkboard Eraser Cleaner,Office Supplies,East,6,5,31,58,27
1/3/2016,Recycled Steel Personal File for Hanging File Folders,Office Supplies,West,43,2,86,114,29
10/3/2015,"Safco Value Mate Series Steel Bookcases, Baked Enamel Finish on Steel, Gray",Furniture,West,51,2,102,121,18
7/20/2014,Letter Size Cart,Office Supplies,Central,101,3,304,343,39
7/20/2014,Westinghouse Clip-On Gooseneck Lamps,Furniture,Central,6,5,31,17,14
7/20/2014,HON 5400 Series Task Chairs for Big and Tall,Furniture,Central,561,2,1122,981,140
5/21/2014,4009 Highlighters by Sanford,Office Supplies,West,3,8,21,32,11
9/4/2017,Xerox 220,Office Supplies,West,3,2,7,13,6
9/4/2017,invisibleSHIELD by ZAGG Smudge-Free Screen Protector,Technology,West,9,3,28,43,15
5/27/2017,Binding Machine Supplies,Office Supplies,South,15,2,30,58,28
5/27/2017,Google Nexus 5,Technology,South,135,3,405,540,135
1/28/2014,"Pressboard Covers with Storage Hooks, 9 1/2"" x 11"", Light Blue",Office Supplies,East,3,1,3,4,1
2/9/2017,GBC ProClick 150 Presentation Binding System,Office Supplies,Central,167,4,670,253,417
2/9/2017,Razer Kraken PRO Over Ear PC and Music Headset,Technology,Central,56,2,112,128,16
2/9/2017,Stacking Trays by OIC,Furniture,Central,3,2,7,4,3
2/9/2017,Belkin F9S820V06 8 Outlet Surge,Office Supplies,Central,23,2,45,13,32
3/31/2017,Advantus Panel Wall Certificate Holder - 8.5x11,Furniture,South,7,5,35,61,26
3/31/2017,Vtech CS6719,Technology,South,69,7,484,672,188
3/3/2016,GBC ProClick Punch Binding System,Office Supplies,East,33,7,228,448,219
3/3/2016,Pyle PMP37LED,Technology,East,70,5,350,480,130
3/3/2016,Xerox 194,Office Supplies,East,29,3,87,166,80
8/23/2015,Acme Tagit Stainless Steel Antibacterial Scissors,Office Supplies,Central,7,4,29,32,3
8/23/2015,Xerox 206,Office Supplies,Central,3,2,7,10,4
8/23/2015,Staples,Office Supplies,Central,1,8,10,12,2
8/23/2015,Holmes Odor Grabber,Office Supplies,Central,10,2,19,6,14
4/27/2017,"Avery Address/Shipping Labels for Typewriters, 4"" x 2""",Office Supplies,Central,5,4,22,33,12
4/27/2017,Sauder Barrister Bookcases,Furniture,Central,66,4,262,220,42
4/14/2017,Avery Non-Stick Binders,Office Supplies,East,2,3,7,11,4
4/14/2017,"Bush Westfield Collection Bookcases, Fully Assembled",Furniture,East,78,3,233,242,9
12/22/2017,Premier Electric Letter Opener,Office Supplies,East,110,6,660,695,35
12/22/2017,"Bush Cubix Collection Bookcases, Fully Assembled",Furniture,East,170,1,170,221,51
12/8/2016,"Universal Recycled Hanging Pressboard Report Binders, Letter Size",Office Supplies,East,3,7,22,13,10
3/23/2017,Xerox 1980,Office Supplies,East,2,6,14,26,12
7/25/2016,Avery 493,Office Supplies,Central,3,4,10,16,6
7/10/2017,"Fellowes Mobile File Cart, Black",Office Supplies,Central,45,6,272,298,26
7/17/2016,Strathmore Photo Frame Cards,Office Supplies,Central,4,3,12,22,10
7/17/2016,"Carina 42""Hx23 3/4""W Media Storage Unit",Office Supplies,Central,79,3,238,243,5
7/17/2016,"Rediform Wirebound ""Phone Memo"" Message Book, 11 x 5-3/4",Office Supplies,Central,4,1,4,8,4
7/17/2016,Xerox 1993,Office Supplies,Central,3,8,26,52,25
7/17/2016,Tennsco 6- and 18-Compartment Lockers,Office Supplies,Central,217,1,217,265,48
8/23/2016,Okidata C331dn Printer,Technology,West,258,3,775,838,63
8/23/2016,"Tyvek  Top-Opening Peel & Seel Envelopes, Plain White",Office Supplies,West,14,5,72,136,64
8/23/2016,Xerox 1978,Office Supplies,West,3,6,18,35,17
8/23/2016,Office Star Flex Back Scooter Chair with White Frame,Furniture,West,95,6,573,533,40
8/23/2016,"Acco Six-Outlet Power Strip, 4' Cord Length",Office Supplies,West,6,5,32,43,11
8/23/2016,Acme Rosewood Handle Letter Opener,Office Supplies,West,4,4,16,16,0
6/11/2015,Hon 2090 “Pillow Soft” Series Mid Back Swivel/Tilt Chairs,Furniture,South,261,5,1307,1124,183
6/11/2015,Cisco SPA301,Technology,South,109,2,218,250,31
6/11/2015,"Seth Thomas 8 1/2"" Cubicle Clock",Furniture,South,14,3,41,49,7
6/11/2015,"Hunt PowerHouse Electric Pencil Sharpener, Blue",Office Supplies,South,27,2,53,61,8
6/11/2015,Ibico Laser Imprintable Binding System Covers,Office Supplies,South,28,5,141,79,63
6/11/2015,GBC Standard Plastic Binding Systems' Combs,Office Supplies,South,3,2,7,4,3
6/11/2015,Tennsco 16-Compartment Lockers with Coat Rack,Office Supplies,South,492,2,985,1037,52
6/11/2015,Fellowes High-Stak Drawer Files,Office Supplies,South,136,4,543,564,21
9/8/2017,Aastra 6757i CT Wireless VoIP phone,Technology,East,153,2,306,259,47
10/2/2017,Xerox 1907,Office Supplies,East,7,4,26,49,23
12/16/2014,"Executive Impressions 14"" Contract Wall Clock",Furniture,West,15,2,30,44,15
12/16/2014,DMI Arturo Collection Mission-style Design Wood Chair,Furniture,West,112,2,223,242,18
12/16/2014,First Data FD10 PIN Pad,Technology,West,71,5,356,395,40
12/16/2014,GE 30524EE4,Technology,West,139,4,557,627,71
8/24/2014,G.E. Longer-Life Indoor Recessed Floodlight Bulbs,Furniture,East,3,2,7,13,6
8/24/2014,"Wilson Jones 1"" Hanging DublLock Ring Binders",Office Supplies,East,3,3,8,13,4
11/12/2017,Surelock Post Binders,Office Supplies,Central,15,5,76,31,46
11/12/2017,Fellowes Neat Ideas Storage Cubes,Office Supplies,Central,31,3,94,78,16
11/12/2017,Panasonic KX TS3282W Corded phone,Technology,Central,59,1,59,68,8
11/12/2017,"#10- 4 1/8"" x 9 1/2"" Security-Tint Envelopes",Office Supplies,Central,4,2,8,12,4
11/12/2017,Maxell LTO Ultrium - 800 GB,Technology,Central,23,2,45,45,1
11/12/2017,"Eldon Expressions Desk Accessory, Wood Photo Frame, Mahogany",Furniture,Central,14,3,41,23,18
4/25/2015,"Holmes Replacement Filter for HEPA Air Cleaner, Very Large Room, HEPA Filter",Office Supplies,East,39,3,116,206,91
12/12/2014,GBC DocuBind 300 Electric Binding Machine,Office Supplies,Central,274,2,547,210,337
9/25/2017,Logitech 910-002974 M325 Wireless Mouse for Web Scrolling,Technology,East,17,5,84,120,36
9/25/2017,Newell 311,Office Supplies,East,2,6,10,11,1
9/5/2016,"Situations Contoured Folding Chairs, 4/Set",Furniture,Central,53,7,373,348,25
2/11/2017,"Global Leather and Oak Executive Chair, Black",Furniture,West,214,4,855,963,108
2/11/2017,"Logitech B530 USB Headset - headset - Full size, Binaural",Technology,West,27,3,81,89,8
6/30/2014,"BIC Brite Liner Highlighters, Chisel Tip",Office Supplies,West,4,5,22,32,10
6/7/2016,Xerox 226,Office Supplies,East,3,5,17,32,16
12/20/2014,Avery 489,Office Supplies,West,5,3,16,31,15
12/15/2015,Plantronics Savi W720 Multi-Device Wireless Headset System,Technology,East,236,6,1418,2025,608
12/15/2015,Cubify CubeX 3D Printer Double Head Print,Technology,East,2220,2,4440,1800,2640
12/15/2015,Panasonic KX TS3282W Corded phone,Technology,East,59,2,119,102,17
12/15/2015,"Howard Miller 13"" Diameter Goldtone Round Wall Clock",Furniture,East,28,7,194,263,69
7/20/2017,Ibico Ibimaster 300 Manual Binding System,Office Supplies,Central,202,2,405,736,331
8/3/2014,White Computer Printout Paper by Universal,Office Supplies,West,20,3,59,93,34
8/24/2015,Chromcraft Rectangular Conference Tables,Furniture,East,180,2,360,284,76
8/24/2015,Memorex Micro Travel Drive 8 GB,Technology,East,7,2,14,26,12
3/26/2016,"Tenex Personal Self-Stacking Standard File Box, Black/Gray",Office Supplies,South,12,5,62,68,6
3/26/2016,Case Logic 2.4GHz Wireless Keyboard,Technology,South,46,3,138,120,18
9/12/2014,Wilson Jones Impact Binders,Office Supplies,Central,3,5,13,5,8
9/21/2014,Staple envelope,Office Supplies,West,4,2,8,16,7
9/21/2014,"#10 White Business Envelopes,4 1/8 x 9 1/2",Office Supplies,West,8,5,42,78,37
9/21/2014,Newell 34,Office Supplies,West,15,3,44,60,15
9/21/2014,Xerox 1971,Office Supplies,West,2,9,21,39,17
9/21/2014,Polycom CX300 Desktop Phone USB VoIP phone,Technology,West,108,2,216,240,24
9/21/2014,"Wirebound Four 2-3/4 x 5 Forms per Page, 400 Sets per Book",Office Supplies,West,3,3,10,19,9
10/29/2016,Electrix 20W Halogen Replacement Bulb for Zoom-In Desk Lamp,Furniture,Central,7,5,35,67,32
5/28/2016,Novimex Fabric Task Chair,Furniture,South,52,8,415,390,24
5/28/2016,Great White Multi-Use Recycled Paper (20Lb. and 84 Bright),Office Supplies,South,3,13,43,62,19
12/21/2017,Ibico Presentation Index for Binding Systems,Office Supplies,South,2,6,13,24,11
3/21/2016,Avery Durable Slant Ring Binders,Office Supplies,Central,4,2,8,3,5
3/21/2016,"Global Airflow Leather Mesh Back Chair, Black",Furniture,Central,106,5,528,528,0
3/21/2016,Newell 33,Office Supplies,Central,4,3,12,13,2
11/11/2017,Boston 1799 Powerhouse Electric Pencil Sharpener,Office Supplies,Central,19,7,131,182,51
9/23/2017,"Atlantic Metals Mobile 5-Shelf Bookcases, Custom Colors",Furniture,West,211,2,421,181,241
9/23/2017,Belkin F8E887 USB Wired Ergonomic Keyboard,Technology,West,24,2,47,48,1
9/10/2017,"Rediform S.O.S. 1-Up Phone Message Bk, 4-1/4x3-1/16 Bk, 1 Form/Pg, 40 Messages/Bk, 3/Pk",Office Supplies,East,5,2,10,19,9
12/5/2017,"Eldon Expressions Wood and Plastic Desk Accessories, Cherry Wood",Furniture,East,5,3,15,21,6
12/5/2017,"Seth Thomas 14"" Putty-Colored Wall Clock",Furniture,East,20,2,40,59,18
12/5/2017,Eureka The Boss Cordless Rechargeable Stick Vac,Office Supplies,East,37,5,186,255,69
11/9/2017,Wilson Jones Turn Tabs Binder Tool for Ring Binders,Office Supplies,East,3,2,5,10,4
11/9/2017,Maxell iVDR EX 500GB Cartridge,Technology,East,157,3,471,827,355
11/9/2017,Adjustable Depth Letter/Legal Cart,Office Supplies,East,129,9,1160,1633,474
11/9/2017,Adjustable Depth Letter/Legal Cart,Office Supplies,East,129,3,387,544,158
11/7/2014,Satellite Sectional Post Binders,Office Supplies,Central,23,3,70,26,44
11/7/2014,Staple envelope,Office Supplies,Central,16,3,47,74,27
3/12/2017,PowerGen Dual USB Car Charger,Technology,East,5,7,38,70,32
10/20/2017,Avery 510,Office Supplies,West,2,1,2,4,2
10/20/2017,Wilson Jones Four-Pocket Poly Binders,Office Supplies,West,3,4,13,21,8
12/27/2015,Sterilite Show Offs Storage Containers,Office Supplies,Central,5,3,16,13,3
10/2/2017,Plantronics 81402,Technology,East,49,1,49,66,17
6/4/2017,Presstex Flexible Ring Binders,Office Supplies,Central,2,7,16,6,10
9/1/2014,Prestige Round Ring Binders,Office Supplies,Central,3,3,10,4,6
9/1/2014,Xerox 216,Office Supplies,Central,3,6,20,31,11
8/8/2016,"Alliance Super-Size Bands, Assorted Sizes",Office Supplies,South,8,3,23,23,0
7/22/2017,"Square Credit Card Reader, 4 1/2"" x 4 1/2"" x 1"", White",Technology,East,5,3,16,30,14
7/10/2015,Accohide Poly Flexible Ring Binders,Office Supplies,West,2,3,6,3,2
12/1/2014,"BlueLounge Milo Smartphone Stand, White/Metallic",Technology,South,22,4,86,96,10
12/18/2017,Avery Fluorescent Highlighter Four-Color Set,Office Supplies,East,2,7,16,19,2
5/18/2014,Deflect-o Glass Clear Studded Chair Mats,Furniture,East,49,3,146,149,4
5/18/2014,Xerox 1949,Office Supplies,East,3,4,10,16,6
11/10/2014,Jabra SPEAK 410,Technology,West,68,8,541,602,60
11/10/2014,Memorex Froggy Flash Drive 4 GB,Technology,West,7,1,7,11,4
11/10/2014,Luxo Economy Swing Arm Lamp,Furniture,West,14,2,29,40,11
11/10/2014,"Southworth 100% Résumé Paper, 24lb.",Office Supplies,West,4,8,34,62,28
11/10/2014,"Eldon Expressions Punched Metal & Wood Desk Accessories, Pewter & Cherry",Furniture,West,8,5,38,53,15
11/10/2014,Avery White Multi-Purpose Labels,Office Supplies,West,3,8,22,40,18
1/9/2016,Logitech G500s Laser Gaming Mouse with Adjustable Weight Tuning,Technology,West,46,5,231,350,119
1/9/2016,netTALK DUO VoIP Telephone Service,Technology,West,26,9,236,378,142
9/22/2017,Staple envelope,Office Supplies,Central,3,3,8,13,5
9/22/2017,Insertable Tab Post Binder Dividers,Office Supplies,Central,4,7,30,11,19
12/23/2014,Belkin F9H710-06 7 Outlet SurgeMaster Surge Protector,Office Supplies,Central,14,11,149,207,58
5/26/2016,"OIC #2 Pencils, Medium Soft",Office Supplies,East,1,1,1,2,0
5/26/2016,Holmes HEPA Air Purifier,Office Supplies,East,14,2,28,35,7
7/8/2017,Avery 485,Office Supplies,West,7,6,40,75,35
5/13/2014,Plantronics Audio 478 Stereo USB Headset,Technology,West,32,3,97,150,52
11/10/2017,Fellowes PB300 Plastic Comb Binding Machine,Office Supplies,East,206,3,617,931,314
11/10/2017,Aastra 6757i CT Wireless VoIP phone,Technology,East,153,2,306,431,125
10/2/2015,Computer Printout Paper with Letter-Trim Perforations,Office Supplies,East,10,5,49,95,46
10/2/2015,Globe Weis Peel & Seel First Class Envelopes,Office Supplies,East,7,4,28,51,23
10/2/2015,NETGEAR N750 Dual Band Wi-Fi Gigabit Router,Technology,East,58,1,58,90,32
10/2/2014,"Adams Telephone Message Book W/Dividers/Space For Phone Numbers, 5 1/4""X8 1/2"", 300/Messages",Office Supplies,West,3,2,6,9,3
10/2/2014,Staples,Office Supplies,West,2,2,3,5,1
10/2/2014,Bose SoundLink Bluetooth Speaker,Technology,West,105,2,211,318,107
10/2/2014,Letter or Legal Size Expandable Poly String Tie Envelopes,Office Supplies,West,1,6,8,13,5
10/2/2014,Stiletto Hand Letter Openers,Office Supplies,West,9,2,19,15,3
10/2/2014,Pyle PMP37LED,Technology,West,70,3,210,230,20
10/2/2014,Kingston Digital DataTraveler 16GB USB 2.0,Technology,West,7,1,7,7,0
8/11/2014,Tennsco Single-Tier Lockers,Office Supplies,East,357,1,357,375,19
9/1/2017,"Seth Thomas 12"" Clock w/ Goldtone Case",Furniture,East,15,5,76,115,39
4/16/2017,Satellite Sectional Post Binders,Office Supplies,Central,23,3,70,26,44
4/16/2017,"GBC White Gloss Covers, Plain Front",Office Supplies,Central,8,1,8,3,5
4/16/2017,Tennsco Commercial Shelving,Office Supplies,Central,20,2,40,33,8
4/24/2016,Cardinal Holdit Business Card Pockets,Office Supplies,West,3,1,3,4,1
1/15/2016,"Bevis Round Bullnose 29"" High Table Top",Furniture,East,197,1,197,182,16
5/2/2016,Super Decoflex Portable Personal File,Office Supplies,East,11,3,32,45,13
5/2/2016,Poly Designer Cover & Back,Office Supplies,East,10,3,30,46,16
11/20/2016,"Global Wood Trimmed Manager's Task Chair, Khaki",Furniture,Central,79,5,396,318,77
11/20/2016,Samsung HM1900 Bluetooth Headset,Technology,Central,11,7,77,123,46
11/20/2016,Eldon Wave Desk Accessories,Furniture,Central,3,3,10,7,3
2/1/2016,X-Rack File for Hanging Folders,Office Supplies,South,8,5,42,56,15
3/31/2017,"SlimView Poly Binder, 3/8""",Office Supplies,Central,3,13,36,13,23
12/1/2017,Cisco SPA112 2 Port Phone Adapter,Technology,Central,39,5,195,220,25
12/1/2017,DMI Arturo Collection Mission-style Design Wood Chair,Furniture,Central,112,3,335,317,18
12/10/2017,Logitech Desktop MK120 Mouse and keyboard Combo,Technology,West,15,3,44,49,5
12/10/2017,Fellowes Bankers Box Staxonsteel Drawer File/Stacking System,Office Supplies,West,57,5,286,325,39
12/10/2017,Col-Erase Pencils with Erasers,Office Supplies,West,4,3,13,18,5
9/17/2016,Harbour Creations 67200 Series Stacking Chairs,Furniture,West,52,2,104,114,10
9/17/2016,Clarity 53712,Technology,West,49,2,98,106,8
12/23/2016,"Acco Clips to Go Binder Clips, 24 Clips in Two Sizes",Office Supplies,Central,2,7,13,25,12
4/17/2017,"Eldon Executive Woodline II Desk Accessories, Mahogany",Furniture,East,18,3,55,60,5
10/27/2017,Prang Colored Pencils,Office Supplies,Central,2,3,5,7,2
10/27/2017,Spigen Samsung Galaxy S5 Case Wallet,Technology,Central,13,2,25,27,2
7/8/2016,Logitech Mobile Speakerphone P710e - speaker phone,Technology,West,99,1,99,108,9
7/8/2016,"Fellowes Twister Kit, Gray/Clear, 3/pkg",Office Supplies,West,4,3,13,19,6
8/9/2015,Avery File Folder Labels,Office Supplies,South,1,2,3,5,2
12/9/2016,Hon 61000 Series Interactive Training Tables,Furniture,South,36,3,109,80,29
12/9/2016,"Acco Pressboard Covers with Storage Hooks, 14 7/8"" x 11"", Light Blue",Office Supplies,South,3,2,5,3,2
11/13/2016,XtraLife ClearVue Slant-D Ring Binders by Cardinal,Office Supplies,Central,4,2,8,3,5
11/14/2014,Xerox 221,Office Supplies,Central,3,4,13,21,7
11/17/2014,Case Logic 2.4GHz Wireless Keyboard,Technology,West,46,2,92,100,8
11/17/2014,Xerox 1941,Office Supplies,West,55,7,382,734,352
11/17/2014,APC 7 Outlet Network SurgeArrest Surge Protector,Office Supplies,West,56,3,169,241,72
3/4/2016,Avery 518,Office Supplies,South,2,4,7,10,4
10/11/2014,Fellowes High-Stak Drawer Files,Office Supplies,East,136,2,271,282,11
10/11/2014,Airmail Envelopes,Office Supplies,East,44,3,133,201,68
5/22/2014,Nortel Networks T7316 E Nt8 B27,Technology,South,51,2,102,136,34
5/22/2014,Plantronics Encore H101 Dual Earpieces Headset,Technology,South,32,1,32,45,13
7/15/2014,Maxell 4.7GB DVD-R 5/Pack,Technology,Central,1,3,2,3,1
7/15/2014,Advantus Push Pins,Office Supplies,Central,1,3,4,7,3
12/27/2015,Maxell 4.7GB DVD-R 5/Pack,Technology,West,1,8,4,8,3
2/9/2015,"Global Deluxe Stacking Chair, Gray",Furniture,West,36,5,181,204,23
5/8/2017,Canon Imageclass D680 Copier / Fax,Technology,West,385,6,2310,3360,1050
11/2/2017,Staples,Office Supplies,Central,3,3,9,18,9
11/2/2017,"Binney & Smith Crayola Metallic Colored Pencils, 8-Color Set",Office Supplies,Central,3,6,19,28,9
4/5/2014,Crayola Colored Pencils,Office Supplies,South,2,7,15,23,8
4/5/2014,AT&T CL82213,Technology,South,21,1,21,29,8
4/5/2014,Xerox 1957,Office Supplies,South,3,2,7,13,6
4/5/2014,Newell 321,Office Supplies,South,2,7,16,23,7
4/5/2014,Martin Yale Chadless Opener Electric Letter Opener,Office Supplies,South,816,5,4081,4164,83
9/17/2014,Logitech Trackman Marble Mouse,Technology,South,17,2,35,48,13
9/17/2014,Xerox 1924,Office Supplies,South,3,1,3,5,2
9/30/2014,"Master Caster Door Stop, Brown",Furniture,East,3,3,10,15,5
9/12/2014,"Premier Elliptical Ring Binder, Black",Office Supplies,East,16,7,111,64,47
2/20/2017,Newell 351,Office Supplies,Central,2,2,5,7,2
2/20/2017,Disposable Triple-Filter Dust Bags,Office Supplies,Central,3,3,10,13,3
12/13/2015,Plantronics Voyager Pro Legend,Technology,West,148,3,445,494,49
12/13/2015,"Angle-D Binders with Locking Rings, Label Holders",Office Supplies,West,4,5,19,29,10
12/13/2015,Logitech K350 2.4Ghz Wireless Keyboard,Technology,West,44,5,221,249,27
12/13/2015,Memorex Mini Travel Drive 64 GB USB 2.0 Flash Drive,Technology,West,21,1,21,36,15
10/30/2016,Newell 312,Office Supplies,Central,4,2,8,12,4
12/26/2014,Acme Rosewood Handle Letter Opener,Office Supplies,West,4,3,12,12,0
12/26/2014,"Eldon Regeneration Recycled Desk Accessories, Smoke",Furniture,West,1,2,2,3,1
8/15/2014,GBC Durable Plastic Covers,Office Supplies,Central,10,8,84,31,53
10/1/2017,Fellowes Powershred HS-440 4-Sheet High Security Shredder,Technology,East,85,11,938,1705,767
5/23/2015,Cardinal EasyOpen D-Ring Binders,Office Supplies,West,5,7,32,19,13
5/23/2015,Fellowes Superior 10 Outlet Split Surge Protector,Office Supplies,West,27,4,108,122,14
11/16/2017,Bady BDG101FRU Card Printer,Technology,West,568,3,1704,1920,216
11/18/2014,Fellowes PB200 Plastic Comb Binding Machine,Office Supplies,East,92,1,92,51,41
11/18/2014,Safco Industrial Wire Shelving,Office Supplies,East,93,1,93,77,16
11/18/2014,Motorola Droid Maxx,Technology,East,108,6,648,540,108
11/18/2014,"Eldon Executive Woodline II Desk Accessories, Mahogany",Furniture,East,18,3,55,60,5
11/18/2014,Peel & Stick Add-On Corner Pockets,Office Supplies,East,1,3,3,2,1
12/30/2014,Fashion Color Clasp Envelopes,Office Supplies,Central,3,3,8,13,5
12/30/2014,"Plantronics CS 50-USB - headset - Convertible, Monaural",Technology,Central,99,2,199,218,19
12/30/2014,AT&T 1080 Corded phone,Technology,Central,100,3,300,329,29
12/30/2014,Acco Hanging Data Binders,Office Supplies,Central,2,3,6,2,4
12/30/2014,Logitech 910-002974 M325 Wireless Mouse for Web Scrolling,Technology,Central,17,2,34,48,14
11/5/2015,"Wilson Jones 1"" Hanging DublLock Ring Binders",Office Supplies,East,3,6,16,25,9
9/17/2016,Avery Arch Ring Binders,Office Supplies,East,31,5,154,232,78
3/20/2016,"Eldon Image Series Desk Accessories, Ebony",Furniture,South,7,7,48,86,38
9/27/2014,DMI Arturo Collection Mission-style Design Wood Chair,Furniture,West,112,5,559,604,45
9/27/2014,Xerox 1919,Office Supplies,West,21,2,42,82,40
12/24/2017,DMI Arturo Collection Mission-style Design Wood Chair,Furniture,East,112,2,223,272,48
12/24/2017,"DXL Angle-View Binders with Locking Rings, Black",Office Supplies,East,3,3,10,14,5
11/10/2017,Tenex Antistatic Computer Chair Mats,Furniture,Central,154,5,769,342,427
9/11/2015,Boston 19500 Mighty Mite Electric Pencil Sharpener,Office Supplies,West,15,9,132,181,49
9/11/2015,Avery 474,Office Supplies,West,1,3,4,9,4
12/20/2014,Hoover Commercial Soft Guard Upright Vacuum And Disposable Filtration Bags,Office Supplies,South,6,7,40,44,4
12/20/2014,SAFCO Arco Folding Chair,Furniture,South,196,3,588,663,75
12/20/2014,Weyerhaeuser First Choice Laser/Copy Paper (20Lb. and 88 Bright),Office Supplies,South,3,5,17,26,9
7/23/2015,Belkin F5C206VTEL 6 Outlet Surge,Office Supplies,East,16,3,48,69,21
7/23/2015,"Howard Miller 13"" Diameter Pewter Finish Round Wall Clock",Furniture,East,26,3,79,129,50
11/11/2014,GBC DocuBind TL300 Electric Binding System,Office Supplies,Central,475,5,2377,897,1480
11/11/2014,"Universal Recycled Hanging Pressboard Report Binders, Letter Size",Office Supplies,Central,3,1,3,1,2
11/11/2014,"Boston Electric Pencil Sharpener, Model 1818, Charcoal Black",Office Supplies,Central,20,3,61,68,7
11/11/2014,"Wirebound Message Book, 4 per Page",Office Supplies,Central,3,5,14,22,8
11/11/2014,Xerox 1893,Office Supplies,Central,21,8,167,262,95
11/11/2014,Geemarc AmpliPOWER60,Technology,Central,66,2,132,148,17
11/11/2014,Classic Ivory Antique Telephone ZL1810,Technology,Central,75,3,226,241,15
12/14/2017,Kensington Expert Mouse Optical USB Trackball for PC or Mac,Technology,Central,66,3,199,228,28
12/14/2017,Samsung HM1900 Bluetooth Headset,Technology,Central,11,3,33,53,20
12/14/2017,"Master Caster Door Stop, Gray",Furniture,Central,3,1,3,2,1
8/21/2017,Newell 336,Office Supplies,West,3,4,12,17,5
8/21/2017,Cisco 8x8 Inc. 6753i IP Business Phone System,Technology,West,99,4,394,432,38
8/21/2017,Tenex Chairmats For Use with Hard Floors,Furniture,West,30,4,120,130,10
8/21/2017,Chromcraft Rectangular Conference Tables,Furniture,West,180,3,540,569,28
8/21/2017,"Acco Flexible ACCOHIDE Square Ring Data Binder, Dark Blue, 11 1/2"" X 14"" 7/8""",Office Supplies,West,8,9,75,117,42
8/21/2017,Fellowes Command Center 5-outlet power strip,Office Supplies,West,50,3,149,204,55
8/21/2017,"Avery Address/Shipping Labels for Typewriters, 4"" x 2""",Office Supplies,West,5,5,27,52,25
8/27/2016,Xerox 1919,Office Supplies,East,21,3,63,123,60
8/27/2016,"SAFCO PlanMaster Heigh-Adjustable Drafting Table Base, 43w x 30d x 30-37h, Black",Furniture,East,224,1,224,245,21
8/27/2016,PureGear Roll-On Screen Protector,Technology,East,10,3,31,60,29
8/27/2016,Southworth 25% Cotton Linen-Finish Paper & Envelopes,Office Supplies,East,5,9,45,82,37
8/27/2016,Staples,Office Supplies,East,2,4,6,12,5
8/27/2016,"Wilson Jones Clip & Carry Folder Binder Tool for Ring Binders, Clear",Office Supplies,East,3,5,15,29,14
8/13/2015,50 Colored Long Pencils,Office Supplies,West,8,5,38,51,13
11/5/2017,Avery Recycled Flexi-View Covers for Binding Systems,Office Supplies,Central,8,5,42,16,26
8/17/2016,"Acco Pressboard Covers with Storage Hooks, 14 7/8"" x 11"", Light Blue",Office Supplies,West,3,4,10,16,6
12/26/2016,Belkin F8E887 USB Wired Ergonomic Keyboard,Technology,East,24,3,71,90,19
9/23/2014,"Rush Hierlooms Collection 1"" Thick Stackable Bookcases",Furniture,West,138,3,415,436,21
9/23/2014,netTALK DUO VoIP Telephone Service,Technology,West,26,2,52,84,31
7/19/2014,Polycom VVX 310 VoIP phone,Technology,East,133,2,266,360,94
7/19/2014,"Barricks 18"" x 48"" Non-Folding Utility Table with Bottom Storage Shelf",Furniture,East,75,1,75,71,4
7/19/2014,"Avery 3 1/2"" Diskette Storage Pages, 10/Pack",Office Supplies,East,6,2,11,21,10
7/19/2014,Acco Hanging Data Binders,Office Supplies,East,2,1,2,4,2
9/7/2017,Easy-staple paper,Office Supplies,Central,5,9,47,73,26
5/6/2016,Insertable Tab Post Binder Dividers,Office Supplies,Central,4,2,9,3,5
5/6/2016,Logitech Desktop MK120 Mouse and keyboard Combo,Technology,Central,15,2,29,26,3
6/4/2015,"Wirebound Message Books, Two 4 1/4"" x 5"" Forms per Page",Office Supplies,East,4,4,16,30,14
6/4/2015,"Executive Impressions 10"" Spectator Wall Clock",Furniture,East,8,3,23,35,12
12/13/2015,Xerox 222,Office Supplies,East,3,3,10,19,9
12/13/2015,Flexible Leather- Look Classic Collection Ring Binder,Office Supplies,East,9,2,19,38,19
7/16/2016,Staple-based wall hangings,Furniture,Central,4,3,13,10,4
1/31/2014,"Sauder Facets Collection Library, Sky Alder Finish",Furniture,West,144,2,287,291,3
7/9/2014,"Eureka Recycled Copy Paper 8 1/2"" x 11"", Ream",Office Supplies,Central,3,2,7,10,4
7/9/2014,Xerox 1895,Office Supplies,Central,3,3,10,14,4
11/21/2015,"Hon Metal Bookcases, Putty",Furniture,West,50,2,101,142,41
11/21/2015,"Square Ring Data Binders, Rigid 75 Pt. Covers, 11"" x 14-7/8""",Office Supplies,West,11,4,43,66,23
3/25/2016,Logitech P710e Mobile Speakerphone,Technology,Central,209,5,1043,1287,245
9/23/2017,"Acco PRESSTEX Data Binder with Storage Hooks, Light Blue, 9 1/2"" X 11""",Office Supplies,West,3,6,17,26,9
9/23/2017,APC 7 Outlet Network SurgeArrest Surge Protector,Office Supplies,West,56,2,113,161,48
12/4/2015,"DAX Two-Tone Rosewood/Black Document Frame, Desktop, 5 x 7",Furniture,East,6,3,17,28,11
12/4/2015,Office Star - Ergonomically Designed Knee Chair,Furniture,East,71,5,356,364,8
12/4/2015,Square Credit Card Reader,Technology,East,7,4,30,40,10
12/4/2015,"Global Leather Highback Executive Chair with Pneumatic Height Adjustment, Black",Furniture,East,147,2,293,362,68
11/1/2016,"Tenex Personal Filing Tote With Secure Closure Lid, Black/Frost",Office Supplies,Central,12,9,105,112,7
3/17/2017,GBC Plasticlear Binding Covers,Office Supplies,Central,6,6,36,14,22
3/17/2017,Xerox 1900,Office Supplies,Central,2,3,7,10,3
11/23/2017,OIC Stacking Trays,Furniture,East,2,9,17,24,7
8/27/2017,Convenience Packs of Business Envelopes,Office Supplies,South,2,1,2,3,1
12/4/2015,Wausau Papers Astrobrights Colored Envelopes,Office Supplies,East,3,3,9,18,9
12/4/2015,"Global Armless Task Chair, Royal Blue",Furniture,East,51,7,354,384,30
12/4/2015,Wilson SignalBoost 841262 DB PRO Amplifier Kit,Technology,East,252,5,1260,1800,540
10/7/2017,Adjustable Depth Letter/Legal Cart,Office Supplies,South,129,4,515,581,65
10/7/2017,Staples,Office Supplies,South,4,3,13,19,6
10/7/2017,Toshiba IPT2010-SD IP Telephone,Technology,South,103,2,206,222,17
10/7/2017,"Performers Binder/Pad Holder, Black",Office Supplies,South,14,6,84,50,34
10/7/2017,KI Adjustable-Height Table,Furniture,South,64,3,191,155,36
3/25/2017,Xerox 1953,Office Supplies,Central,2,2,5,7,2
8/9/2014,Cisco Unified IP Phone 7945G VoIP phone,Technology,West,256,4,1023,1091,68
8/9/2014,Jawbone MINI JAMBOX Wireless Bluetooth Speaker,Technology,West,132,2,263,219,44
11/22/2014,Wilson Jones Heavy-Duty Casebound Ring Binders with Metal Hinges,Office Supplies,Central,18,1,18,7,11
6/10/2017,"REDIFORM Incoming/Outgoing Call Register, 11"" X 8 1/2"", 100 Messages",Office Supplies,East,4,6,25,40,15
7/1/2017,"Carina Mini System Audio Rack, Model AR050B",Office Supplies,Central,108,4,431,444,13
7/1/2017,Fellowes PB200 Plastic Comb Binding Machine,Office Supplies,Central,92,1,92,170,78
7/1/2017,Xerox 226,Office Supplies,Central,3,4,13,26,12
11/21/2014,"Logitech B530 USB Headset - headset - Full size, Binaural",Technology,South,27,1,27,37,10
11/21/2014,Multicolor Computer Printout Paper,Office Supplies,South,55,6,327,629,302
11/21/2014,Space Solutions Commercial Steel Shelving,Office Supplies,South,61,3,184,194,10
11/21/2014,Newell 322,Office Supplies,South,1,3,4,5,1
5/4/2015,Staple-based wall hangings,Furniture,Central,4,7,31,22,9
5/29/2017,Eldon Executive Woodline II Cherry Finish Desk Accessories,Furniture,Central,29,4,118,65,52
10/17/2015,"Eldon Base for stackable storage shelf, platinum",Office Supplies,West,37,2,74,78,4
4/23/2014,"Global Leather Highback Executive Chair with Pneumatic Height Adjustment, Black",Furniture,East,147,2,293,281,12
4/23/2014,"Global Leather Highback Executive Chair with Pneumatic Height Adjustment, Black",Furniture,East,147,2,293,281,12
4/23/2014,Zipper Ring Binder Pockets,Office Supplies,East,2,8,13,7,5
4/23/2014,G.E. Halogen Desk Lamp Bulbs,Furniture,East,4,4,15,22,8
4/30/2017,Xerox 222,Office Supplies,East,3,2,7,10,4
9/20/2016,Strathmore Photo Frame Cards,Office Supplies,West,4,9,36,66,30
9/20/2016,Fellowes PB200 Plastic Comb Binding Machine,Office Supplies,West,92,2,184,272,88
9/20/2016,Newell 343,Office Supplies,West,2,4,9,12,3
9/20/2016,Xerox 1944,Office Supplies,West,20,2,40,78,38
9/20/2016,Ibico Plastic Spiral Binding Combs,Office Supplies,West,16,2,33,49,16
9/2/2016,Colored Push Pins,Office Supplies,Central,1,1,1,2,1
9/2/2016,"ACCOHIDE 3-Ring Binder, Blue, 1""",Office Supplies,Central,2,2,4,8,4
4/27/2015,Belkin 6 Outlet Metallic Surge Strip,Office Supplies,West,8,5,40,44,3
4/27/2015,Acme Value Line Scissors,Office Supplies,West,3,2,5,6,1
9/6/2015,"Global Airflow Leather Mesh Back Chair, Black",Furniture,East,106,2,211,272,60
5/28/2016,Kensington 7 Outlet MasterPiece HOMEOFFICE Power Control Center,Office Supplies,West,92,2,184,262,79
5/28/2016,Xerox 1991,Office Supplies,West,12,8,99,183,84
5/28/2016,Imation Clip USB flash drive - 8 GB,Technology,West,18,7,124,132,8
5/28/2016,"Wilson Jones Hanging View Binder, White, 1""",Office Supplies,West,4,4,15,23,7
5/28/2016,Okidata C331dn Printer,Technology,West,258,2,517,558,42
9/24/2015,"Acco Pressboard Covers with Storage Hooks, 14 7/8"" x 11"", Executive Red",Office Supplies,Central,2,4,8,15,7
9/24/2015,Hon Olson Stacker Stools,Furniture,Central,101,10,1014,1408,394
7/3/2017,"Message Book, Wirebound, Four 5 1/2"" X 4"" Forms/Pg., 200 Dupl. Sets/Book",Office Supplies,East,5,4,22,33,11
7/3/2017,"Bevis Round Conference Table Top, X-Base",Furniture,East,160,2,319,215,104
7/3/2017,"Wirebound Four 2-3/4 x 5 Forms per Page, 400 Sets per Book",Office Supplies,East,3,6,20,31,11
12/8/2017,Akro-Mils 12-Gallon Tote,Office Supplies,West,7,3,21,30,9
12/8/2017,"Tenex Traditional Chairmats for Hard Floors, Average Lip, 36"" x 48""",Furniture,West,57,2,113,129,15
12/8/2017,Xerox 1968,Office Supplies,West,3,9,31,60,29
12/5/2017,GBC Wire Binding Combs,Office Supplies,West,5,3,16,25,8
12/5/2017,Zipper Ring Binder Pockets,Office Supplies,West,2,6,10,15,5
9/27/2015,Vinyl Sectional Post Binders,Office Supplies,Central,19,2,38,15,23
9/27/2015,"DAX Metal Frame, Desktop, Stepped-Edge",Furniture,Central,12,3,37,24,13
10/30/2017,"DAX Metal Frame, Desktop, Stepped-Edge",Furniture,Central,12,2,25,16,9
10/30/2017,"Bevis Round Conference Table Top, X-Base",Furniture,Central,160,2,319,251,68
10/30/2017,X-Rack File for Hanging Folders,Office Supplies,Central,8,6,50,54,4
11/29/2015,"Acco PRESSTEX Data Binder with Storage Hooks, Dark Blue, 14 7/8"" X 11""",Office Supplies,West,3,1,3,4,2
3/11/2014,"Southworth 100% Résumé Paper, 24lb.",Office Supplies,East,4,14,60,109,49
11/19/2017,Staple envelope,Office Supplies,East,3,3,8,17,8
11/19/2017,Hoover Shoulder Vac Commercial Portable Vacuum,Office Supplies,East,268,7,1879,2505,626
7/29/2016,"Gould Plastics 9-Pocket Panel Bin, 18-3/8w x 5-1/4d x 20-1/2h, Black",Office Supplies,East,51,2,102,85,17
6/12/2015,"Perma STOR-ALL Hanging File Box, 13 1/8""W x 12 1/4""D x 10 1/2""H",Office Supplies,East,5,5,25,30,5
8/6/2016,Easy-staple paper,Office Supplies,East,19,2,38,71,33
6/11/2017,"OIC #2 Pencils, Medium Soft",Office Supplies,South,1,2,3,4,1
10/7/2016,GBC Recycled VeloBinder Covers,Office Supplies,West,9,2,18,27,9
9/8/2014,"Holmes Replacement Filter for HEPA Air Cleaner, Medium Room",Office Supplies,West,6,5,32,57,24
9/8/2014,Pizazz Global Quick File,Office Supplies,West,11,1,11,15,4
9/8/2014,Ideal Clamps,Office Supplies,West,1,2,2,4,2
3/16/2014,Polycom VoiceStation 500 Conference phone,Technology,South,221,2,442,472,29
3/1/2015,"XtraLife ClearVue Slant-D Ring Binder, White, 3""",Office Supplies,South,8,4,32,59,27
7/9/2015,"Binney & Smith inkTank Desk Highlighter, Chisel Tip, Yellow, 12/Box",Office Supplies,South,1,3,4,5,1
2/20/2016,"Speediset Carbonless Redi-Letter 7"" x 8 1/2""",Office Supplies,South,5,2,11,16,6
9/16/2017,Logitech Trackman Marble Mouse,Technology,East,17,3,52,72,20
9/16/2017,"Eldon Expressions Punched Metal & Wood Desk Accessories, Black & Cherry",Furniture,East,7,3,20,23,2
9/16/2017,Binder Posts,Office Supplies,East,3,2,6,3,3
9/16/2017,GBC DocuBind TL300 Electric Binding System,Office Supplies,East,475,2,951,538,413
9/16/2017,Logitech 910-002974 M325 Wireless Mouse for Web Scrolling,Technology,East,17,2,34,48,14
11/5/2017,Nortel Meridian M3904 Professional Digital phone,Technology,Central,109,4,437,493,55
2/20/2015,Sanford 52201 APSCO Electric Pencil Sharpener,Office Supplies,East,30,7,212,287,75
11/25/2016,"Telephone Message Books with Fax/Mobile Section, 5 1/2"" x 3 3/16""",Office Supplies,South,3,1,3,5,2
12/3/2017,Kensington Orbit Wireless Mobile Trackball for PC and Mac,Technology,South,41,1,41,48,7
9/10/2015,Euro-Pro Shark Turbo Vacuum,Office Supplies,East,23,2,46,62,16
9/10/2015,O'Sullivan 2-Door Barrister Bookcase in Odessa Pine,Furniture,East,139,2,279,362,83
9/10/2015,Xerox 1960,Office Supplies,East,17,9,153,279,125
12/14/2016,"Executive Impressions 14""",Furniture,South,12,6,75,133,59
4/6/2015,Xerox 1884,Office Supplies,South,11,3,32,48,16
12/1/2016,Westinghouse Clip-On Gooseneck Lamps,Furniture,West,6,2,12,17,4
11/12/2017,Strathmore Photo Mount Cards,Office Supplies,East,4,2,7,11,4
11/12/2017,"Verbatim 25 GB 6x Blu-ray Single Layer Recordable Disc, 10/Pack",Technology,East,8,2,16,19,3
3/3/2017,Global Ergonomic Managers Chair,Furniture,Central,134,1,134,181,47
3/3/2017,Logitech Wireless Marathon Mouse M705,Technology,Central,28,2,57,100,43
11/27/2016,"Verbatim 25 GB 6x Blu-ray Single Layer Recordable Disc, 3/Pack",Technology,Central,4,5,20,35,15
11/27/2016,Ibico Plastic Spiral Binding Combs,Office Supplies,Central,16,5,82,152,70
8/31/2014,KeyTronic KT400U2 - Keyboard - Black,Technology,West,8,9,74,93,19
12/8/2016,Newell 341,Office Supplies,West,3,2,6,9,2
12/8/2016,Xerox 204,Office Supplies,West,3,7,24,45,22
12/8/2016,Hon 94000 Series Round Tables,Furniture,West,270,6,1617,1422,195
4/7/2014,"Stacking Tray, Side-Loading, Legal, Smoke",Furniture,South,3,2,6,9,3
8/27/2014,GE 30522EE2,Technology,South,82,5,412,580,168
8/27/2014,"Master Caster Door Stop, Large Neon Orange",Furniture,South,4,4,17,29,13
8/27/2014,Bretford CR8500 Series Meeting Room Furniture,Furniture,South,301,3,902,1203,301
10/21/2016,Avery Reinforcements for Hole-Punch Pages,Office Supplies,East,1,4,4,8,4
11/30/2016,AT&T 17929 Lendline Telephone,Technology,South,33,1,33,36,3
9/5/2017,"Gould Plastics 18-Pocket Panel Bin, 34w x 5-1/4d x 20-1/2h",Office Supplies,South,88,2,177,147,29
7/2/2015,Hon 4070 Series Pagoda Armless Upholstered Stacking Chairs,Furniture,Central,207,2,414,408,6
7/2/2015,"Global Wood Trimmed Manager's Task Chair, Khaki",Furniture,Central,79,6,475,382,93
7/2/2015,Advantus Rolling Storage Box,Office Supplies,Central,13,5,63,69,6
7/2/2015,Adjustable Depth Letter/Legal Cart,Office Supplies,Central,129,3,387,436,49
7/2/2015,"Adams Phone Message Book, Professional, 400 Message Capacity, 5 3/6” x 11”",Office Supplies,Central,4,2,7,11,4
9/24/2017,KeyTronic E03601U1 - Keyboard - Beige,Technology,Central,15,4,59,72,13
9/24/2017,Imation Bio 2GB USB Flash Drive Imation Corp,Technology,Central,76,5,380,656,275
9/24/2017,"Global Airflow Leather Mesh Back Chair, Black",Furniture,Central,106,4,423,604,181
8/8/2016,"Chromcraft 48"" x 96"" Racetrack Double Pedestal Table",Furniture,West,250,2,500,513,13
8/8/2016,Kensington 4 Outlet MasterPiece Compact Power Control Center,Office Supplies,West,59,6,351,488,137
8/8/2016,Acco Hanging Data Binders,Office Supplies,West,2,5,10,15,5
9/29/2016,Logitech G500s Laser Gaming Mouse with Adjustable Weight Tuning,Technology,South,46,3,139,210,71
9/29/2016,Premium Transparent Presentation Covers by GBC,Office Supplies,South,11,3,33,63,30
9/29/2016,"Sanford Colorific Colored Pencils, 12/Box",Office Supplies,South,2,9,18,26,8
4/10/2017,Xerox 1894,Office Supplies,Central,3,2,7,10,4
4/10/2017,Logitech MX Performance Wireless Mouse,Technology,Central,25,3,75,96,20
12/18/2016,Tennsco Double-Tier Lockers,Office Supplies,East,196,4,783,900,117
6/20/2014,HTC One Mini,Technology,Central,91,2,181,202,20
6/20/2014,Storex DuraTech Recycled Plastic Frosted Binders,Office Supplies,Central,2,4,8,3,5
6/20/2014,"Hon Metal Bookcases, Black",Furniture,Central,53,4,213,193,20
6/20/2014,Xerox 2,Office Supplies,Central,3,3,10,16,5
6/20/2014,"Array Parchment Paper, Assorted Colors",Office Supplies,Central,4,2,8,12,4
6/20/2014,Okidata C331dn Printer,Technology,Central,258,2,517,419,98
6/20/2014,Safco Industrial Wire Shelving System,Office Supplies,Central,91,7,637,509,127
9/4/2017,"Bush Birmingham Collection Bookcase, Dark Cherry",Furniture,Central,105,9,943,825,118
9/4/2017,"It's Hot Message Books with Stickers, 2 3/4"" x 5""",Office Supplies,Central,4,3,12,18,6
9/4/2017,"Sanford Colorific Colored Pencils, 12/Box",Office Supplies,Central,2,3,6,7,1
12/20/2016,SanDisk Ultra 32 GB MicroSDHC Class 10 Memory Card,Technology,South,19,3,58,66,9
8/9/2016,Xerox 199,Office Supplies,South,2,9,21,31,10
8/9/2016,Apple EarPods with Remote and Mic,Technology,South,20,2,40,45,4
8/9/2016,Kensington 7 Outlet MasterPiece Power Center,Office Supplies,South,126,4,505,570,64
6/22/2015,Hon Rectangular Conference Tables,Furniture,Central,189,7,1322,796,526
4/10/2015,Insertable Tab Post Binder Dividers,Office Supplies,West,4,2,9,13,4
11/21/2016,Xerox 1987,Office Supplies,Central,3,7,21,40,20
11/21/2016,Logitech Mobile Speakerphone P710e - speaker phone,Technology,Central,99,3,296,405,109
9/5/2016,HP Standard 104 key PS/2 Keyboard,Technology,West,11,8,87,116,29
11/24/2016,AT&T 1080 Phone,Technology,Central,101,6,608,658,49
12/10/2017,Razer Tiamat Over Ear 7.1 Surround Sound PC Gaming Headset,Technology,South,114,3,342,600,258
12/10/2017,Cyber Acoustics AC-202b Speech Recognition Stereo Headset,Technology,South,13,3,38,39,1
12/10/2017,Avery Metallic Poly Binders,Office Supplies,South,3,8,24,46,22
6/24/2016,Macally Suction Cup Mount,Technology,West,12,4,48,38,10
9/17/2015,SanDisk Cruzer 64 GB USB Flash Drive,Technology,South,25,3,76,87,11
5/19/2016,Newell 341,Office Supplies,Central,3,5,15,21,6
5/28/2016,Fiskars Softgrip Scissors,Office Supplies,East,8,5,40,55,15
4/18/2014,Ativa MDM8000 8-Sheet Micro-Cut Shredder,Technology,West,48,4,191,288,97
4/18/2014,Newell 351,Office Supplies,West,2,4,9,13,4
4/18/2014,"Binney & Smith inkTank Desk Highlighter, Chisel Tip, Yellow, 12/Box",Office Supplies,West,1,5,7,11,4
4/18/2014,"Advantus Push Pins, Aluminum Head",Office Supplies,West,4,2,8,12,4
6/17/2016,"Rogers Jumbo File, Granite",Office Supplies,East,13,3,40,41,0
5/9/2014,Fellowes Super Stor/Drawer,Office Supplies,South,23,3,68,83,15
5/9/2014,Avery 518,Office Supplies,South,2,3,5,9,5
5/9/2014,Avery 506,Office Supplies,South,2,5,11,21,9
5/9/2014,Weyerhaeuser First Choice Laser/Copy Paper (20Lb. and 88 Bright),Office Supplies,South,3,7,24,45,22
9/18/2016,Eldon Pizzaz Desk Accessories,Furniture,East,1,3,4,5,2
9/18/2016,"Situations Contoured Folding Chairs, 4/Set",Furniture,East,53,2,106,99,7
9/18/2016,"Eldon Spacemaker Box, Quick-Snap Lid, Clear",Office Supplies,East,2,1,2,3,0
12/23/2017,Spiral Phone Message Books with Labels by Adams,Office Supplies,Central,2,8,18,29,10
12/23/2017,Acco 6 Outlet Guardian Premium Plus Surge Suppressor,Office Supplies,Central,13,8,104,29,75
10/30/2017,Eldon Gobal File Keepers,Office Supplies,South,15,7,102,106,4
10/30/2017,"Acme 10"" Easy Grip Assistive Scissors",Office Supplies,South,12,2,25,35,11
10/30/2017,"Metal Folding Chairs, Beige, 4/Carton",Furniture,South,25,1,25,34,9
10/30/2017,Smead Alpha-Z Color-Coded Name Labels First Letter Starter Set,Office Supplies,South,2,8,16,30,14
3/29/2016,Computer Printout Paper with Letter-Trim Perforations,Office Supplies,Central,10,3,30,46,16
3/29/2016,"Global Leather Highback Executive Chair with Pneumatic Height Adjustment, Black",Furniture,Central,147,6,880,844,36
3/29/2016,Jabra BIZ 2300 Duo QD Duo Corded Headset,Technology,Central,94,8,752,813,61
11/23/2017,GBC Standard Therm-A-Bind Covers,Office Supplies,East,13,1,13,7,6
3/23/2014,Economy Rollaway Files,Office Supplies,West,122,2,244,330,86
3/23/2014,Ooma Telo VoIP Home Phone System,Technology,West,94,6,567,605,38
12/1/2017,Xerox 1905,Office Supplies,West,3,7,24,45,22
12/1/2017,"Cardinal HOLDit! Binder Insert Strips,Extra Strips",Office Supplies,West,3,2,6,10,4
11/7/2017,Avery Self-Adhesive Photo Pockets for Polaroid Photos,Office Supplies,West,4,4,14,22,8
11/7/2017,Plantronics Audio 995 Wireless Stereo Headset,Technology,West,74,4,295,440,145
9/4/2017,DIXON Oriole Pencils,Office Supplies,East,2,4,8,8,1
9/4/2017,GBC Recycled VeloBinder Covers,Office Supplies,East,9,5,46,26,20
9/4/2017,Wilson Jones Active Use Binders,Office Supplies,East,4,2,7,4,3
9/4/2017,"Telephone Message Books with Fax/Mobile Section, 4 1/4"" x 6""",Office Supplies,East,2,4,8,12,4
7/3/2016,Xerox 200,Office Supplies,West,3,2,7,13,6
7/3/2016,"Brites Rubber Bands, 1 1/2 oz. Box",Office Supplies,West,2,2,4,4,0
9/7/2017,GBC DocuBind 300 Electric Binding Machine,Office Supplies,Central,274,3,821,1578,757
9/9/2016,"Eldon Expressions Punched Metal & Wood Desk Accessories, Black & Cherry",Furniture,Central,7,4,27,15,12
7/3/2017,Logitech 910-002974 M325 Wireless Mouse for Web Scrolling,Technology,West,17,2,34,60,26
7/3/2017,Okidata MB491 Multifunction Printer,Technology,West,364,6,2186,2395,210
7/3/2017,Plantronics Savi W720 Multi-Device Wireless Headset System,Technology,West,236,4,945,1688,743
7/3/2017,"Square Credit Card Reader, 4 1/2"" x 4 1/2"" x 1"", White",Technology,West,5,1,5,8,3
6/29/2017,Xerox 218,Office Supplies,Central,3,1,3,5,2
8/7/2017,"Quartet Omega Colored Chalk, 12/Pack",Office Supplies,East,3,2,6,12,5
8/7/2017,Staples in misc. colors,Office Supplies,East,8,10,79,105,26
3/19/2015,"Adams Telephone Message Books, 5 1/4” x 11”",Office Supplies,South,3,3,10,14,5
6/7/2016,Avery Hanging File Binders,Office Supplies,West,3,1,3,5,2
6/7/2016,"While You Were Out Pads, 50 per Pad, 4 x 5 1/4, Green Cycle",Office Supplies,West,2,1,2,5,2
7/25/2016,Akro Stacking Bins,Office Supplies,South,8,1,8,8,0
7/25/2016,Advantus Motivational Note Cards,Office Supplies,South,7,5,33,66,32
7/25/2016,"Office Impressions End Table, 20-1/2""H x 24""W x 20""D",Furniture,South,255,8,2041,2430,389
10/1/2017,Xerox 1915,Office Supplies,Central,55,1,55,105,50
12/10/2015,"Avery Hi-Liter Comfort Grip Fluorescent Highlighter, Yellow Ink",Office Supplies,Central,1,2,2,4,2
12/10/2015,Bretford CR8500 Series Meeting Room Furniture,Furniture,Central,301,2,601,802,200
12/10/2015,Global Super Steno Chair,Furniture,Central,80,2,159,192,33
12/10/2015,Permanent Self-Adhesive File Folder Labels for Typewriters by Universal,Office Supplies,Central,1,1,1,3,1
9/3/2017,"Premium Writing Pencils, Soft, #2 by Central Association for the Blind",Office Supplies,West,2,2,4,6,2
9/24/2017,Apple iPhone 5,Technology,East,474,3,1423,1170,253
12/19/2017,Martin Yale Chadless Opener Electric Letter Opener,Office Supplies,South,816,2,1632,1666,33
11/24/2017,Avery Durable Binders,Office Supplies,South,1,1,1,3,1
11/24/2017,Iceberg Mobile Mega Data/Printer Cart ,Office Supplies,South,89,12,1069,1444,375
12/13/2014,Acme Value Line Scissors,Office Supplies,Central,3,1,3,3,0
12/5/2016,"Dual Level, Single-Width Filing Carts",Office Supplies,East,115,3,344,465,121
9/11/2016,GBC Standard Therm-A-Bind Covers,Office Supplies,East,13,3,40,22,18
9/11/2016,Staple magnet,Office Supplies,East,7,5,34,38,4
12/9/2017,Crayola Colored Pencils,Office Supplies,East,2,1,2,3,0
9/9/2014,Xerox 210,Office Supplies,East,3,3,10,16,5
9/9/2014,Rosewill 107 Normal Keys USB Wired Standard Keyboard,Technology,East,12,6,70,65,5
9/9/2014,"Master Caster Door Stop, Large Neon Orange",Furniture,East,4,3,12,17,5
9/9/2014,Polycom SoundPoint IP 450 VoIP phone,Technology,East,167,1,167,136,32
6/26/2017,Kensington Orbit Wireless Mobile Trackball for PC and Mac,Technology,West,41,9,367,432,65
11/17/2014,"Southworth 100% Résumé Paper, 24lb.",Office Supplies,East,4,2,9,12,4
11/17/2014,Hon Every-Day Series Multi-Task Chairs,Furniture,East,150,5,752,658,94
8/21/2017,Xerox 1888,Office Supplies,East,29,5,144,277,133
8/21/2017,"DAX Executive Solid Wood Document Frame, Desktop or Hang, Mahogany, 5 x 7",Furniture,East,8,2,17,25,9
8/21/2017,"Seth Thomas 12"" Clock w/ Goldtone Case",Furniture,East,15,4,61,92,31
3/12/2016,Staple envelope,Office Supplies,East,5,3,16,29,13
9/23/2014,Avery Arch Ring Binders,Office Supplies,East,31,3,92,139,47
4/28/2014,Avery File Folder Labels,Office Supplies,East,1,3,4,7,3
4/28/2014,X-Rack File for Hanging Folders,Office Supplies,East,8,3,25,27,2
4/28/2014,"Carina Mini System Audio Rack, Model AR050B",Office Supplies,East,108,2,215,178,38
11/29/2016,Memorex Micro Travel Drive 32 GB,Technology,Central,21,2,42,58,17
12/3/2015,"Message Book, Wirebound, Four 5 1/2"" X 4"" Forms/Pg., 200 Dupl. Sets/Book",Office Supplies,East,5,2,11,16,6
12/3/2015,"Verbatim 25 GB 6x Blu-ray Single Layer Recordable Disc, 25/Pack",Technology,East,13,2,26,37,11
11/19/2017,"Bush Andora Conference Table, Maple/Graphite Gray Finish",Furniture,Central,132,6,790,718,72
11/19/2017,Peel-Off China Markers,Office Supplies,Central,6,4,23,32,9
9/5/2016,"C-Line Peel & Stick Add-On Filing Pockets, 8-3/4 x 5-1/8, 10/Pack",Office Supplies,East,3,5,17,10,7
9/4/2017,Ibico Hi-Tech Manual Binding System,Office Supplies,West,168,2,335,488,152
9/4/2017,QVS USB Car Charger 2-Port 2.1Amp for iPod/iPhone/iPad/iPad 2/iPad 3,Technology,West,4,1,4,6,2
9/4/2017,"Trav-L-File Heavy-Duty Shuttle II, Black",Office Supplies,West,30,5,152,218,65
9/22/2016,Berol Giant Pencil Sharpener,Office Supplies,South,12,3,36,41,5
9/22/2016,PayAnywhere Card Reader,Technology,South,7,8,58,64,6
9/14/2014,"Seth Thomas 14"" Day/Date Wall Clock",Furniture,South,18,5,90,142,53
9/14/2014,Avery Poly Binder Pockets,Office Supplies,South,2,2,4,7,3
5/19/2017,"Situations Contoured Folding Chairs, 4/Set",Furniture,West,53,12,639,681,43
5/19/2017,Newell 310,Office Supplies,West,1,2,2,4,1
5/19/2017,Newell 314,Office Supplies,West,4,1,4,6,1
5/19/2017,SanDisk Cruzer 64 GB USB Flash Drive,Technology,West,25,1,25,36,11
8/9/2014,Ibico Ibimaster 300 Manual Binding System,Office Supplies,West,202,7,1417,2061,644
11/26/2017,Holmes HEPA Air Purifier,Office Supplies,East,14,3,42,52,10
11/26/2017,Fellowes Superior 10 Outlet Split Surge Protector,Office Supplies,East,27,7,189,213,24
5/3/2017,"Multi-Use Personal File Cart and Caster Set, Three Stacking Bins",Office Supplies,West,25,2,50,70,19
5/3/2017,Fellowes Stor/Drawer Steel Plus Storage Drawers,Office Supplies,West,90,8,718,763,46
11/10/2016,Avery File Folder Labels,Office Supplies,East,1,4,6,9,3
11/10/2016,Square Credit Card Reader,Technology,East,7,7,52,42,10
11/10/2016,Xerox 1882,Office Supplies,East,29,2,57,90,32
11/10/2016,"Wirebound Message Books, Four 2 3/4"" x 5"" Forms per Page, 600 Sets per Book",Office Supplies,East,5,3,15,22,8
11/10/2016,"Eureka The Boss Plus 12-Amp Hard Box Upright Vacuum, Red",Office Supplies,East,76,4,306,335,29
11/10/2016,DAX Natural Wood-Tone Poster Frame,Furniture,East,17,7,119,148,30
11/10/2016,Xerox 1924,Office Supplies,East,3,1,3,5,2
11/10/2016,"Memorex 25GB 6X Branded Blu-Ray Recordable Disc, 30/Pack",Technology,East,30,7,208,179,29
11/10/2016,GBC Twin Loop Wire Binding Elements,Office Supplies,East,17,7,116,70,47
12/20/2014,Ibico Hi-Tech Manual Binding System,Office Supplies,West,168,2,335,488,152
12/20/2014,Boston Home & Office Model 2000 Electric Pencil Sharpeners,Office Supplies,West,18,2,35,47,12
12/20/2014,Newell 31,Office Supplies,West,3,1,3,4,1
12/20/2014,"Premium Transparent Presentation Covers, No Pattern/Clear, 8 1/2"" x 11""",Office Supplies,West,21,5,105,155,50
7/25/2014,Xerox 1966,Office Supplies,West,3,1,3,6,3
7/25/2014,Acme Kleen Earth Office Shears,Office Supplies,West,3,4,11,16,5
11/22/2015,"Acco Pressboard Covers with Storage Hooks, 14 7/8"" x 11"", Light Blue",Office Supplies,South,3,2,5,3,2
11/22/2015,"Vinyl Coated Wire Paper Clips in Organizer Box, 800/Box",Office Supplies,South,6,6,37,55,19
12/9/2017,"Maxell Pro 80 Minute CD-R, 10/Pack",Technology,Central,10,6,63,105,42
12/9/2017,BIC Liqua Brite Liner,Office Supplies,Central,4,5,22,35,12
12/9/2017,Ibico Plastic and Wire Spiral Binding Combs,Office Supplies,Central,5,4,18,34,16
12/9/2017,Easy-staple paper,Office Supplies,Central,3,3,8,15,7
8/31/2017,Tripp Lite Isotel 8 Ultra 8 Outlet Metal Surge,Office Supplies,Central,53,9,473,639,166
4/24/2017,Sensible Storage WireTech Storage Systems,Office Supplies,South,67,2,135,114,21
9/8/2017,Imation Swivel Flash Drive USB flash drive - 8 GB,Technology,East,7,1,7,9,2
3/12/2015,Convenience Packs of Business Envelopes,Office Supplies,South,2,3,6,9,3
3/12/2015,"Eldon Expressions Desk Accessory, Wood Pencil Holder, Oak",Furniture,South,7,4,27,31,4
3/12/2015,Acrylic Self-Standing Desk Frames,Furniture,South,2,3,5,6,1
7/18/2016,"Elite 5"" Scissors",Office Supplies,West,6,5,30,34,4
6/13/2016,Ooma Telo VoIP Home Phone System,Technology,Central,94,3,283,378,94
7/3/2017,"TRENDnet 56K USB 2.0 Phone, Internet and Fax Modem",Technology,East,17,10,166,259,93
7/3/2017,Xerox 1881,Office Supplies,East,7,2,13,25,12
12/8/2014,Avery 499,Office Supplies,West,3,7,19,28,9
12/8/2014,"Acco PRESSTEX Data Binder with Storage Hooks, Dark Blue, 9 1/2"" X 11""",Office Supplies,West,3,4,11,6,5
12/8/2014,Samsung HM1900 Bluetooth Headset,Technology,West,11,3,33,53,20
12/8/2014,Acco Side-Punched Conventional Columnar Pads,Office Supplies,West,3,5,16,14,3
12/8/2014,SanDisk Ultra 16 GB MicroSDHC Class 10 Memory Card,Technology,West,12,10,122,104,18
12/8/2014,Avery 492,Office Supplies,West,2,5,8,12,4
12/8/2014,Xerox 232,Office Supplies,West,3,2,7,10,4
12/8/2014,Adjustable Personal File Tote,Office Supplies,West,12,3,36,39,3
4/8/2016,#10 Self-Seal White Envelopes,Office Supplies,East,6,1,6,9,3
4/8/2016,Catalog Binders with Expanding Posts,Office Supplies,East,37,6,222,121,101
11/6/2017,"Global Wood Trimmed Manager's Task Chair, Khaki",Furniture,East,79,2,158,127,31
11/6/2017,Xerox 191,Office Supplies,East,11,3,32,48,16
12/5/2015,"Executive Impressions 14"" Contract Wall Clock",Furniture,West,15,2,30,44,15
7/9/2015,Advantus Map Pennant Flags and Round Head Tacks,Office Supplies,East,3,4,11,16,5
7/9/2015,Fellowes Powershred HS-440 4-Sheet High Security Shredder,Technology,East,85,3,256,465,209
7/9/2015,Eldon ClusterMat Chair Mat with Cordless Antistatic Protection,Furniture,East,81,2,162,182,20
7/9/2015,"Avery 05222 Permanent Self-Adhesive File Folder Labels for Typewriters, on Rolls, White, 250/Roll",Office Supplies,East,2,3,7,12,6
7/9/2015,"Performers Binder/Pad Holder, Black",Office Supplies,East,14,3,42,84,42
7/9/2015,Prismacolor Color Pencil Set,Office Supplies,East,12,4,47,79,33
7/9/2015,GBC Recycled VeloBinder Covers,Office Supplies,East,9,9,83,153,71
7/9/2015,Wilson Jones Active Use Binders,Office Supplies,East,4,6,22,44,21
7/9/2015,Project Tote Personal File,Office Supplies,East,10,7,70,98,28
12/13/2016,Crayola Colored Pencils,Office Supplies,West,2,3,7,10,3
5/20/2016,Avery Non-Stick Binders,Office Supplies,South,2,2,5,3,2
6/2/2017,Xerox 4200 Series MultiUse Premium Copy Paper (20Lb. and 84 Bright),Office Supplies,West,3,6,17,25,8
6/2/2017,"Manila Recycled Extra-Heavyweight Clasp Envelopes, 6"" x 9""",Office Supplies,West,6,5,28,44,16
10/30/2015,Lexmark S315 Color Inkjet Printer,Technology,West,53,2,106,60,46
10/30/2015,Sharp 1540cs Digital Laser Copier,Technology,West,275,1,275,440,165
10/30/2015,OtterBox Commuter Series Case - iPhone 5 & 5s,Technology,West,11,5,57,88,31
10/30/2015,"Eldon Regeneration Recycled Desk Accessories, Black",Furniture,West,3,4,12,15,4
10/15/2016,GBC Twin Loop Wire Binding Elements,Office Supplies,South,17,7,116,233,116
10/15/2016,#10 Self-Seal White Envelopes,Office Supplies,South,6,6,34,67,33
10/15/2016,Holmes Odor Grabber,Office Supplies,South,10,3,29,43,14
11/19/2015,"Tenex V2T-RE Standard Weight Series Chair Mat, 45"" x 53"", Lip 25"" x 12""",Furniture,West,60,2,119,142,23
9/13/2014,Eldon File Chest Portable File,Office Supplies,West,15,5,73,79,6
11/13/2017,KeyTronic 6101 Series - Keyboard - Black,Technology,East,23,4,93,164,71
12/24/2017,"Eldon Delta Triangular Chair Mat, 52"" x 58"", Clear",Furniture,East,31,1,31,38,7
1/9/2016,"DAX Two-Tone Rosewood/Black Document Frame, Desktop, 5 x 7",Furniture,East,6,2,11,15,4
6/13/2015,Newell 31,Office Supplies,South,3,6,18,25,7
6/13/2015,Avery Heavy-Duty EZD View Binder with Locking Rings,Office Supplies,South,3,3,10,19,9
6/13/2015,Brother DCP1000 Digital 3 in 1 Multifunction Machine,Technology,South,195,3,585,900,315
6/13/2015,Xerox 204,Office Supplies,South,3,5,17,32,16
3/18/2017,Peel-Off China Markers,Office Supplies,Central,6,3,17,24,7
11/23/2014,Staple-based wall hangings,Furniture,Central,4,2,9,6,3
11/23/2014,"Conquest 14 Commercial Heavy-Duty Upright Vacuum, Collection System, Accessory Kit",Office Supplies,Central,40,3,121,34,87
11/23/2014,Maxell 4.7GB DVD-R 5/Pack,Technology,Central,1,7,4,6,2
10/15/2017,Bush Advantage Collection Round Conference Table,Furniture,West,168,3,504,510,6
10/15/2017,Xerox 1919,Office Supplies,West,21,5,105,205,100
4/21/2017,"Verbatim Slim CD and DVD Storage Cases, 50/Pack",Technology,West,8,1,8,12,3
4/21/2017,Eldon Advantage Foldable Chair Mats for Low Pile Carpets,Furniture,West,43,3,128,163,34
12/8/2014,Xerox 1964,Office Supplies,West,12,2,25,46,21
12/8/2014,DMI Arturo Collection Mission-style Design Wood Chair,Furniture,West,112,5,559,604,45
5/29/2017,Plymouth Boxed Rubber Bands by Plymouth,Office Supplies,Central,4,5,22,24,1
9/19/2016,Letter Slitter,Office Supplies,South,2,2,5,5,0
9/19/2016,Logitech Wireless Marathon Mouse M705,Technology,South,28,5,142,250,107
9/17/2016,Sanford Liquid Accent Highlighters,Office Supplies,Central,4,5,21,33,12
12/20/2016,C-Line Cubicle Keepers Polyproplyene Holder With Velcro Backings,Furniture,South,3,4,12,19,7
12/20/2016,DXL Angle-View Binders with Locking Rings by Samsill,Office Supplies,South,4,2,8,15,7
11/22/2017,Newell 314,Office Supplies,Central,4,8,33,36,2
12/30/2014,Ibico Ibimaster 300 Manual Binding System,Office Supplies,West,202,5,1012,552,460
4/3/2017,Prang Colored Pencils,Office Supplies,Central,2,3,5,7,2
12/26/2016,Harmony HEPA Quiet Air Purifiers,Office Supplies,West,8,2,15,19,4
6/5/2016,Standard Rollaway File with Lock,Office Supplies,East,133,2,267,360,94
6/5/2016,Newell 314,Office Supplies,East,4,2,8,11,3
6/5/2016,Avery White Multi-Purpose Labels,Office Supplies,East,3,3,8,15,7
9/18/2015,Acco Perma 3000 Stacking Storage Drawers,Office Supplies,East,17,2,34,42,8
9/18/2015,Safco Industrial Wire Shelving System,Office Supplies,East,91,7,637,637,0
9/18/2015,Samsung Galaxy S4 Active,Technology,East,370,1,370,500,130
9/18/2015,Polycom VVX 310 VoIP phone,Technology,East,133,7,932,1260,328
9/18/2015,"Acco Flexible ACCOHIDE Square Ring Data Binder, Dark Blue, 11 1/2"" X 14"" 7/8""",Office Supplies,East,8,4,33,65,32
3/6/2017,Xerox 1883,Office Supplies,East,14,1,14,26,12
3/6/2017,"Westinghouse Floor Lamp with Metal Mesh Shade, Black",Furniture,East,18,3,55,72,17
3/17/2016,Plantronics Voyager Pro HD - Bluetooth Headset,Technology,East,34,2,68,130,62
3/17/2016,"Acco Flexible ACCOHIDE Square Ring Data Binder, Dark Blue, 11 1/2"" X 14"" 7/8""",Office Supplies,East,8,2,17,33,16
12/9/2016,"LF Elite 3D Dazzle Designer Hard Case Cover, Lf Stylus Pen and Wiper For Apple Iphone 5c Mini Lite",Technology,Central,8,1,8,11,3
12/9/2016,Logitech Trackman Marble Mouse,Technology,Central,17,2,35,60,25
12/9/2016,"Holmes Replacement Filter for HEPA Air Cleaner, Very Large Room, HEPA Filter",Office Supplies,Central,39,1,39,62,23
1/15/2016,"#10 Gummed Flap White Envelopes, 100/Box",Office Supplies,East,2,4,9,17,8
1/15/2016,Xerox 1959,Office Supplies,East,3,9,31,60,29
1/15/2016,"Square Ring Data Binders, Rigid 75 Pt. Covers, 11"" x 14-7/8""",Office Supplies,East,11,3,32,50,17
10/24/2014,Advantus Map Pennant Flags and Round Head Tacks,Office Supplies,South,3,3,8,12,4
9/23/2016,Eldon Mobile Mega Data Cart  Mega Stackable  Add-On Trays,Office Supplies,South,17,5,84,118,34
9/23/2016,Hon Mobius Operator's Chair,Furniture,South,96,3,288,369,81
8/27/2017,"GE 48"" Fluorescent Tube, Cool White Energy Saver, 34 Watts, 30/Box",Furniture,West,50,2,99,198,99
8/27/2017,APC 7 Outlet Network SurgeArrest Surge Protector,Office Supplies,West,56,4,225,322,97
8/27/2017,Sharp 1540cs Digital Laser Copier,Technology,West,275,2,550,880,330
8/27/2017,Acme Preferred Stainless Steel Scissors,Office Supplies,West,4,5,20,28,8
8/27/2017,Bevis Steel Folding Chairs,Furniture,West,69,3,207,230,23
8/27/2017,White Computer Printout Paper by Universal,Office Supplies,West,20,3,59,116,57
8/27/2017,GBC DocuBind 300 Electric Binding Machine,Office Supplies,West,274,2,547,842,295
8/27/2017,Sensible Storage WireTech Storage Systems,Office Supplies,West,67,5,337,355,18
3/3/2016,"Rediform Wirebound ""Phone Memo"" Message Book, 11 x 5-3/4",Office Supplies,Central,4,7,27,43,16
3/3/2016,Office Star - Mid Back Dual function Ergonomic High Back Chair with 2-Way Adjustable Arms,Furniture,Central,124,5,620,563,56
2/29/2016,Newell 34,Office Supplies,East,15,7,103,111,8
9/18/2015,"Quartet Omega Colored Chalk, 12/Pack",Office Supplies,West,3,2,6,12,5
9/18/2015,"Elite 5"" Scissors",Office Supplies,West,6,2,12,17,5
9/18/2015,Advantus Panel Wall Certificate Holder - 8.5x11,Furniture,West,7,2,14,24,10
5/12/2017,"TOPS Carbonless Receipt Book, Four 2-3/4 x 7-1/4 Money Receipts per Page",Office Supplies,East,9,5,46,88,42
8/13/2016,O'Sullivan Living Dimensions 2-Shelf Bookcases,Furniture,Central,109,2,218,242,24
8/13/2016,Avery Round Ring Poly Binders,Office Supplies,Central,1,3,4,9,4
2/25/2017,Avery Hidden Tab Dividers for Binding Systems,Office Supplies,Central,2,3,5,2,3
3/21/2016,Safco Drafting Table,Furniture,Central,50,2,101,99,1
3/21/2016,Prang Dustless Chalk Sticks,Office Supplies,Central,1,1,1,1,1
12/8/2015,Nokia Lumia 521 (T-Mobile),Technology,Central,22,5,108,120,12
12/16/2014,Hon Olson Stacker Stools,Furniture,South,101,9,912,1014,101
12/16/2014,"OIC Binder Clips, Mini, 1/4"" Capacity, Black",Office Supplies,South,1,2,1,2,1
12/17/2016,Bretford “Just In Time” Height-Adjustable Multi-Task Work Tables,Furniture,West,388,6,2329,2004,326
5/12/2016,"Belkin 19"" Vented Equipment Shelf, Black",Office Supplies,East,51,2,102,82,20
8/6/2014,"Maxell 74 Minute CD-R Spindle, 50/Pack",Technology,South,13,3,40,63,23
4/11/2014,"Acco Banker's Clasps, 5 3/4""-Long",Office Supplies,South,2,3,5,7,2
4/11/2014,Logitech Wireless Gaming Headset G930,Technology,South,101,3,302,384,82
4/11/2014,Xerox 224,Office Supplies,South,3,2,7,10,4
4/11/2014,Logitech Wireless Anywhere Mouse MX for PC and Mac,Technology,South,42,7,294,336,42
5/3/2015,"Rubbermaid ClusterMat Chairmats, Mat Size- 66"" x 60"", Lip 20"" x 11"" -90 Degree Angle",Furniture,West,93,6,559,666,107
11/30/2017,OtterBox Defender Series Case - Samsung Galaxy S4,Technology,South,21,3,63,72,9
2/16/2017,Xerox 1912,Office Supplies,East,10,2,20,38,18
11/16/2014,Jawbone MINI JAMBOX Wireless Bluetooth Speaker,Technology,Central,132,2,263,274,11
7/9/2015,Panasonic KX-TG9541B DECT 6.0 Digital 2-Line Expandable Cordless Phone With Digital Answering System,Technology,East,76,3,229,270,40
11/13/2017,"""While you Were Out"" Message Book, One Form per Page",Office Supplies,South,2,3,6,9,3
11/13/2017,Tennsco Double-Tier Lockers,Office Supplies,South,196,4,783,720,63
7/31/2017,"TRENDnet 56K USB 2.0 Phone, Internet and Fax Modem",Technology,South,17,2,33,41,8
12/26/2017,Acco Economy Flexible Poly Round Ring Binder,Office Supplies,East,3,2,6,3,3
10/31/2016,"Dual Level, Single-Width Filing Carts",Office Supplies,West,115,7,803,1085,282
9/4/2016,Faber Castell Col-Erase Pencils,Office Supplies,Central,3,1,3,4,1
9/4/2016,"BOSTON Ranger #55 Pencil Sharpener, Black",Office Supplies,Central,18,3,55,62,7
4/17/2016,"Advantus Push Pins, Aluminum Head",Office Supplies,Central,4,5,20,29,9
7/5/2014,Vinyl Sectional Post Binders,Office Supplies,West,19,6,113,181,68
2/27/2015,"Pressboard Covers with Storage Hooks, 9 1/2"" x 11"", Light Blue",Office Supplies,East,3,3,8,4,3
2/27/2015,"Eldon Spacemaker Box, Quick-Snap Lid, Clear",Office Supplies,East,2,6,14,16,2
11/27/2015,Peel-Off China Markers,Office Supplies,East,6,3,17,30,13
1/27/2014,Recycled Steel Personal File for Hanging File Folders,Office Supplies,West,43,1,43,57,14
1/27/2014,Balt Split Level Computer Training Table,Furniture,West,117,3,350,333,17
1/27/2014,Dixon Ticonderoga Core-Lock Colored Pencils,Office Supplies,West,6,4,24,36,12
9/23/2017,Xerox 1941,Office Supplies,South,55,3,164,252,88
11/4/2017,Hon 5100 Series Wood Tables,Furniture,South,239,3,716,524,192
11/4/2017,Motorola Moto X,Technology,South,248,5,1241,1360,119
10/14/2016,SAFCO Folding Chair Trolley,Furniture,South,92,1,92,103,10
10/14/2016,Maxell 4.7GB DVD-R,Technology,South,17,1,17,23,6
10/14/2016,Xerox 1944,Office Supplies,South,20,3,59,93,34
10/14/2016,Staple remover,Office Supplies,South,6,2,11,13,1
10/14/2016,"White Business Envelopes with Contemporary Seam, Recycled White Business Envelopes",Office Supplies,South,5,4,22,35,13
10/14/2016,Xerox 1916,Office Supplies,South,24,1,24,39,15
11/12/2015,Newell 317,Office Supplies,South,2,5,10,12,1
11/12/2015,Wilson Jones Leather-Like Binders with DublLock Round Rings,Office Supplies,South,5,2,9,5,4
11/12/2015,"SlimView Poly Binder, 3/8""",Office Supplies,South,3,3,8,5,4
11/12/2015,"Office Star - Contemporary Task Swivel chair with Loop Arms, Charcoal",Furniture,South,119,5,596,524,72
11/12/2015,VTech DS6151,Technology,South,91,1,91,101,10
11/12/2015,"Global Push Button Manager's Chair, Indigo",Furniture,South,43,3,130,146,16
3/5/2017,Avery 515,Office Supplies,Central,7,2,13,25,12
11/5/2015,Avery 476,Office Supplies,Central,2,6,13,20,6
7/8/2016,Jabra SPEAK 410 Multidevice Speakerphone,Technology,South,154,5,772,824,51
7/8/2016,Xerox 1921,Office Supplies,South,5,2,11,16,5
9/15/2015,Bretford CR8500 Series Meeting Room Furniture,Furniture,South,301,2,601,802,200
9/15/2015,Anker Astro Mini 3000mAh Ultra-Compact Portable Charger,Technology,South,20,3,60,60,0
9/15/2015,"Global Manager's Adjustable Task Chair, Storm",Furniture,South,107,7,750,1057,306
10/9/2017,Pressboard Data Binders by Wilson Jones,Office Supplies,East,3,3,8,13,4
10/9/2017,"O'Sullivan Elevations Bookcase, Cherry Finish",Furniture,East,110,3,330,314,16
10/9/2017,"TOPS 4 x 6 Fluorescent Color Memo Sheets, 500 Sheets per Pack",Office Supplies,East,5,2,10,19,9
10/9/2017,Durable Pressboard Binders,Office Supplies,East,2,6,12,18,6
9/14/2015,Economy Rollaway Files,Office Supplies,East,122,6,733,991,258
9/14/2015,Sharp 1540cs Digital Laser Copier,Technology,East,275,2,550,880,330
9/14/2015,Wilson Jones Easy Flow II Sheet Lifters,Office Supplies,East,1,9,8,13,5
10/7/2014,"Fellowes Personal Hanging Folder Files, Navy",Office Supplies,Central,10,10,97,107,11
5/7/2017,Hon 4070 Series Pagoda Armless Upholstered Stacking Chairs,Furniture,Central,207,5,1036,1459,423
5/7/2017,SAFCO Optional Arm Kit for Workspace Cribbage Stacking Chair,Furniture,Central,19,1,19,27,7
5/7/2017,Safco Contoured Stacking Chairs,Furniture,Central,179,2,358,477,119
5/7/2017,Belkin Premiere Surge Master II 8-outlet surge protector,Office Supplies,Central,34,2,69,87,18
11/14/2015,"Executive Impressions 13"" Chairman Wall Clock",Furniture,East,16,3,49,76,27
11/14/2015,"Avery Framed View Binder, EZD Ring (Locking), Navy, 1 1/2""",Office Supplies,East,5,2,11,20,9
11/24/2014,Samsung Galaxy S III - 16GB - pebble blue (T-Mobile),Technology,East,252,5,1260,1050,210
11/24/2014,Global Executive Mid-Back Manager's Chair,Furniture,East,215,3,646,611,35
4/8/2014,Binder Clips by OIC,Office Supplies,West,1,2,2,2,1
4/8/2014,Things To Do Today Spiral Book,Office Supplies,West,4,3,12,19,7
7/26/2014,Apple iPhone 5S,Technology,West,399,2,798,912,114
7/26/2014,Hon 2090 “Pillow Soft” Series Mid Back Swivel/Tilt Chairs,Furniture,West,261,3,784,674,110
7/26/2014,Tensor Computer Mounted Lamp,Furniture,West,11,9,98,134,36
7/26/2014,Logitech Illuminated Ultrathin Keyboard with Backlighting,Technology,West,34,3,101,171,70
6/8/2014,"Situations Contoured Folding Chairs, 4/Set",Furniture,South,53,3,160,170,11
10/28/2014,Avery Non-Stick Binders,Office Supplies,West,2,2,5,7,2
10/28/2014,Serrated Blade or Curved Handle Hand Letter Openers,Office Supplies,West,3,2,6,6,0
10/28/2014,Premier Automatic Letter Opener,Office Supplies,West,233,2,466,481,14
10/28/2014,O'Sullivan Living Dimensions 2-Shelf Bookcases,Furniture,West,109,6,653,617,36
10/28/2014,Eldon Portable Mobile Manager,Office Supplies,West,21,5,103,141,38
11/25/2017,Office Impressions Heavy Duty Welded Shelving & Multimedia Storage Drawers,Office Supplies,Central,167,3,502,502,0
9/22/2017,Ibico EB-19 Dual Function Manual Binding System,Office Supplies,South,93,4,374,692,318
9/22/2017,"Verbatim 25 GB 6x Blu-ray Single Layer Recordable Disc, 3/Pack",Technology,South,4,5,20,35,15
12/4/2015,Xerox 1881,Office Supplies,Central,7,7,46,86,40
9/21/2015,"Deflect-o DuraMat Lighweight, Studded, Beveled Mat for Low Pile Carpeting",Furniture,East,35,2,71,85,15
11/26/2017,GBC Premium Transparent Covers with Diagonal Lined Pattern,Office Supplies,Central,11,8,87,34,54
6/6/2017,"Eldon 300 Class Desk Accessories, Black",Furniture,West,3,1,3,5,2
6/6/2017,Sterilite Show Offs Storage Containers,Office Supplies,West,5,5,26,26,0
10/23/2017,Storex Dura Pro Binders,Office Supplies,Central,3,3,10,4,6
10/23/2017,Jabra SPEAK 410 Multidevice Speakerphone,Technology,Central,154,5,772,824,51
10/23/2017,Newell 320,Office Supplies,Central,3,3,9,10,1
12/20/2014,Logitech G430 Surround Sound Gaming Headset with Dolby 7.1 Technology,Technology,West,51,7,358,448,90
2/17/2017,"Chromcraft 48"" x 96"" Racetrack Double Pedestal Table",Furniture,Central,250,3,750,481,269
2/17/2017,LG Exalt,Technology,Central,114,1,114,125,11
5/3/2014,GBC Poly Designer Binding Covers,Office Supplies,East,9,3,26,40,15
5/3/2014,"Avery Durable Plastic 1"" Binders",Office Supplies,East,2,3,7,11,4
10/17/2017,Economy #2 Pencils,Office Supplies,West,2,4,8,11,3
11/28/2015,"Eldon ""L"" Workstation Diamond Chairmat",Furniture,Central,67,5,334,152,182
7/27/2014,WD My Passport Ultra 2TB Portable External Hard Drive,Technology,West,100,2,200,238,38
4/23/2017,"TRENDnet 56K USB 2.0 Phone, Internet and Fax Modem",Technology,Central,17,6,99,155,56
10/23/2015,Maxell DVD-RAM Discs,Technology,West,9,9,85,148,64
10/23/2015,"Global Leather and Oak Executive Chair, Black",Furniture,West,214,1,214,241,27
10/23/2015,Global Chrome Stack Chair,Furniture,West,25,7,175,192,17
10/23/2015,Xerox 196,Office Supplies,West,3,2,6,12,6
10/23/2015,"Redi-Strip #10 Envelopes, 4 1/8 x 9 1/2",Office Supplies,West,2,4,6,12,6
10/23/2015,Office Star - Professional Matrix Back Chair with 2-to-1 Synchro Tilt and Mesh Fabric Seat,Furniture,West,267,3,800,842,42
9/5/2016,Staple envelope,Office Supplies,South,5,3,16,23,8
9/5/2016,"Wilson Jones Ledger-Size, Piano-Hinge Binder, 2"", Blue",Office Supplies,South,21,7,149,86,63
9/5/2016,Nortel Networks T7316 E Nt8 B27,Technology,South,51,2,102,109,7
9/5/2016,Xerox 1971,Office Supplies,South,2,3,7,10,3
10/28/2016,Canvas Sectional Post Binders,Office Supplies,South,13,5,65,38,27
4/5/2014,"Tenex File Box, Personal Filing Tote with Lid, Black",Office Supplies,Central,11,4,46,50,4
4/5/2014,Adjustable Personal File Tote,Office Supplies,Central,12,4,48,52,4
6/15/2015,Xerox 1895,Office Supplies,West,3,2,7,10,3
6/15/2015,"Belkin 19"" Vented Equipment Shelf, Black",Office Supplies,West,51,2,102,82,20
6/15/2015,"Eldon ""L"" Workstation Diamond Chairmat",Furniture,West,67,6,401,365,36
6/15/2015,"DAX Copper Panel Document Frame, 5 x 7 Size",Furniture,West,7,4,29,40,11
7/5/2014,Newell 322,Office Supplies,South,1,3,4,4,0
1/29/2017,"GBC Clear Cover, 8-1/2 x 11, unpunched, 25 covers per pack",Office Supplies,Central,8,4,33,12,21
3/3/2016,Plantronics Encore H101 Dual Earpieces Headset,Technology,Central,32,3,97,135,38
6/2/2014,"Sanford Colorific Scented Colored Pencils, 12/Pack",Office Supplies,South,3,2,6,9,3
6/2/2014,Mophie Juice Pack Helium for iPhone,Technology,South,58,3,173,240,67
6/2/2014,"Hot File 7-Pocket, Floor Stand",Office Supplies,South,125,2,250,357,107
11/24/2016,Plantronics CS510 - Over-the-Head monaural Wireless Headset System,Technology,West,221,2,442,660,218
11/24/2016,Global Leather Executive Chair,Furniture,West,246,6,1474,1685,211
11/24/2016,Logitech G500s Laser Gaming Mouse with Adjustable Weight Tuning,Technology,West,46,8,370,560,190
11/10/2016,Kensington SlimBlade Notebook Wireless Mouse with Nano Receiver ,Technology,Central,33,7,231,280,49
11/22/2014,"Avery Framed View Binder, EZD Ring (Locking), Navy, 1 1/2""",Office Supplies,Central,5,5,26,10,16
5/1/2017,"Maxell 74 Minute CDR, 10/Pack",Technology,South,6,5,31,49,18
12/7/2017,Binder Clips by OIC,Office Supplies,Central,1,3,2,4,1
12/7/2017,Xerox 1995,Office Supplies,Central,3,3,10,16,5
11/30/2017,Binder Clips by OIC,Office Supplies,Central,1,2,2,2,1
12/7/2017,Logitech G602 Wireless Gaming Mouse,Technology,East,51,2,102,128,26
1/3/2015,Xerox 21,Office Supplies,Central,3,2,7,10,4
11/14/2015,Micro Innovations Wireless Classic Keyboard with Mouse,Technology,East,25,2,49,48,1
10/2/2015,Eldon ProFile File 'N Store Portable File Tub Letter/Legal Size Black,Office Supplies,West,14,14,195,270,76
4/5/2015,Bionaire 99.97% HEPA Air Cleaner,Office Supplies,East,11,7,80,98,18
4/5/2015,Fellowes High-Stak Drawer Files,Office Supplies,East,136,4,543,564,21
4/5/2015,Cardinal Slant-D Ring Binders,Office Supplies,East,4,4,17,10,7
4/5/2015,Tenex Antistatic Computer Chair Mats,Furniture,East,154,4,616,547,68
4/5/2015,Cush Cases Heavy Duty Rugged Cover Case for Samsung Galaxy S5 - Purple,Technology,East,4,5,18,15,3
4/5/2015,Speck Products Candyshell Flip Case,Technology,East,26,2,52,42,10
4/5/2015,"DAX Charcoal/Nickel-Tone Document Frame, 5 x 7",Furniture,East,5,1,5,8,2
4/5/2015,"Bush Heritage Pine Collection 5-Shelf Bookcase, Albany Pine Finish, *Special Order",Furniture,East,113,5,564,352,211
6/5/2017,LG G3,Technology,Central,139,3,417,470,53
9/18/2017,Xerox 203,Office Supplies,East,3,3,10,19,9
9/18/2017,Ultra Door Push Plate,Furniture,East,3,2,7,10,3
7/18/2017,"Chromcraft 48"" x 96"" Racetrack Double Pedestal Table",Furniture,West,250,5,1250,802,449
7/18/2017,"Global Fabric Manager's Chair, Dark Gray",Furniture,West,76,2,151,162,10
7/18/2017,Riverleaf Stik-Withit Designer Note Cubes,Office Supplies,West,5,2,11,16,5
7/18/2017,Acco Expandable Hanging Binders,Office Supplies,West,3,4,14,8,6
7/18/2017,High-Back Leather Manager's Chair,Furniture,West,118,3,355,312,43
12/1/2015,"Decoflex Hanging Personal Folder File, Blue",Office Supplies,South,11,4,45,62,17
12/1/2015,"GBC Pre-Punched Binding Paper, Plastic, White, 8-1/2"" x 11""",Office Supplies,South,8,4,33,64,31
6/28/2016,Polycom CX300 Desktop Phone USB VoIP phone,Technology,Central,108,3,324,360,36
8/28/2017,Xerox 4200 Series MultiUse Premium Copy Paper (20Lb. and 84 Bright),Office Supplies,Central,3,6,17,25,8
8/28/2017,HP Office Paper (20Lb. and 87 Bright),Office Supplies,Central,3,5,17,27,9
9/17/2014,Eldon Gobal File Keepers,Office Supplies,West,15,2,29,30,1
9/17/2014,Eldon ProFile File 'N Store Portable File Tub Letter/Legal Size Black,Office Supplies,West,14,3,42,58,16
9/17/2014,"Executive Impressions 12"" Wall Clock",Furniture,West,11,2,22,35,13
9/17/2014,GBC Prestige Therm-A-Bind Covers,Office Supplies,West,18,5,91,137,46
3/14/2016,"Safco Value Mate Series Steel Bookcases, Baked Enamel Finish on Steel, Gray",Furniture,Central,51,5,256,241,14
3/14/2016,Xerox 1993,Office Supplies,Central,3,1,3,5,2
3/14/2016,"BOSTON Ranger #55 Pencil Sharpener, Black",Office Supplies,Central,18,7,129,146,16
8/26/2016,"Binney & Smith inkTank Erasable Pocket Highlighter, Chisel Tip, Yellow",Office Supplies,East,1,3,4,5,2
8/26/2016,Logitech Trackman Marble Mouse,Technology,East,17,2,35,48,13
9/2/2017,"OIC #2 Pencils, Medium Soft",Office Supplies,West,1,5,7,9,3
9/2/2017,Avery 505,Office Supplies,West,7,5,37,74,37
9/2/2017,Ooma Telo VoIP Home Phone System,Technology,West,94,2,189,202,13
6/16/2015,Staple envelope,Office Supplies,Central,6,3,19,29,9
6/16/2015,Xerox 188,Office Supplies,Central,6,3,17,27,10
6/16/2015,Office Star - Contemporary Swivel Chair with Padded Adjustable Arms and Flex Back,Furniture,Central,111,2,223,197,25
12/10/2016,Global Commerce Series High-Back Swivel/Tilt Chairs,Furniture,Central,214,5,1069,1425,356
5/18/2017,"Master Caster Door Stop, Large Neon Orange",Furniture,East,4,2,8,15,6
5/18/2017,"Acco Pressboard Covers with Storage Hooks, 9 1/2"" x 11"", Executive Red",Office Supplies,East,2,1,2,3,1
5/27/2017,Xerox 2,Office Supplies,South,3,5,17,26,9
6/23/2016,Compact Automatic Electric Letter Opener,Office Supplies,East,117,7,818,835,17
5/16/2016,Xerox 196,Office Supplies,West,3,3,9,17,8
11/18/2017,Xerox 194,Office Supplies,South,29,1,29,44,16
11/18/2017,Staple remover,Office Supplies,South,4,1,4,3,1
11/18/2016,4009 Highlighters by Sanford,Office Supplies,Central,3,2,5,6,1
11/18/2016,"Avery 4027 File Folder Labels for Dot Matrix Printers, 5000 Labels per Box, White",Office Supplies,Central,16,2,33,49,16
11/18/2016,Xerox 1881,Office Supplies,Central,7,2,13,20,7
11/18/2016,"Global Value Steno Chair, Gray",Furniture,Central,46,6,273,255,18
11/28/2014,"GBC Standard Recycled Report Covers, Clear Plastic Sheets",Office Supplies,East,6,2,11,17,6
3/1/2016,RCA ViSYS 25423RE1 Corded phone,Technology,West,73,2,146,160,14
1/15/2017,"Telephone Message Books with Fax/Mobile Section, 5 1/2"" x 3 3/16""",Office Supplies,East,3,2,7,13,6
4/4/2014,Advantus Panel Wall Acrylic Frame,Furniture,Central,3,1,3,5,2
4/4/2014,Newell 319,Office Supplies,Central,14,4,56,79,24
6/26/2016,"Eldon Expressions Wood Desk Accessories, Oak",Furniture,West,5,3,16,22,6
5/29/2016,GBC ProClick Spines for 32-Hole Punch,Office Supplies,South,7,3,20,11,9
5/29/2016,Newell 333,Office Supplies,South,2,2,4,4,0
5/29/2016,3M Polarizing Light Filter Sleeves,Furniture,South,10,3,30,45,15
10/19/2015,Avery Heavy-Duty EZD View Binder with Locking Rings,Office Supplies,Central,3,6,21,38,18
10/19/2015,OtterBox Defender Series Case - Samsung Galaxy S4,Technology,Central,21,5,105,150,45
2/19/2017,Newell 320,Office Supplies,West,3,3,9,13,3
2/19/2017,Tensor Computer Mounted Lamp,Furniture,West,11,3,33,45,12
9/22/2016,Newell 348,Office Supplies,East,2,3,7,8,1
11/12/2014,Newell 350,Office Supplies,South,2,3,7,8,1
4/1/2016,Boston 16801 Nautilus Battery Pencil Sharpener,Office Supplies,East,16,4,65,88,23
5/20/2016,GBC Durable Plastic Covers,Office Supplies,West,10,7,73,41,33
6/1/2015,Avery Poly Binder Pockets,Office Supplies,Central,2,8,15,6,9
6/1/2015,Xerox 1928,Office Supplies,Central,3,10,29,42,13
11/22/2014,Xerox 1895,Office Supplies,West,3,9,30,54,24
2/22/2015,Newell 34,Office Supplies,Central,15,4,59,79,21
3/29/2016,"Memo Book, 100 Message Capacity, 5 3/8” x 11”",Office Supplies,East,3,2,7,13,7
3/29/2016,"Acco Four Pocket Poly Ring Binder with Label Holder, Smoke, 1""",Office Supplies,East,4,5,20,30,9
3/29/2016,"Howard Miller 13-3/4"" Diameter Brushed Chrome Round Wall Clock",Furniture,East,36,8,290,414,124
3/29/2016,GBC Plastic Binding Combs,Office Supplies,East,4,7,26,41,15
10/22/2016,"Eldon Expressions Wood and Plastic Desk Accessories, Oak",Furniture,South,7,4,29,40,11
10/2/2017,Staples,Office Supplies,West,2,3,5,9,4
10/2/2017,i.Sound Portable Power - 8000 mAh,Technology,West,52,2,105,85,20
12/23/2014,Hon 61000 Series Interactive Training Tables,Furniture,East,36,2,73,53,20
12/23/2014,Belkin F9H710-06 7 Outlet SurgeMaster Surge Protector,Office Supplies,East,14,3,41,57,16
12/15/2017,"Master Giant Foot Doorstop, Safety Yellow",Furniture,West,4,3,13,23,10
7/7/2016,"Global Leather Task Chair, Black",Furniture,West,73,4,292,288,4
7/7/2016,Canon PC1060 Personal Laser Copier,Technology,West,371,5,1855,2800,945
7/7/2016,Xerox 1942,Office Supplies,West,24,1,24,49,24
4/17/2016,"Bush Westfield Collection Bookcases, Fully Assembled",Furniture,West,78,3,233,257,24
4/8/2017,Tennsco 16-Compartment Lockers with Coat Rack,Office Supplies,East,492,4,1970,2592,622
4/8/2017,Black & Decker Filter for Double Action Dustbuster Cordless Vac BLDV7210,Office Supplies,East,6,5,31,42,10
4/17/2016,"Ultra Door Kickplate, 8""H x 34""W",Furniture,South,13,5,65,79,14
11/25/2014,DAX Black Cherry Wood-Tone Poster Frame,Furniture,East,16,2,33,53,20
11/3/2014,Compact Automatic Electric Letter Opener,Office Supplies,East,117,3,351,286,64
5/1/2015,DAX Black Cherry Wood-Tone Poster Frame,Furniture,South,16,3,49,64,14
5/1/2015,"Fiskars 8"" Scissors, 2/Pack",Office Supplies,South,12,3,37,41,5
5/1/2015,Panasonic KP-380BK Classic Electric Pencil Sharpener,Office Supplies,South,27,6,162,173,11
3/8/2015,"Rush Hierlooms Collection 1"" Thick Stackable Bookcases",Furniture,Central,138,3,415,513,97
3/8/2015,Hon Mobius Operator's Chair,Furniture,Central,96,7,672,861,189
3/8/2015,Nortel Meridian M3904 Professional Digital phone,Technology,Central,109,5,547,770,223
3/8/2015,Boston 1900 Electric Pencil Sharpener,Office Supplies,Central,10,1,10,15,4
3/8/2015,Deflect-o Glass Clear Studded Chair Mats,Furniture,Central,49,6,291,373,82
7/17/2015,"Bush Westfield Collection Bookcases, Medium Cherry Finish",Furniture,South,45,5,226,232,6
10/11/2014,DAX Cubicle Frames - 8x10,Furniture,West,4,11,44,63,19
10/11/2014,WD My Passport Ultra 1TB Portable External Hard Drive,Technology,West,57,5,286,345,59
3/3/2016,"Office Impressions End Table, 20-1/2""H x 24""W x 20""D",Furniture,Central,255,3,765,638,128
3/3/2016,Canon PC170 Desktop Personal Copier,Technology,Central,85,3,254,288,34
3/3/2016,"White Envelopes, White Envelopes with Clear Poly Window",Office Supplies,Central,8,3,25,37,12
12/10/2015,Staples in misc. colors,Office Supplies,South,1,1,1,2,0
12/10/2015,Xerox 201,Office Supplies,South,3,4,13,26,12
12/10/2015,"Memorex 25GB 6X Branded Blu-Ray Recordable Disc, 15/Pack",Technology,South,13,6,81,102,21
12/18/2015,Newell 320,Office Supplies,West,3,2,6,7,1
1/1/2017,"Howard Miller 11-1/2"" Diameter Brentwood Wall Clock",Furniture,West,25,11,275,474,199
11/21/2017,Xerox 1972,Office Supplies,East,3,2,6,8,3
11/21/2017,Recycled Eldon Regeneration Jumbo File,Office Supplies,East,9,4,35,39,4
12/22/2015,Newell 336,Office Supplies,Central,3,4,12,17,5
8/23/2015,Avanti 4.4 Cu. Ft. Refrigerator,Office Supplies,South,130,3,391,543,152
8/23/2015,Avery 474,Office Supplies,South,1,3,4,9,4
8/23/2015,Xerox 1944,Office Supplies,South,20,5,99,194,95
8/23/2015,Xerox 1962,Office Supplies,South,2,5,12,21,10
8/23/2015,Xerox 1890,Office Supplies,South,24,2,49,98,49
8/23/2015,Maxell LTO Ultrium - 800 GB,Technology,South,23,9,204,252,48
8/23/2015,"Acco Six-Outlet Power Strip, 4' Cord Length",Office Supplies,South,6,3,19,26,7
6/22/2014,"Padded Folding Chairs, Black, 4/Carton",Furniture,East,58,3,175,170,5
6/22/2014,Panasonic Kx-TS550,Technology,East,33,3,98,83,15
6/22/2014,"Hon Deluxe Fabric Upholstered Stacking Chairs, Rounded Back",Furniture,East,171,5,854,854,0
10/27/2017,"O'Sullivan Elevations Bookcase, Cherry Finish",Furniture,West,110,5,550,557,7
10/27/2017,Jackery Bar Premium Fast-charging Portable Charger,Technology,West,15,4,61,96,35
8/11/2017,"Wirebound Message Books, Four 2 3/4"" x 5"" Forms per Page, 600 Sets per Book",Office Supplies,Central,5,4,20,30,10
8/11/2017,BIC Brite Liner Grip Highlighters,Office Supplies,Central,1,7,6,9,3
8/11/2017,Pyle PMP37LED,Technology,Central,70,2,140,154,13
8/11/2017,"Fellowes Twister Kit, Gray/Clear, 3/pkg",Office Supplies,Central,4,8,35,13,23
12/24/2017,DYMO CardScan Personal V9 Business Card Scanner,Technology,South,80,3,240,480,240
12/24/2017,"Iceberg Nesting Folding Chair, 19w x 6d x 43h",Furniture,South,43,4,172,233,61
9/26/2016,Belkin 7 Outlet SurgeMaster II,Office Supplies,West,28,6,171,237,66
9/26/2016,Universal Premium White Copier/Laser Paper (20Lb. and 87 Bright),Office Supplies,West,3,5,15,30,15
9/26/2016,Micro Innovations USB RF Wireless Keyboard with Mouse,Technology,West,20,4,79,100,21
12/12/2016,Wilson Jones Century Plastic Molded Ring Binders,Office Supplies,East,11,3,33,19,14
12/12/2016,Logitech G602 Wireless Gaming Mouse,Technology,East,51,6,307,384,77
12/28/2015,"Tenex Personal Filing Tote With Secure Closure Lid, Black/Frost",Office Supplies,Central,12,2,23,25,2
12/29/2014,Stacking Trays by OIC,Furniture,West,3,5,17,25,8
12/29/2014,Xerox 1981,Office Supplies,West,3,4,12,21,10
12/29/2014,DYMO CardScan Personal V9 Business Card Scanner,Technology,West,80,6,480,768,288
12/29/2014,Avery Hanging File Binders,Office Supplies,West,3,3,10,14,5
12/29/2014,Mophie Juice Pack Helium for iPhone,Technology,West,58,3,173,192,19
12/29/2014,Avery 477,Office Supplies,West,16,9,148,275,126
12/29/2014,"Executive Impressions 10"" Spectator Wall Clock",Furniture,West,8,6,47,71,24
6/25/2015,Dana Halogen Swing-Arm Architect Lamp,Furniture,West,29,5,147,205,57
4/2/2015,Aluminum Screw Posts,Office Supplies,Central,8,3,23,9,14
10/21/2017,Belkin 8 Outlet SurgeMaster II Gold Surge Protector,Office Supplies,Central,43,2,86,24,62
7/16/2015,Petty Cash Envelope,Office Supplies,East,14,3,41,81,40
7/16/2015,Kensington Orbit Wireless Mobile Trackball for PC and Mac,Technology,East,41,10,408,600,192
6/24/2017,"Deflect-o RollaMat Studded, Beveled Mat for Medium Pile Carpeting",Furniture,East,76,3,227,277,50
6/24/2017,Global Deluxe Office Fabric Chairs,Furniture,East,70,2,140,173,33
9/29/2014,Nontoxic Chalk,Office Supplies,East,1,3,3,4,1
9/29/2014,"Hon 30"" x 60"" Table with Locking Drawer",Furniture,East,246,2,491,409,82
9/29/2014,"Permanent Self-Adhesive File Folder Labels for Typewriters, 1 1/8 x 3 1/2, White",Office Supplies,East,3,11,37,55,18
9/29/2014,Southworth Parchment Paper & Envelopes,Office Supplies,East,4,4,14,21,7
9/29/2014,Tennsco Single-Tier Lockers,Office Supplies,East,357,6,2139,1802,338
9/29/2014,Hon 4060 Series Tables,Furniture,East,87,1,87,67,20
11/24/2014,Fellowes Super Stor/Drawer Files,Office Supplies,Central,131,5,654,646,8
11/20/2015,Gear Head AU3700S Headset,Technology,West,13,7,88,73,15
11/20/2015,Safco Contoured Stacking Chairs,Furniture,West,179,3,536,572,36
11/1/2016,Maxell 4.7GB DVD-R,Technology,Central,17,3,50,68,18
9/17/2015,"Acco Data Flex Cable Posts For Top & Bottom Load Binders, 6"" Capacity",Office Supplies,West,6,3,17,25,8
3/10/2016,Plantronics Audio 478 Stereo USB Headset,Technology,East,32,1,32,40,7
6/23/2014,Prang Drawing Pencil Set,Office Supplies,South,2,9,18,20,2
6/23/2014,Acme Kleen Earth Office Shears,Office Supplies,South,3,1,3,3,0
11/1/2014,Staples,Office Supplies,South,1,5,6,8,1
11/1/2014,Newell 320,Office Supplies,South,3,3,9,10,1
11/1/2014,Avery 513,Office Supplies,South,3,12,32,48,16
11/1/2014,Cisco IP Phone 7961G VoIP phone - Dark gray,Technology,South,97,9,869,979,110
8/28/2016,"Angle-D Binders with Locking Rings, Label Holders",Office Supplies,Central,4,9,35,13,22
8/28/2016,GBC ProClick Spines for 32-Hole Punch,Office Supplies,Central,7,4,27,10,17
8/28/2016,"Sauder Camden County Collection Libraries, Planked Cherry Finish",Furniture,Central,105,2,209,156,53
12/6/2015,Hewlett Packard 610 Color Digital Copier / Printer,Technology,Central,275,2,550,1000,450
9/24/2015,AT&T 1080 Phone,Technology,Central,101,6,608,822,214
11/15/2017,"Howard Miller 13-1/2"" Diameter Rosebrook Wall Clock",Furniture,South,41,4,165,220,55
11/15/2017,"Tenex 46"" x 60"" Computer Anti-Static Chairmat, Rectangular Shaped",Furniture,South,85,4,339,339,0
12/19/2015,Self-Adhesive Ring Binder Labels,Office Supplies,Central,2,2,4,7,3
12/19/2015,Bagged Rubber Bands,Office Supplies,Central,1,4,5,5,0
12/19/2015,White Computer Printout Paper by Universal,Office Supplies,Central,20,3,59,116,57
12/21/2015,Anker 36W 4-Port USB Wall Charger Travel Power Adapter for iPhone 5s 5c 5,Technology,South,14,3,43,48,5
9/25/2016,"REDIFORM Incoming/Outgoing Call Register, 11"" X 8 1/2"", 100 Messages",Office Supplies,West,4,9,38,60,23
9/25/2016,GBC Poly Designer Binding Covers,Office Supplies,West,9,1,9,5,4
6/24/2017,Ibico Hi-Tech Manual Binding System,Office Supplies,Central,168,3,503,183,320
6/24/2017,Xerox 1971,Office Supplies,Central,2,3,7,10,3
9/7/2017,Wilson Jones Leather-Like Binders with DublLock Round Rings,Office Supplies,West,5,3,14,8,6
8/4/2016,Mitel 5320 IP Phone VoIP phone,Technology,West,136,2,272,302,30
8/4/2016,Wilson Jones Leather-Like Binders with DublLock Round Rings,Office Supplies,West,5,3,14,21,7
8/4/2016,"Pressboard Covers with Storage Hooks, 9 1/2"" x 11"", Light Blue",Office Supplies,West,3,3,8,12,4
8/19/2014,"Hon Metal Bookcases, Gray",Furniture,South,52,9,466,639,172
4/1/2016,Avery 473,Office Supplies,East,5,2,11,21,10
4/1/2016,Acme Value Line Scissors,Office Supplies,East,3,3,8,11,3
4/1/2016,Avery Hanging File Binders,Office Supplies,East,3,3,10,14,5
5/16/2017,"SAFCO Commercial Wire Shelving, Black",Office Supplies,East,138,2,276,221,55
8/24/2015,Cisco 9971 IP Video Phone Charcoal,Technology,South,238,7,1663,3080,1417
8/24/2015,Anker Ultra-Slim Mini Bluetooth 3.0 Wireless Keyboard,Technology,South,15,4,62,80,18
8/24/2015,LG G3,Technology,South,139,3,417,588,171
9/23/2014,Xerox 217,Office Supplies,Central,3,5,17,32,16
9/23/2014,Carina Double Wide Media Storage Towers in Natural & Black,Office Supplies,Central,78,5,389,405,16
9/23/2014,Ibico EPK-21 Electric Binding System,Office Supplies,Central,964,5,4819,9450,4630
9/23/2014,GBC Instant Report Kit,Office Supplies,Central,3,2,6,13,6
6/19/2017,"Holmes Visible Mist Ultrasonic Humidifier with 2.3-Gallon Output per Day, Replacement Filter",Office Supplies,Central,7,1,7,2,5
6/19/2017,Hoover Replacement Belt for Commercial Guardsman Heavy-Duty Upright Vacuum,Office Supplies,Central,2,1,2,0,1
6/19/2017,Xerox 1982,Office Supplies,Central,12,8,99,146,48
12/21/2017,Staple-based wall hangings,Furniture,Central,4,2,9,16,7
8/7/2017,GE DSL Phone Line Filter,Technology,West,28,5,142,160,18
8/7/2017,Avery Printable Repositionable Plastic Tabs,Office Supplies,West,5,2,9,14,5
8/22/2016,"GBC Standard Recycled Report Covers, Clear Plastic Sheets",Office Supplies,Central,6,2,11,4,7
9/7/2015,Eldon Shelf Savers Cubes and Bins,Office Supplies,East,7,2,14,14,0
9/7/2015,Anderson Hickey Conga Table Tops & Accessories,Furniture,East,14,3,42,27,14
12/25/2015,"Logitech B530 USB Headset - headset - Full size, Binaural",Technology,Central,27,2,54,74,20
12/25/2015,Rush Hierlooms Collection Rich Wood Bookcases,Furniture,Central,140,1,140,161,21
12/25/2015,Xerox 1978,Office Supplies,Central,3,3,9,17,8
12/25/2015,Newell 351,Office Supplies,Central,2,1,2,3,1
5/2/2015,Avery 501,Office Supplies,Central,2,3,6,9,3
5/2/2015,Samsung Rugby III,Technology,Central,48,3,145,158,14
11/24/2016,Ibico Hi-Tech Manual Binding System,Office Supplies,West,168,5,839,1220,381
11/24/2015,Avery Reinforcements for Hole-Punch Pages,Office Supplies,West,1,2,2,3,1
11/24/2015,Xerox 225,Office Supplies,West,3,3,10,19,9
11/24/2015,Fellowes Bankers Box Staxonsteel Drawer File/Stacking System,Office Supplies,West,57,7,400,455,55
11/24/2015,Avery Premier Heavy-Duty Binder with Round Locking Rings,Office Supplies,West,8,8,62,91,30
9/4/2017,Kingston Digital DataTraveler 8GB USB 2.0,Technology,East,5,4,20,19,1
5/11/2017,"Ampad Phone Message Book, Recycled, 400 Message Capacity, 5 ¾” x 11”",Office Supplies,West,3,6,21,37,17
5/11/2017,Avery 50,Office Supplies,West,7,3,20,38,18
5/11/2017,"Acco Flexible ACCOHIDE Square Ring Data Binder, Dark Blue, 11 1/2"" X 14"" 7/8""",Office Supplies,West,8,2,17,26,9
5/11/2014,Staple holder,Office Supplies,East,9,3,26,36,10
7/27/2017,"Eldon Delta Triangular Chair Mat, 52"" x 58"", Clear",Furniture,South,31,3,93,91,2
5/6/2017,Dixon Ticonderoga Core-Lock Colored Pencils,Office Supplies,South,6,6,37,55,18
9/19/2014,Project Tote Personal File,Office Supplies,South,10,6,60,67,8
9/19/2014,"HP Designjet T520 Inkjet Large Format Printer - 24"" Color",Technology,South,1190,3,3570,2625,945
3/29/2015,Acco 6 Outlet Guardian Premium Plus Surge Suppressor,Office Supplies,West,13,4,52,73,21
11/18/2014,"GBC White Gloss Covers, Plain Front",Office Supplies,Central,8,5,38,14,24
7/2/2015,Easy-staple paper,Office Supplies,South,3,3,8,12,4
7/2/2015,Xerox 1957,Office Supplies,South,3,3,10,16,6
9/8/2014,Advantus Plastic Paper Clips,Office Supplies,South,3,9,23,45,22
9/8/2014,"Epson WorkForce WF-2530 All-in-One Printer, Copier Scanner",Technology,South,40,3,120,210,90
10/2/2017,"Performers Binder/Pad Holder, Black",Office Supplies,West,14,5,70,112,42
10/2/2017,Tennsco Double-Tier Lockers,Office Supplies,West,196,7,1370,1575,205
11/19/2017,OIC Binder Clips,Office Supplies,South,2,7,13,25,13
12/30/2016,Avery Binding System Hidden Tab Executive Style Index Sets,Office Supplies,Central,3,6,17,7,10
12/1/2017,Personal File Boxes with Fold-Down Carry Handle,Office Supplies,East,12,3,35,37,2
12/1/2017,"Ultra Door Kickplate, 8""H x 34""W",Furniture,East,13,5,65,79,14
6/13/2016,Avery 51,Office Supplies,Central,3,3,10,19,9
5/19/2014,Avery Heavy-Duty EZD View Binder with Locking Rings,Office Supplies,Central,3,9,31,57,26
1/30/2017,"Crayola Anti Dust Chalk, 12/Pack",Office Supplies,West,1,7,7,13,6
1/30/2017,Newell 338,Office Supplies,West,2,3,6,9,2
1/30/2017,Novimex Swivel Fabric Task Chair,Furniture,West,134,1,134,121,14
11/28/2015,"Tenex Contemporary Contur Chairmats for Low and Medium Pile Carpet, Computer, 39"" x 49""",Furniture,East,86,3,258,323,65
10/23/2017,"Acco Flexible ACCOHIDE Square Ring Data Binder, Dark Blue, 11 1/2"" X 14"" 7/8""",Office Supplies,Central,8,3,25,10,15
10/23/2017,Advantus Rolling Storage Box,Office Supplies,Central,13,1,13,14,1
10/23/2017,WD My Passport Ultra 1TB Portable External Hard Drive,Technology,Central,57,1,57,55,2
10/23/2017,"Carina 42""Hx23 3/4""W Media Storage Unit",Office Supplies,Central,79,4,317,259,58
9/7/2017,Avery 519,Office Supplies,East,4,5,19,29,10
9/7/2017,"Eureka Recycled Copy Paper 8 1/2"" x 11"", Ream",Office Supplies,East,3,3,10,16,5
9/7/2017,Poly String Tie Envelopes,Office Supplies,East,1,3,3,5,2
12/29/2016,GBC Wire Binding Strips,Office Supplies,South,17,4,66,38,28
12/29/2016,Zipper Ring Binder Pockets,Office Supplies,South,2,3,5,3,2
12/5/2015,Belkin F8E887 USB Wired Ergonomic Keyboard,Technology,East,24,2,47,48,1
12/5/2015,"GBC White Gloss Covers, Plain Front",Office Supplies,East,8,6,46,26,20
11/1/2014,Southworth Parchment Paper & Envelopes,Office Supplies,Central,4,3,11,16,5
4/16/2016,Newell 341,Office Supplies,South,3,3,9,13,4
5/14/2017,Google Nexus 5,Technology,East,135,3,405,540,135
5/14/2017,X-Rack File for Hanging Folders,Office Supplies,East,8,2,17,23,6
3/14/2015,Avery 476,Office Supplies,East,2,4,9,17,8
3/14/2015,GBC DocuBind TL200 Manual Binding Machine,Office Supplies,East,119,3,356,672,316
1/14/2017,Imation 8GB Mini TravelDrive USB 2.0 Flash Drive,Technology,West,26,7,184,169,15
1/14/2017,Mobile Personal File Cube,Office Supplies,West,17,9,154,169,15
3/8/2015,Xerox 1997,Office Supplies,East,3,3,10,19,9
10/11/2014,Iris Project Case,Office Supplies,West,6,4,24,32,8
10/11/2014,Global Enterprise Series Seating High-Back Swivel/Tilt Chairs,Furniture,West,249,2,499,434,65
4/13/2015,Xerox 210,Office Supplies,West,3,6,20,31,11
4/13/2015,Xerox 1973,Office Supplies,West,12,3,37,55,18
11/16/2017,Eldon Shelf Savers Cubes and Bins,Office Supplies,West,7,7,48,49,1
7/1/2016,"Wilson Jones Hanging View Binder, White, 1""",Office Supplies,South,4,2,8,14,7
7/1/2016,Xerox 210,Office Supplies,South,3,2,7,13,6
7/1/2016,Binding Machine Supplies,Office Supplies,South,15,2,30,58,28
11/29/2015,"Boston Electric Pencil Sharpener, Model 1818, Charcoal Black",Office Supplies,West,20,2,41,56,16
4/7/2014,AT&T TR1909W,Technology,South,93,5,466,630,164
4/7/2014,Xerox 1945,Office Supplies,South,21,3,63,123,60
6/16/2016,"Wirebound Message Books, Four 2 3/4"" x 5"" Forms per Page, 600 Sets per Book",Office Supplies,West,5,5,25,46,22
3/6/2017,Economy Binders,Office Supplies,West,1,9,10,15,5
10/7/2017,Storex DuraTech Recycled Plastic Frosted Binders,Office Supplies,Central,2,5,11,4,6
10/6/2017,Logitech G430 Surround Sound Gaming Headset with Dolby 7.1 Technology,Technology,East,51,4,205,320,115
10/6/2017,"Adams Telephone Message Book W/Dividers/Space For Phone Numbers, 5 1/4""X8 1/2"", 200/Messages",Office Supplies,East,3,3,9,17,8
10/6/2017,Space Solutions HD Industrial Steel Shelving.,Office Supplies,East,112,3,335,345,10
12/5/2016,O'Sullivan 5-Shelf Heavy-Duty Bookcases,Furniture,East,61,1,61,82,20
10/21/2016,Logitech Desktop MK120 Mouse and keyboard Combo,Technology,East,15,6,88,98,10
5/18/2017,"Acco Pressboard Covers with Storage Hooks, 14 7/8"" x 11"", Light Blue",Office Supplies,Central,3,7,18,7,11
5/18/2017,"Avery Framed View Binder, EZD Ring (Locking), Navy, 1 1/2""",Office Supplies,Central,5,1,5,2,3
5/18/2017,Plastic Stacking Crates & Casters,Office Supplies,Central,4,2,8,9,1
9/26/2016,Hammermill Color Copier Paper (28Lb. and 96 Bright),Office Supplies,Central,5,1,5,10,4
11/17/2017,Canon imageCLASS 2200 Advanced Copier,Technology,East,1820,3,5460,10500,5040
7/8/2015,Xerox 1990,Office Supplies,Central,3,5,15,21,7
11/16/2015,Bretford CR4500 Series Slim Rectangular Table,Furniture,West,268,2,536,696,160
11/16/2015,Jabra BIZ 2300 Duo QD Duo Corded Headset,Technology,West,94,3,282,305,23
6/18/2015,"BOSTON Ranger #55 Pencil Sharpener, Black",Office Supplies,West,18,2,37,52,15
4/8/2016,"C-Line Magnetic Cubicle Keepers, Clear Polypropylene",Furniture,West,3,5,14,25,10
4/18/2015,Avery 486,Office Supplies,East,4,3,12,22,10
12/3/2016,Honeywell Enviracaire Portable HEPA Air Cleaner for up to 10 x 16 Room,Office Supplies,East,75,4,301,395,94
12/3/2016,"GBC Clear Cover, 8-1/2 x 11, unpunched, 25 covers per pack",Office Supplies,East,8,4,33,18,15
12/10/2015,Avery 486,Office Supplies,East,4,1,4,7,3
12/10/2015,Hewlett Packard 610 Color Digital Copier / Printer,Technology,East,275,2,550,800,250
12/10/2015,"Adams Phone Message Book, 200 Message Capacity, 8 1/16” x 11”",Office Supplies,East,4,6,22,41,19
12/10/2015,Xerox 1883,Office Supplies,East,14,7,100,185,85
10/31/2014,Lumber Crayons,Office Supplies,East,6,5,31,49,19
10/31/2014,"RSVP Cards & Envelopes, Blank White, 8-1/2"" X 11"", 24 Cards/25 Envelopes/Set",Office Supplies,East,3,2,5,10,5
10/31/2014,"Eldon Expressions Wood Desk Accessories, Oak",Furniture,East,5,2,10,15,4
10/31/2014,GBC Recycled VeloBinder Covers,Office Supplies,East,9,2,18,34,16
10/31/2014,Eldon Wave Desk Accessories,Furniture,East,3,3,10,18,8
10/31/2014,Hon Pagoda Stacking Chairs,Furniture,East,225,5,1123,1605,481
10/31/2014,"Chromcraft Bull-Nose Wood 48"" x 96"" Rectangular Conference Tables",Furniture,East,446,1,446,386,61
12/9/2017,Xerox 1921,Office Supplies,Central,5,2,11,16,5
5/5/2014,"Adams ""While You Were Out"" Message Pads",Office Supplies,South,2,3,5,9,4
5/5/2014,Newell 350,Office Supplies,South,2,2,5,7,2
5/5/2014,Xerox 1933,Office Supplies,South,7,2,13,25,12
3/4/2016,"Green Canvas Binder for 8-1/2"" x 14"" Sheets",Office Supplies,Central,21,3,64,128,64
11/30/2014,Park Ridge Embossed Executive Business Envelopes,Office Supplies,East,8,4,33,62,29
2/18/2015,Smead Alpha-Z Color-Coded Second Alphabetical Labels and Starter Set,Office Supplies,West,2,3,5,9,4
4/1/2017,"Safco Value Mate Steel Bookcase, Baked Enamel Finish on Steel, Black",Furniture,West,50,8,397,483,85
4/1/2017,Cubify CubeX 3D Printer Double Head Print,Technology,West,2220,2,4440,4800,360
6/11/2017,Xerox 1939,Office Supplies,West,10,2,20,38,18
6/11/2017,"Acco Pressboard Covers with Storage Hooks, 14 7/8"" x 11"", Dark Blue",Office Supplies,West,2,6,12,18,7
6/11/2017,Cisco Desktop Collaboration Experience DX650 IP Video Phone,Technology,West,51,5,256,386,130
6/11/2017,"Belkin 19"" Vented Equipment Shelf, Black",Office Supplies,West,51,2,102,103,1
6/11/2017,O'Sullivan 3-Shelf Heavy-Duty Bookcases,Furniture,West,44,3,133,174,42
9/30/2016,"Pressboard Covers with Storage Hooks, 9 1/2"" x 11"", Light Blue",Office Supplies,Central,3,2,5,2,3
12/13/2014,Howard Miller 12-3/4 Diameter Accuwave DS  Wall Clock,Furniture,Central,46,3,137,94,42
11/11/2017,"Vinyl Coated Wire Paper Clips in Organizer Box, 800/Box",Office Supplies,Central,6,4,24,46,22
1/5/2015,Global Deluxe Steno Chair,Furniture,West,69,1,69,62,7
3/24/2016,"Ink Jet Note and Greeting Cards, 8-1/2"" x 5-1/2"" Card Size",Office Supplies,Central,12,1,12,22,10
7/5/2017,"Deflect-o RollaMat Studded, Beveled Mat for Medium Pile Carpeting",Furniture,Central,76,9,681,332,349
7/5/2017,"Cardinal HOLDit! Binder Insert Strips,Extra Strips",Office Supplies,Central,3,9,29,11,18
7/5/2017,Xerox 1975,Office Supplies,Central,3,3,10,16,6
7/5/2017,Xerox 1966,Office Supplies,Central,3,6,20,31,11
7/5/2017,Tuf-Vin Binders,Office Supplies,Central,17,1,17,6,10
9/21/2014,"While You Were Out Pads, 50 per Pad, 4 x 5 1/4, Green Cycle",Office Supplies,East,2,3,7,11,4
9/21/2014,Staple-on labels,Office Supplies,East,2,9,14,21,7
7/23/2016,"GBC Laser Imprintable Binding System Covers, Desert Sand",Office Supplies,Central,8,4,30,11,19
8/29/2017,Newell 323,Office Supplies,East,1,7,9,9,1
3/26/2017,"Boston 1827 Commercial Additional Cutter, Drive Gear & Gear Rack for 1606",Office Supplies,West,14,1,14,20,6
12/29/2017,Xerox 1915,Office Supplies,Central,55,2,109,210,101
9/20/2014,Staple holder,Office Supplies,West,8,4,32,44,12
9/20/2014,Ibico Plastic and Wire Spiral Binding Combs,Office Supplies,West,5,3,14,20,7
4/4/2016,Anker Astro 15000mAh USB Portable Charger,Technology,South,48,3,144,150,6
4/4/2016,"Wirebound Message Books, Four 2 3/4"" x 5"" Forms per Page, 600 Sets per Book",Office Supplies,South,5,3,15,28,13
3/26/2014,SanDisk Ultra 32 GB MicroSDHC Class 10 Memory Card,Technology,West,19,3,58,66,9
11/28/2017,BIC Brite Liner Grip Highlighters,Office Supplies,East,1,1,1,2,1
11/28/2017,Luxo Professional Fluorescent Magnifier Lamp with Clamp-Mount Base,Furniture,East,155,5,776,1049,273
11/28/2017,"Eldon Image Series Desk Accessories, Burgundy",Furniture,East,3,5,13,21,8
12/1/2016,"XtraLife ClearVue Slant-D Ring Binder, White, 3""",Office Supplies,East,8,6,48,88,41
12/1/2016,Hon Every-Day Series Multi-Task Chairs,Furniture,East,150,4,602,752,150
9/19/2014,Hon Olson Stacker Stools,Furniture,East,101,7,710,887,177
10/23/2015,Mediabridge Sport Armband iPhone 5s,Technology,South,10,7,69,56,13
10/23/2015,Sanford Liquid Accent Highlighters,Office Supplies,South,4,2,8,11,2
10/23/2015,"SKILCRAFT Telephone Shoulder Rest, 2"" x 6.5"" x 2.5"", Black",Technology,South,5,2,11,12,1
10/13/2017,Easy-staple paper,Office Supplies,Central,14,3,43,63,21
10/13/2017,GBC VeloBinder Electric Binding Machine,Office Supplies,Central,60,4,242,97,145
10/13/2017,Dax Clear Box Frame,Furniture,Central,6,3,17,10,7
9/4/2015,"Acco Flexible ACCOHIDE Square Ring Data Binder, Dark Blue, 11 1/2"" X 14"" 7/8""",Office Supplies,West,8,2,17,10,7
3/14/2016,"Global High-Back Leather Tilter, Burgundy",Furniture,West,109,2,219,197,22
10/28/2017,"Recycled Interoffice Envelopes with String and Button Closure, 10 x 13",Office Supplies,East,12,2,24,48,24
10/15/2017,Permanent Self-Adhesive File Folder Labels for Typewriters by Universal,Office Supplies,East,1,5,7,13,6
8/7/2017,Memorex Micro Travel Drive 16 GB,Technology,Central,11,4,44,64,20
9/21/2017,APC 7 Outlet Network SurgeArrest Surge Protector,Office Supplies,South,56,1,56,80,24
11/3/2017,"Mead 1st Gear 2"" Zipper Binder, Asst. Colors",Office Supplies,East,6,3,19,12,8
11/5/2016,Laminate Occasional Tables,Furniture,Central,128,8,1023,863,160
11/5/2016,Storex Dura Pro Binders,Office Supplies,Central,3,3,10,4,6
11/5/2016,O'Sullivan Plantations 2-Door Library in Landvery Oak,Furniture,Central,169,7,1182,957,225
11/5/2016,Premium Transparent Presentation Covers by GBC,Office Supplies,Central,11,3,33,13,20
11/5/2016,Logitech Wireless Headset H600 Over-The-Head Design,Technology,Central,25,5,127,172,45
6/25/2017,"Chromcraft Bull-Nose Wood Round Conference Table Top, Wood Base",Furniture,West,181,4,723,871,148
11/26/2015,Howard Miller 12-3/4 Diameter Accuwave DS  Wall Clock,Furniture,South,46,11,502,692,190
11/24/2016,"Howard Miller 11-1/2"" Diameter Ridgewood Wall Clock",Furniture,East,31,4,123,208,85
7/21/2017,PayAnywhere Card Reader,Technology,West,7,9,66,72,6
7/21/2017,"BOSTON Ranger #55 Pencil Sharpener, Black",Office Supplies,West,18,1,18,26,8
10/23/2015,Avery Non-Stick Binders,Office Supplies,West,2,1,2,4,1
7/9/2015,"Acco 7-Outlet Masterpiece Power Center, Wihtout Fax/Phone Line Protection",Office Supplies,Central,85,2,170,49,122
8/18/2017,Fellowes Super Stor/Drawer Files,Office Supplies,West,131,2,262,323,61
4/16/2016,"3D Systems Cube Printer, 2nd Generation, Magenta",Technology,East,962,7,6734,9100,2366
4/16/2016,Stacking Trays by OIC,Furniture,East,3,2,7,10,3
4/16/2016,Wilson Jones Standard D-Ring Binders,Office Supplies,East,3,5,13,25,12
11/14/2014,"Adams Write n' Stick Phone Message Book, 11"" X 5 1/4"", 200 Messages",Office Supplies,East,3,2,6,11,5
11/14/2014,"Safco Chair Connectors, 6/Carton",Furniture,East,27,2,55,69,15
12/20/2014,Avery 487,Office Supplies,Central,2,1,2,4,2
12/20/2014,Ibico Ibimaster 300 Manual Binding System,Office Supplies,Central,202,3,607,1104,497
11/21/2015,O'Sullivan Manor Hill 2-Door Library in Brianna Oak,Furniture,Central,161,2,322,246,76
11/21/2015,Self-Adhesive Address Labels for Typewriters by Universal,Office Supplies,Central,4,2,8,12,4
11/21/2015,Sharp 1540cs Digital Laser Copier,Technology,Central,275,1,275,440,165
12/28/2017,Carina Double Wide Media Storage Towers in Natural & Black,Office Supplies,South,78,1,78,65,13
5/17/2015,GBC Twin Loop Wire Binding Elements,Office Supplies,Central,17,5,83,33,50
5/17/2015,Things To Do Today Pad,Office Supplies,Central,3,3,9,14,5
12/9/2017,Newell 314,Office Supplies,West,4,2,8,11,3
12/9/2017,Bevis 36 x 72 Conference Tables,Furniture,West,97,9,874,896,22
12/9/2017,Harmony Air Purifier,Office Supplies,West,121,1,121,189,68
3/10/2017,Nokia Lumia 521 (T-Mobile),Technology,East,22,3,65,54,11
10/22/2017,KI Conference Tables,Furniture,West,60,5,298,177,121
7/3/2017,"Howard Miller 11-1/2"" Diameter Brentwood Wall Clock",Furniture,West,25,3,75,129,54
9/4/2017,"Rogers Jumbo File, Granite",Office Supplies,West,13,4,54,54,1
8/23/2017,Samsung Galaxy Mega 6.3,Technology,South,311,13,4040,4368,328
8/23/2017,"IBM Multi-Purpose Copy Paper, 8 1/2 x 11"", Case",Office Supplies,South,17,2,34,50,15
8/23/2017,Fellowes 8 Outlet Superior Workstation Surge Protector w/o Phone/Fax/Modem Protection,Office Supplies,South,25,6,149,161,12
8/23/2017,"Eldon Regeneration Recycled Desk Accessories, Smoke",Furniture,South,1,2,2,3,0
8/23/2017,"Ampad Evidence Wirebond Steno Books, 6"" x 9""",Office Supplies,South,1,5,6,9,3
8/22/2014,Faber Castell Col-Erase Pencils,Office Supplies,East,3,1,3,4,1
10/4/2016,Laser & Ink Jet Business Envelopes,Office Supplies,Central,6,7,40,60,19
10/26/2014,Tenex Chairmats For Use With Carpeted Floors,Furniture,West,15,4,61,64,3
10/26/2014,Vtech CS6719,Technology,West,69,5,346,384,38
6/28/2016,Recycled Pressboard Report Cover with Reinforced Top Hinge,Office Supplies,West,2,3,5,8,3
6/28/2016,GBC Premium Transparent Covers with Diagonal Lined Pattern,Office Supplies,West,11,2,22,34,12
11/4/2014,Polycom SoundPoint Pro SE-225 Corded phone,Technology,West,86,7,600,666,67
11/4/2014,"Bevis Round Conference Table Top, X-Base",Furniture,West,160,4,638,574,65
11/4/2014,Cardinal EasyOpen D-Ring Binders,Office Supplies,West,5,3,14,22,8
11/4/2014,Xerox 2000,Office Supplies,West,3,3,10,19,9
11/4/2014,Hewlett-Packard Deskjet D4360 Printer,Technology,West,77,4,308,448,140
9/8/2014,Black & Decker Filter for Double Action Dustbuster Cordless Vac BLDV7210,Office Supplies,East,6,2,13,17,4
6/25/2015,Staples in misc. colors,Office Supplies,West,8,2,16,21,5
6/25/2015,"GBC Velobind Prepunched Cover Sets, Regency Series",Office Supplies,West,20,3,61,89,28
6/25/2015,Tennsco Regal Shelving Units,Office Supplies,West,98,3,295,304,9
7/26/2015,Airmail Envelopes,Office Supplies,West,44,2,89,168,79
12/7/2017,DAX Wood Document Frame.,Furniture,South,9,6,57,82,26
12/29/2014,Mediabridge Sport Armband iPhone 5s,Technology,West,10,3,30,24,6
12/29/2014,Fellowes Bases and Tops For Staxonsteel/High-Stak Systems,Office Supplies,West,25,1,25,33,8
2/14/2015,GBC Standard Therm-A-Bind Covers,Office Supplies,East,13,2,27,15,12
2/14/2015,Google Nexus 5,Technology,East,135,3,405,324,81
2/14/2015,Acco Hanging Data Binders,Office Supplies,East,2,2,4,2,2
2/14/2015,Newell 315,Office Supplies,East,4,3,13,14,1
2/14/2015,Belkin F8E887 USB Wired Ergonomic Keyboard,Technology,East,24,3,71,72,1
1/25/2016,"Dixon Ticonderoga Maple Cedar Pencil, #2",Office Supplies,East,2,3,7,9,2
1/25/2016,"Telephone Message Books with Fax/Mobile Section, 4 1/4"" x 6""",Office Supplies,East,2,5,10,18,8
4/1/2017,"Wirebound Message Books, Four 2 3/4 x 5 Forms per Page, 200 Sets per Book",Office Supplies,East,3,9,24,43,19
10/3/2017,Xerox 208,Office Supplies,South,3,3,10,16,5
10/3/2017,Hoover Portapower Portable Vacuum,Office Supplies,South,3,5,17,18,1
9/1/2017,Logitech LS21 Speaker System - PC Multimedia - 2.1-CH - Wired,Technology,West,13,1,13,20,7
9/1/2017,Avery Metallic Poly Binders,Office Supplies,West,3,5,15,23,8
12/21/2015,Memorex Micro Travel Drive 4 GB,Technology,South,6,6,36,51,15
12/21/2015,"Recycled Interoffice Envelopes with Re-Use-A-Seal Closure, 10 x 13",Office Supplies,South,9,2,18,27,9
12/20/2015,#6 3/4 Gummed Flap White Envelopes,Office Supplies,West,5,1,5,8,3
12/20/2015,Nu-Dell Float Frame 11 x 14 1/2,Furniture,West,5,2,10,14,4
11/27/2015,Sony 64GB Class 10 Micro SDHC R40 Memory Card,Technology,West,28,3,85,108,23
11/27/2015,"Snap-A-Way Black Print Carbonless Ruled Speed Letter, Triplicate",Office Supplies,West,20,3,60,114,53
8/27/2017,Xerox 217,Office Supplies,South,3,1,3,5,2
3/22/2014,"Avery Hi-Liter EverBold Pen Style Fluorescent Highlighters, 4/Pack",Office Supplies,Central,5,2,10,16,7
12/17/2017,Adjustable Depth Letter/Legal Cart,Office Supplies,South,129,3,387,544,158
3/19/2017,"ACCOHIDE 3-Ring Binder, Blue, 1""",Office Supplies,West,2,6,13,20,7
3/19/2017,Jawbone MINI JAMBOX Wireless Bluetooth Speaker,Technology,West,132,6,789,658,132
3/19/2017,Logitech K350 2.4Ghz Wireless Keyboard,Technology,West,44,2,89,100,11
3/19/2017,Logitech Wireless Marathon Mouse M705,Technology,West,28,4,114,200,86
9/18/2016,Global Leather Executive Chair,Furniture,East,246,2,491,632,140
9/18/2016,DAX Two-Tone Silver Metal Document Frame,Furniture,East,12,3,35,61,26
11/24/2017,GBC Recycled Grain Textured Covers,Office Supplies,West,18,2,36,21,15
11/24/2017,Fellowes Bankers Box Staxonsteel Drawer File/Stacking System,Office Supplies,West,57,8,457,416,42
4/11/2017,Sterilite Officeware Hinged File Box,Office Supplies,East,8,2,15,17,1
4/11/2017,Kingston Digital DataTraveler 32GB USB 2.0,Technology,East,16,2,32,27,5
12/10/2017,Jackery Bar Premium Fast-charging Portable Charger,Technology,West,15,4,61,96,35
12/10/2017,Xerox 225,Office Supplies,West,3,2,7,13,6
11/24/2017,Avery Durable Slant Ring Binders,Office Supplies,South,4,8,32,19,13
12/4/2015,GBC Ibimaster 500 Manual ProClick Binding System,Office Supplies,South,380,7,2663,1598,1065
12/4/2015,Deluxe Chalkboard Eraser Cleaner,Office Supplies,South,6,4,25,37,12
12/11/2017,Xerox 21,Office Supplies,Central,3,2,7,10,4
12/11/2017,Electrix Halogen Magnifier Lamp,Furniture,Central,144,1,144,78,66
12/11/2017,GuestStacker Chair with Chrome Finish Legs,Furniture,Central,268,2,535,520,15
5/21/2016,Easy-staple paper,Office Supplies,East,29,2,57,112,55
2/17/2017,KLD Oscar II Style Snap-on Ultra Thin Side Flip Synthetic Leather Cover Case for HTC One HTC M7,Technology,South,7,3,21,29,8
5/20/2017,Boston 1645 Deluxe Heavier-Duty Electric Pencil Sharpener,Office Supplies,Central,32,3,96,132,36
5/20/2017,"BIC Brite Liner Highlighters, Chisel Tip",Office Supplies,Central,4,4,18,26,8
5/20/2017,Fellowes High-Stak Drawer Files,Office Supplies,Central,136,4,543,705,162
5/20/2017,Staples,Office Supplies,Central,1,3,4,7,3
5/20/2017,"Binney & Smith inkTank Desk Highlighter, Chisel Tip, Yellow, 12/Box",Office Supplies,Central,1,10,14,22,7
9/11/2017,Acco Hot Clips Clips to Go,Office Supplies,Central,2,4,7,11,3
9/11/2017,Xerox 1927,Office Supplies,Central,2,6,14,21,6
11/5/2016,Premium Transparent Presentation Covers by GBC,Office Supplies,Central,11,5,55,105,50
11/5/2016,Prismacolor Color Pencil Set,Office Supplies,Central,12,2,23,40,16
11/5/2016,Avery 503,Office Supplies,Central,5,5,27,52,25
7/23/2017,"Quartet Omega Colored Chalk, 12/Pack",Office Supplies,Central,3,2,6,12,5
7/23/2017,"Memorex 25GB 6X Branded Blu-Ray Recordable Disc, 30/Pack",Technology,Central,30,5,149,160,11
11/18/2016,Holmes 99% HEPA Air Purifier,Office Supplies,East,15,6,87,104,17
4/25/2014,"Tenex Traditional Chairmats for Medium Pile Carpet, Standard Lip, 36"" x 48""",Furniture,West,48,5,240,303,64
4/25/2014,Kensington 6 Outlet MasterPiece HOMEOFFICE Power Control Center,Office Supplies,West,64,3,192,271,79
4/25/2014,GuestStacker Chair with Chrome Finish Legs,Furniture,West,268,5,1338,1487,149
11/30/2015,"#10- 4 1/8"" x 9 1/2"" Recycled Envelopes",Office Supplies,South,5,2,9,17,8
11/30/2015,"Tyvek  Top-Opening Peel & Seel  Envelopes, Gray",Office Supplies,South,20,2,40,72,32
10/25/2015,Boston 19500 Mighty Mite Electric Pencil Sharpener,Office Supplies,West,15,3,44,60,16
10/25/2015,Balt Solid Wood Rectangular Table,Furniture,West,95,3,285,253,32
7/20/2015,Avery Durable Binders,Office Supplies,Central,1,5,7,3,4
7/20/2015,O'Sullivan Cherrywood Estates Traditional Barrister Bookcase,Furniture,Central,128,4,511,385,126
7/20/2015,Pyle PMP37LED,Technology,Central,70,2,140,154,13
7/20/2015,"Atlantic Metals Mobile 3-Shelf Bookcases, Custom Colors",Furniture,Central,193,5,966,913,52
10/27/2016,Staple holder,Office Supplies,West,8,4,32,44,12
10/27/2016,"Acco Data Flex Cable Posts For Top & Bottom Load Binders, 6"" Capacity",Office Supplies,West,6,3,17,25,8
11/20/2017,Xerox 1968,Office Supplies,East,3,7,24,47,22
11/20/2017,"Sauder Camden County Collection Libraries, Planked Cherry Finish",Furniture,East,105,2,209,184,25
11/20/2017,Samsung Galaxy Mega 6.3,Technology,East,311,3,932,1260,328
11/20/2017,Boston KS Multi-Size Manual Pencil Sharpener,Office Supplies,East,17,3,50,69,19
9/8/2016,Boston 1645 Deluxe Heavier-Duty Electric Pencil Sharpener,Office Supplies,Central,32,2,64,70,6
9/8/2016,"Belkin SportFit Armband For iPhone 5s/5c, Fuchsia",Technology,Central,8,5,38,60,22
7/20/2014,Fellowes Neat Ideas Storage Cubes,Office Supplies,East,31,1,31,26,5
7/20/2014,Ibico Plastic Spiral Binding Combs,Office Supplies,East,16,3,49,27,22
11/15/2016,Polycom SoundPoint IP 450 VoIP phone,Technology,West,167,2,334,361,27
7/7/2014,"Global High-Back Leather Tilter, Burgundy",Furniture,East,109,2,219,172,47
7/7/2014,"Howard Miller 11-1/2"" Diameter Grantwood Wall Clock",Furniture,East,28,2,57,69,12
3/17/2016,"Blue String-Tie & Button Interoffice Envelopes, 10 x 13",Office Supplies,East,22,5,110,200,90
3/17/2016,Honeywell Enviracaire Portable HEPA Air Cleaner for 17' x 22' Room,Office Supplies,East,201,3,604,902,298
3/17/2016,Electrix Halogen Magnifier Lamp,Furniture,East,144,5,719,972,253
12/26/2016,SANFORD Major Accent Highlighters,Office Supplies,West,4,2,9,11,3
9/2/2014,SANFORD Major Accent Highlighters,Office Supplies,East,4,3,13,21,8
7/5/2015,HP Standard 104 key PS/2 Keyboard,Technology,East,11,3,33,35,2
7/5/2015,Acco Perma 4000 Stacking Storage Drawers,Office Supplies,East,14,3,41,39,2
11/20/2016,"Ampad Poly Cover Wirebound Steno Book, 6"" x 9"" Assorted Colors, Gregg Ruled",Office Supplies,Central,2,2,5,9,4
11/20/2016,Xerox 189,Office Supplies,Central,55,3,164,315,151
11/20/2016,"Pressboard Covers with Storage Hooks, 9 1/2"" x 11"", Light Blue",Office Supplies,Central,3,1,3,5,2
5/6/2014,Staple-on labels,Office Supplies,West,2,2,3,6,3
5/6/2014,Model L Table or Wall-Mount Pencil Sharpener,Office Supplies,West,13,6,78,108,30
6/21/2014,"Message Book, Phone, Wirebound Standard Line Memo, 2 3/4"" X 5""",Office Supplies,East,4,3,11,20,9
6/21/2014,GE 2-Jack Phone Line Splitter,Technology,East,152,3,457,618,161
6/21/2014,"Holmes Cool Mist Humidifier for the Whole House with 8-Gallon Output per Day, Extended Life Filter",Office Supplies,East,11,3,33,60,27
8/19/2017,Fellowes PB300 Plastic Comb Binding Machine,Office Supplies,East,206,1,206,388,182
11/29/2014,Wilson SignalBoost 841262 DB PRO Amplifier Kit,Technology,West,252,2,504,576,72
11/29/2014,Staples,Office Supplies,West,3,5,15,30,15
4/9/2017,GBC Recycled Regency Composition Covers,Office Supplies,Central,32,8,258,478,220
12/20/2014,Eldon Cleatmat Plus Chair Mats for High Pile Carpets,Furniture,East,71,3,212,191,21
12/17/2014,Newell 3-Hole Punched Plastic Slotted Magazine Holders for Binders,Office Supplies,East,2,4,10,5,4
11/17/2015,Acme Box Cutter Scissors,Office Supplies,Central,8,5,38,41,3
3/4/2014,"BIC Brite Liner Highlighters, Chisel Tip",Office Supplies,South,4,3,13,16,2
5/18/2017,"Acco Six-Outlet Power Strip, 4' Cord Length",Office Supplies,South,6,2,13,17,4
5/18/2017,Hon 4-Shelf Metal Bookcases,Furniture,South,76,3,227,303,76
5/18/2017,QVS USB Car Charger 2-Port 2.1Amp for iPod/iPhone/iPad/iPad 2/iPad 3,Technology,South,4,5,19,35,16
5/18/2017,Poly Designer Cover & Back,Office Supplies,South,10,6,59,114,55
5/18/2017,Apple EarPods with Remote and Mic,Technology,South,20,2,40,56,16
9/22/2017,Southworth 25% Cotton Linen-Finish Paper & Envelopes,Office Supplies,West,5,3,15,27,12
3/21/2017,"Global Leather and Oak Executive Chair, Black",Furniture,Central,214,6,1282,1806,524
9/14/2017,Boston Home & Office Model 2000 Electric Pencil Sharpeners,Office Supplies,East,18,3,53,71,18
11/3/2016,Advantus Plastic Paper Clips,Office Supplies,South,3,4,10,20,10
11/3/2016,Economy #2 Pencils,Office Supplies,South,2,3,6,8,2
11/3/2016,Magna Visual Magnetic Picture Hangers,Furniture,South,3,5,15,24,9
11/3/2016,Boston 16750 Black Compact Battery Pencil Sharpener,Office Supplies,South,6,1,6,9,3
11/3/2016,Global Adaptabilities Conference Tables,Furniture,South,228,3,683,843,160
5/3/2016,Heavy-Duty E-Z-D Binders,Office Supplies,Central,6,1,6,2,4
5/3/2016,Newell 316,Office Supplies,Central,4,7,25,27,3
5/3/2016,Acco Smartsocket Color-Coded Six-Outlet AC Adapter Model Surge Protectors,Office Supplies,Central,33,3,98,26,71
12/27/2016,Xerox 214,Office Supplies,Central,3,2,7,10,4
12/27/2016,"It's Hot Message Books with Stickers, 2 3/4"" x 5""",Office Supplies,Central,4,4,16,24,7
7/22/2016,Plantronics Audio 995 Wireless Stereo Headset,Technology,Central,74,1,74,110,36
7/22/2016,Fellowes Staxonsteel Drawer Files,Office Supplies,Central,166,5,831,966,135
7/22/2016,Avery Hi-Liter Smear-Safe Highlighters,Office Supplies,Central,4,5,19,29,11
7/22/2016,Xerox 192,Office Supplies,Central,3,5,17,32,16
11/16/2014,"#10 White Business Envelopes,4 1/8 x 9 1/2",Office Supplies,Central,8,5,42,78,37
11/16/2014,Xerox 1954,Office Supplies,Central,3,6,17,32,14
11/16/2014,Wilson Jones Active Use Binders,Office Supplies,Central,4,4,15,29,14
11/16/2014,"File Shuttle II and Handi-File, Black",Office Supplies,Central,25,5,127,169,42
6/19/2015,Eldon 200 Class Desk Accessories,Furniture,West,4,2,9,13,4
6/19/2015,Xerox 231,Office Supplies,West,3,1,3,6,3
6/19/2015,Cameo Buff Policy Envelopes,Office Supplies,West,33,3,99,187,88
7/4/2016,"Master Caster Door Stop, Brown",Furniture,West,3,5,17,25,9
7/4/2016,"Inter-Office Recycled Envelopes, Brown Kraft, Button-String,10"" x 13"" , 100/Box",Office Supplies,West,12,2,23,44,21
7/4/2016,"Atlantic Metals Mobile 5-Shelf Bookcases, Custom Colors",Furniture,West,211,5,1053,1279,226
7/4/2016,Eldon Shelf Savers Cubes and Bins,Office Supplies,West,7,4,27,28,1
9/3/2015,Office Star - Ergonomically Designed Knee Chair,Furniture,West,71,2,143,130,13
9/3/2015,"Avery Durable Slant Ring Binders, No Labels",Office Supplies,West,2,2,4,6,2
8/7/2017,Xerox 1891,Office Supplies,West,26,5,130,245,115
3/13/2017,Martin Yale Chadless Opener Electric Letter Opener,Office Supplies,West,816,2,1632,1332,300
9/28/2017,Dana Halogen Swing-Arm Architect Lamp,Furniture,West,29,1,29,33,3
9/28/2017,"Gould Plastics 18-Pocket Panel Bin, 34w x 5-1/4d x 20-1/2h",Office Supplies,West,88,2,177,147,29
9/28/2017,Lenovo 17-Key USB Numeric Keypad,Technology,West,27,2,53,54,1
9/28/2017,GBC DocuBind P50 Personal Binding Machine,Office Supplies,West,34,4,136,77,59
9/28/2017,Xerox 1992,Office Supplies,West,3,3,9,14,5
9/28/2017,Kensington 7 Outlet MasterPiece HOMEOFFICE Power Control Center,Office Supplies,West,92,2,184,210,26
8/7/2015,"ACCOHIDE 3-Ring Binder, Blue, 1""",Office Supplies,West,2,1,2,3,1
11/24/2017,"Crayola Anti Dust Chalk, 12/Pack",Office Supplies,East,1,9,9,16,7
11/24/2017,Ames Color-File Green Diamond Border X-ray Mailers,Office Supplies,East,45,2,89,168,79
11/24/2017,O'Sullivan Plantations 2-Door Library in Landvery Oak,Furniture,East,169,2,338,322,16
11/24/2017,Xerox 214,Office Supplies,East,3,2,7,13,6
5/8/2017,"Global Armless Task Chair, Royal Blue",Furniture,East,51,3,152,128,24
9/29/2017,"Global Wood Trimmed Manager's Task Chair, Khaki",Furniture,East,79,1,79,64,15
9/29/2017,Logitech G700s Rechargeable Gaming Mouse,Technology,East,58,3,174,240,66
9/29/2017,Riverside Furniture Stanwyck Manor Table Series,Furniture,East,267,2,534,344,189
9/29/2017,Xerox 227,Office Supplies,East,3,3,10,16,5
9/29/2017,G.E. Longer-Life Indoor Recessed Floodlight Bulbs,Furniture,East,3,4,14,21,7
9/29/2017,Xerox 1928,Office Supplies,East,3,2,6,8,3
10/22/2017,Fellowes Recycled Storage Drawers,Office Supplies,Central,103,3,310,333,23
10/22/2017,Bevis 36 x 72 Conference Tables,Furniture,Central,97,2,194,249,55
3/24/2014,Xerox 190,Office Supplies,East,3,5,13,25,12
11/3/2016,Stockwell Push Pins,Office Supplies,West,1,7,10,15,5
11/3/2016,Holmes 99% HEPA Air Purifier,Office Supplies,West,15,2,29,43,14
11/3/2016,"Avery Durable Plastic 1"" Binders",Office Supplies,West,2,12,28,44,16
11/3/2016,Xerox 1892,Office Supplies,West,20,3,59,116,57
11/3/2016,Fellowes Black Plastic Comb Bindings,Office Supplies,West,3,2,6,9,3
11/3/2016,Xerox 22,Office Supplies,West,3,3,10,19,9
11/3/2016,Multicolor Computer Printout Paper,Office Supplies,West,55,3,164,315,151
9/5/2015,"Acco Flexible ACCOHIDE Square Ring Data Binder, Dark Blue, 11 1/2"" X 14"" 7/8""",Office Supplies,Central,8,5,41,16,25
9/5/2015,Stiletto Hand Letter Openers,Office Supplies,Central,9,9,84,69,15
9/5/2015,"Acco Four Pocket Poly Ring Binder with Label Holder, Smoke, 1""",Office Supplies,Central,4,3,12,4,8
8/14/2017,Chromcraft Round Conference Tables,Furniture,West,138,3,413,418,5
12/1/2014,Sharp 1540cs Digital Laser Copier,Technology,East,275,2,550,660,110
12/1/2014,"Master Caster Door Stop, Brown",Furniture,East,3,2,7,8,1
12/1/2014,Xerox 214,Office Supplies,East,3,7,24,36,13
12/1/2014,Hon Multipurpose Stacking Arm Chairs,Furniture,East,160,6,962,910,52
6/18/2017,"Bush Andora Bookcase, Maple/Graphite Gray Finish",Furniture,West,94,9,842,918,76
6/18/2017,Xerox 1930,Office Supplies,West,3,6,20,39,19
12/2/2017,GBC DocuBind 300 Electric Binding Machine,Office Supplies,East,274,4,1094,631,463
11/21/2014,Xerox 211,Office Supplies,West,3,2,7,13,6
4/10/2016,Xerox 227,Office Supplies,West,3,2,7,13,6
4/10/2016,"Wilson Jones Clip & Carry Folder Binder Tool for Ring Binders, Clear",Office Supplies,West,3,5,15,23,8
6/30/2014,Xerox 225,Office Supplies,Central,3,5,17,26,9
6/30/2014,Staples,Office Supplies,Central,2,6,14,21,7
12/24/2014,Seidio BD2-HK3IPH5-BK DILEX Case and Holster Combo for Apple iPhone 5/5s - Black,Technology,West,22,7,156,174,17
12/24/2014,Avanti 4.4 Cu. Ft. Refrigerator,Office Supplies,West,130,2,261,362,101
12/24/2014,Sony 32GB Class 10 Micro SDHC R40 Memory Card,Technology,West,17,3,50,63,13
12/24/2014,Cisco Unified IP Phone 7945G VoIP phone,Technology,West,256,3,767,818,51
12/24/2014,Tennsco Commercial Shelving,Office Supplies,West,20,1,20,20,0
12/24/2014,"Westinghouse Floor Lamp with Metal Mesh Shade, Black",Furniture,West,18,1,18,24,6
5/23/2017,"Lesro Sheffield Collection Coffee Table, End Table, Center Table, Corner Table",Furniture,West,59,3,178,171,6
11/10/2016,3M Polarizing Light Filter Sleeves,Furniture,Central,10,2,20,37,17
11/10/2016,"Wilson Jones Ledger-Size, Piano-Hinge Binder, 2"", Blue",Office Supplies,Central,21,2,43,82,39
10/2/2016,"Premier Elliptical Ring Binder, Black",Office Supplies,West,16,6,95,55,40
9/6/2016,"Tenex Personal Project File with Scoop Front Design, Black",Office Supplies,Central,10,1,10,11,1
10/27/2016,Global Executive Mid-Back Manager's Chair,Furniture,South,215,1,215,291,76
10/22/2017,Dixon Ticonderoga Core-Lock Colored Pencils,Office Supplies,Central,6,4,24,36,12
9/15/2016,"TOPS ""Important Message"" Pads, Canary, 4-1/4 x 5-1/2, 50 Sheets per Pad",Office Supplies,West,2,5,11,21,10
9/15/2016,"Cardinal Slant-D Ring Binder, Heavy Gauge Vinyl",Office Supplies,West,5,7,33,49,16
9/25/2016,BIC Brite Liner Highlighters,Office Supplies,West,2,4,10,17,7
6/10/2017,"24 Capacity Maxi Data Binder Racks, Pearl",Office Supplies,South,158,8,1263,1348,84
2/20/2014,Enermax Briskie RF Wireless Keyboard and Mouse Combo,Technology,Central,13,3,40,62,22
2/20/2014,"Master Caster Door Stop, Brown",Furniture,Central,3,4,13,20,7
2/20/2017,Staples,Office Supplies,West,2,3,6,9,3
11/2/2014,Avery 499,Office Supplies,East,3,7,19,35,16
11/2/2014,Tensor Computer Mounted Lamp,Furniture,East,11,6,65,89,24
7/17/2017,Avaya 5420 Digital phone,Technology,East,101,2,202,270,67
7/17/2017,Southworth 25% Cotton Premium Laser Paper and Envelopes,Office Supplies,East,10,5,52,100,48
7/17/2017,DAX Solid Wood Frames,Furniture,East,6,4,25,39,14
9/8/2017,Memorex Micro Travel Drive 32 GB,Technology,East,21,4,83,117,34
11/14/2016,Binder Posts,Office Supplies,Central,3,2,6,2,4
11/14/2016,Hon GuestStacker Chair,Furniture,East,168,2,335,408,73
11/14/2016,"Tenex Personal Project File with Scoop Front Design, Black",Office Supplies,East,10,3,30,40,11
10/10/2014,"Global Deluxe Stacking Chair, Gray",Furniture,West,36,3,109,122,14
10/10/2014,"#10- 4 1/8"" x 9 1/2"" Security-Tint Envelopes",Office Supplies,West,4,2,8,15,7
3/19/2015,Xerox 1974,Office Supplies,West,3,2,6,12,6
7/8/2017,"Master Big Foot Doorstop, Beige",Furniture,West,4,3,11,16,5
7/8/2017,GBC VeloBinder Manual Binding System,Office Supplies,West,19,3,56,86,30
7/8/2017,Zebra Zazzle Fluorescent Highlighters,Office Supplies,West,4,3,12,18,6
7/8/2017,Crayola Colored Pencils,Office Supplies,West,2,4,9,13,4
2/27/2015,i.Sound Portable Power - 8000 mAh,Technology,East,52,2,105,106,1
2/27/2015,"Barricks 18"" x 48"" Non-Folding Utility Table with Bottom Storage Shelf",Furniture,East,75,7,522,494,28
6/16/2017,Storex DuraTech Recycled Plastic Frosted Binders,Office Supplies,Central,2,7,15,6,9
3/30/2017,Multimedia Mailers,Office Supplies,Central,88,2,176,326,150
7/12/2015,"Global Push Button Manager's Chair, Indigo",Furniture,Central,43,9,389,384,5
7/12/2015,Geemarc AmpliPOWER60,Technology,Central,66,2,132,148,17
7/12/2015,Vtech CS6719,Technology,Central,69,7,484,538,54
7/12/2015,Tuff Stuff Recycled Round Ring Binders,Office Supplies,Central,2,2,5,2,3
7/12/2015,Newell 32,Office Supplies,Central,2,3,6,7,1
7/12/2015,"Floodlight Indoor Halogen Bulbs, 1 Bulb per Pack, 60 Watts",Furniture,Central,10,1,10,8,2
7/12/2015,GE 2-Jack Phone Line Splitter,Technology,Central,152,4,610,659,49
4/30/2017,Avery 5,Office Supplies,East,1,2,3,6,3
7/13/2014,Bevis Round Conference Table Top & Single Column Base,Furniture,West,116,3,347,351,4
12/27/2014,Bevis Steel Folding Chairs,Furniture,West,69,3,207,230,23
12/27/2014,Xerox 1927,Office Supplies,West,2,3,7,13,6
2/27/2016,Flexible Leather- Look Classic Collection Ring Binder,Office Supplies,Central,9,3,28,57,28
3/23/2015,Staples,Office Supplies,South,4,4,17,32,14
3/23/2015,Eldon Shelf Savers Cubes and Bins,Office Supplies,South,7,4,27,28,1
10/21/2017,Lock-Up Easel 'Spel-Binder',Office Supplies,West,15,1,15,9,7
12/31/2014,Staple envelope,Office Supplies,Central,16,2,32,50,18
5/5/2014,"Global Value Mid-Back Manager's Chair, Gray",Furniture,Central,46,3,137,128,9
12/4/2015,Tyvek Side-Opening Peel & Seel Expanding Envelopes,Office Supplies,West,50,3,149,271,122
12/4/2015,Jensen SMPS-640 - speaker phone,Technology,West,34,3,102,110,8
12/4/2015,"Master Caster Door Stop, Large Brown",Furniture,West,5,5,23,36,14
9/26/2017,"Office Star - Contemporary Task Swivel chair with Loop Arms, Charcoal",Furniture,South,119,4,477,419,58
12/9/2014,Acco Perma 3000 Stacking Storage Drawers,Office Supplies,West,17,6,102,101,1
12/3/2017,Belkin F9H710-06 7 Outlet SurgeMaster Surge Protector,Office Supplies,South,14,3,41,45,5
12/3/2017,"GBC Pre-Punched Binding Paper, Plastic, White, 8-1/2"" x 11""",Office Supplies,South,8,6,50,29,21
12/3/2017,"Rediform Wirebound ""Phone Memo"" Message Book, 11 x 5-3/4",Office Supplies,South,4,4,16,24,9
11/8/2015,Wilson Jones Leather-Like Binders with DublLock Round Rings,Office Supplies,Central,5,6,28,10,17
4/19/2014,"Executive Impressions 13"" Chairman Wall Clock",Furniture,West,16,3,49,76,27
5/25/2015,SANFORD Major Accent Highlighters,Office Supplies,Central,4,3,13,21,8
5/25/2015,GBC DocuBind P50 Personal Binding Machine,Office Supplies,Central,34,2,68,128,60
7/17/2017,Brother DCP1000 Digital 3 in 1 Multifunction Machine,Technology,West,195,2,390,480,90
12/12/2016,Jabra SPEAK 410,Technology,Central,68,7,474,658,184
12/12/2016,Westinghouse Clip-On Gooseneck Lamps,Furniture,Central,6,4,25,33,9
12/12/2016,Newell 333,Office Supplies,Central,2,5,10,14,4
12/12/2016,Fellowes Desktop Hanging File Manager,Office Supplies,Central,10,2,20,27,7
4/11/2014,GBC Personal VeloBind Strips,Office Supplies,West,6,1,6,10,3
6/9/2015,Vinyl Sectional Post Binders,Office Supplies,South,19,3,57,113,57
7/27/2014,Xerox 1956,Office Supplies,East,3,11,34,66,32
7/31/2015,Microsoft Sculpt Comfort Mouse,Technology,South,22,6,134,240,105
9/19/2016,Nu-Dell Oak Frame,Furniture,East,7,3,22,26,4
6/10/2016,Avery 487,Office Supplies,East,2,8,16,24,8
8/26/2016,Newell Chalk Holder,Office Supplies,West,2,2,4,8,4
11/2/2017,"White Business Envelopes with Contemporary Seam, Recycled White Business Envelopes",Office Supplies,West,5,7,38,77,38
11/2/2017,Nontoxic Chalk,Office Supplies,West,1,5,5,9,4
11/2/2017,GBC Therma-A-Bind 250T Electric Binding System,Office Supplies,West,64,6,384,590,207
11/2/2017,"Super Bands, 12/Pack",Office Supplies,West,2,3,5,6,0
11/2/2017,Document Clip Frames,Furniture,West,5,3,15,25,11
11/2/2017,Space Solutions Commercial Steel Shelving,Office Supplies,West,61,7,430,453,23
12/26/2016,Fiskars Home & Office Scissors,Office Supplies,West,6,2,13,18,5
12/26/2016,Mitel 5320 IP Phone VoIP phone,Technology,West,136,2,272,302,30
12/26/2016,"Global Armless Task Chair, Royal Blue",Furniture,West,51,3,152,146,5
12/26/2016,"Hoover Replacement Belts For Soft Guard & Commercial Ltweight Upright Vacs, 2/Pk",Office Supplies,West,3,2,6,8,2
12/26/2016,Bretford Rectangular Conference Table Tops,Furniture,West,290,3,869,903,34
12/26/2016,Model L Table or Wall-Mount Pencil Sharpener,Office Supplies,West,13,3,39,54,15
12/5/2016,"BIC Brite Liner Grip Highlighters, Assorted, 5/Pack",Office Supplies,East,3,8,21,34,13
8/28/2017,Acme Stainless Steel Office Snips,Office Supplies,Central,5,3,16,22,6
8/28/2017,Acco 6 Outlet Guardian Premium Plus Surge Suppressor,Office Supplies,Central,13,5,65,92,27
7/16/2015,"Global Manager's Adjustable Task Chair, Storm",Furniture,East,107,1,107,151,44
7/16/2015,"White Envelopes, White Envelopes with Clear Poly Window",Office Supplies,East,8,9,74,137,63
7/16/2015,"Acco Banker's Clasps, 5 3/4""-Long",Office Supplies,East,2,4,6,12,5
5/26/2015,Xerox 1991,Office Supplies,South,12,1,12,18,6
5/26/2015,Xerox 1937,Office Supplies,South,25,4,100,154,54
5/26/2015,Security-Tint Envelopes,Office Supplies,South,4,2,8,12,4
5/26/2015,Logitech 910-002974 M325 Wireless Mouse for Web Scrolling,Technology,South,17,7,118,168,50
5/28/2015,Panasonic Kx-TS550,Technology,East,33,1,33,46,13
5/28/2015,"Hot File 7-Pocket, Floor Stand",Office Supplies,East,125,3,375,535,161
5/28/2015,"Acco Pressboard Covers with Storage Hooks, 9 1/2"" x 11"", Executive Red",Office Supplies,East,2,2,4,6,2
5/28/2015,Xerox 219,Office Supplies,East,3,7,24,45,22
11/9/2017,Eldon Wave Desk Accessories,Furniture,West,3,8,26,47,21
1/24/2016,XtraLife ClearVue Slant-D Ring Binders by Cardinal,Office Supplies,South,4,4,16,31,16
12/31/2016,Newell 345,Office Supplies,South,15,3,44,48,4
12/31/2016,Things To Do Today Pad,Office Supplies,South,3,5,15,23,8
9/5/2016,"Eureka The Boss Plus 12-Amp Hard Box Upright Vacuum, Red",Office Supplies,Central,76,3,229,63,166
9/5/2016,Advantus Map Pennant Flags and Round Head Tacks,Office Supplies,Central,3,9,24,28,4
9/4/2015,Sony Micro Vault Click 16 GB USB 2.0 Flash Drive,Technology,Central,43,3,128,134,7
9/21/2015,Polycom VoiceStation 500 Conference phone,Technology,East,221,2,442,590,147
9/21/2015,Global Ergonomic Managers Chair,Furniture,East,134,3,402,543,141
12/24/2017,Hewlett Packard LaserJet 3310 Copier,Technology,West,312,6,1872,2880,1008
12/24/2017,Vinyl Sectional Post Binders,Office Supplies,West,19,3,57,90,34
10/5/2015,"Personal Filing Tote with Lid, Black/Gray",Office Supplies,East,11,5,56,78,22
9/9/2017,Staple remover,Office Supplies,South,4,3,11,9,2
9/9/2017,Xerox 1888,Office Supplies,South,29,4,115,178,62
9/9/2017,Fellowes Super Stor/Drawer Files,Office Supplies,South,131,2,262,258,3
9/9/2017,Eldon Wave Desk Accessories,Furniture,South,3,3,10,14,4
11/13/2016,"Tenex File Box, Personal Filing Tote with Lid, Black",Office Supplies,East,11,5,57,78,20
11/13/2016,Eldon Simplefile Box Office,Office Supplies,East,9,2,18,25,7
11/13/2016,"Boston Electric Pencil Sharpener, Model 1818, Charcoal Black",Office Supplies,East,20,5,101,141,39
11/13/2016,Portable Personal File Box,Office Supplies,East,9,3,27,37,10
10/15/2015,"DAX Cubicle Frames, 8-1/2 x 11",Furniture,Central,5,2,11,17,6
8/3/2017,Avery 473,Office Supplies,West,5,5,27,52,25
8/3/2017,"Deflect-o EconoMat Studded, No Bevel Mat for Low Pile Carpeting",Furniture,West,38,3,113,124,11
8/21/2015,Sauder Camden County Collection Library,Furniture,West,92,6,552,586,34
8/21/2015,Carina Double Wide Media Storage Towers in Natural & Black,Office Supplies,West,78,1,78,81,3
3/12/2017,Carina Double Wide Media Storage Towers in Natural & Black,Office Supplies,West,78,3,233,243,10
4/27/2017,"Boston School Pro Electric Pencil Sharpener, 1670",Office Supplies,West,23,4,90,124,33
4/27/2017,Newell Chalk Holder,Office Supplies,West,2,3,7,12,6
4/27/2017,Boston Home & Office Model 2000 Electric Pencil Sharpeners,Office Supplies,West,18,2,35,47,12
9/11/2016,Canon PC-428 Personal Copier,Technology,South,106,8,848,1600,752
9/11/2016,#10 Self-Seal White Envelopes,Office Supplies,South,6,1,6,11,5
10/22/2017,Storex Flexible Poly Binders with Double Pockets,Office Supplies,West,1,4,6,3,3
10/22/2017,Office Star - Ergonomic Mid Back Chair with 2-Way Adjustable Arms,Furniture,West,152,4,608,579,29
8/2/2015,Ibico Presentation Index for Binding Systems,Office Supplies,West,2,2,4,6,2
8/2/2015,Okidata C331dn Printer,Technology,West,258,2,517,558,42
8/12/2016,"Global Geo Office Task Chair, Gray",Furniture,East,77,2,154,146,8
5/30/2014,"Ampad Poly Cover Wirebound Steno Book, 6"" x 9"" Assorted Colors, Gregg Ruled",Office Supplies,South,2,3,7,14,6
4/26/2016,Office Star - Mid Back Dual function Ergonomic High Back Chair with 2-Way Adjustable Arms,Furniture,East,124,3,372,435,63
5/14/2017,Xerox 1917,Office Supplies,West,26,9,233,440,207
5/14/2017,Martin-Yale Premier Letter Opener,Office Supplies,West,12,5,62,64,2
4/8/2017,Xerox 1891,Office Supplies,West,26,5,130,245,115
4/8/2017,Xerox 1942,Office Supplies,West,24,4,98,196,98
2/17/2017,"Adams Telephone Message Book W/Dividers/Space For Phone Numbers, 5 1/4""X8 1/2"", 300/Messages",Office Supplies,East,3,2,6,12,6
2/17/2017,Fellowes Bases and Tops For Staxonsteel/High-Stak Systems,Office Supplies,East,25,5,127,166,40
6/24/2017,"Acco Banker's Clasps, 5 3/4""-Long",Office Supplies,West,2,1,2,3,1
5/5/2014,Eldon Portable Mobile Manager,Office Supplies,Central,21,2,41,45,4
5/3/2015,"Sanford Prismacolor Professional Thick Lead Art Pencils, 36-Color Set",Office Supplies,East,23,2,46,60,14
5/3/2015,"Holmes Replacement Filter for HEPA Air Cleaner, Large Room",Office Supplies,East,9,2,17,24,7
5/3/2015,Xerox 1897,Office Supplies,East,3,2,5,8,3
5/3/2015,"Bravo II Megaboss 12-Amp Hard Body Upright, Replacement Belts, 2 Belts per Pack",Office Supplies,East,2,7,16,18,2
5/3/2015,SanDisk Cruzer 16 GB USB Flash Drive,Technology,East,9,3,28,28,0
5/3/2015,"Global Leather Highback Executive Chair with Pneumatic Height Adjustment, Black",Furniture,East,147,6,880,844,36
5/3/2015,Fellowes Bankers Box Stor/Drawer Steel Plus,Office Supplies,East,29,3,86,77,10
9/18/2016,Avery 480,Office Supplies,South,2,1,2,3,1
9/22/2016,Acco Suede Grain Vinyl Round Ring Binder,Office Supplies,South,2,9,14,8,6
9/22/2016,"Avery Address/Shipping Labels for Typewriters, 4"" x 2""",Office Supplies,South,5,2,11,17,6
1/10/2016,24-Hour Round Wall Clock,Furniture,West,11,4,46,80,34
1/10/2016,Logitech Media Keyboard K200,Technology,West,28,2,57,70,13
5/6/2017,Avery Durable Poly Binders,Office Supplies,Central,3,10,30,11,19
5/6/2017,"Sauder Mission Library with Doors, Fruitwood Finish",Furniture,Central,106,7,743,623,119
5/6/2017,Fellowes Staxonsteel Drawer Files,Office Supplies,Central,166,5,831,773,58
7/31/2016,Honeywell Quietcare HEPA Air Cleaner,Office Supplies,Central,53,4,211,283,72
7/31/2016,ClearOne Communications CHAT 70 OC Speaker Phone,Technology,Central,118,4,471,636,165
7/31/2016,Polycom SoundPoint Pro SE-225 Corded phone,Technology,Central,86,1,86,119,33
7/31/2016,Eldon ClusterMat Chair Mat with Cordless Antistatic Protection,Furniture,Central,81,3,243,273,30
3/27/2017,"Eldon Expressions Punched Metal & Wood Desk Accessories, Black & Cherry",Furniture,East,7,2,14,15,2
3/14/2014,GBC Wire Binding Combs,Office Supplies,West,5,4,22,33,11
3/14/2014,Carina Double Wide Media Storage Towers in Natural & Black,Office Supplies,West,78,1,78,81,3
3/14/2014,Imation 30456 USB Flash Drive 8GB,Technology,West,6,12,76,83,7
3/14/2014,Staple magnet,Office Supplies,West,8,2,16,21,6
3/14/2014,"Premium Transparent Presentation Covers, No Pattern/Clear, 8 1/2"" x 11""",Office Supplies,West,21,2,42,62,20
7/14/2016,Acco Hot Clips Clips to Go,Office Supplies,East,2,9,16,30,13
12/1/2016,Jabra Supreme Plus Driver Edition Headset,Technology,South,86,9,778,864,86
8/29/2016,"Barricks 18"" x 48"" Non-Folding Utility Table with Bottom Storage Shelf",Furniture,East,75,4,298,242,56
8/29/2016,O'Sullivan 5-Shelf Heavy-Duty Bookcases,Furniture,East,61,4,246,164,82
8/29/2016,Fellowes Black Plastic Comb Bindings,Office Supplies,East,3,2,6,3,3
8/29/2016,Revere Boxed Rubber Bands by Revere,Office Supplies,East,2,7,13,11,2
6/24/2016,Panasonic KX TS208W Corded phone,Technology,Central,35,9,317,441,123
3/30/2017,"Acco Pressboard Covers with Storage Hooks, 14 7/8"" x 11"", Executive Red",Office Supplies,East,2,5,10,6,5
12/20/2014,"Computer Room Manger, 14""",Furniture,West,21,2,42,52,10
12/20/2014,Logitech 910-002974 M325 Wireless Mouse for Web Scrolling,Technology,West,17,3,50,72,22
12/20/2014,Global Low Back Tilter Chair,Furniture,West,95,3,285,242,42
12/20/2014,Xerox 1888,Office Supplies,West,29,5,144,222,78
12/20/2014,Xerox 1954,Office Supplies,West,3,2,6,8,3
12/17/2015,GBC Plastic Binding Combs,Office Supplies,Central,4,4,15,30,14
12/17/2015,Hon Valutask Swivel Chairs,Furniture,Central,85,3,254,303,48
12/17/2015,Harbour Creations 67200 Series Stacking Chairs,Furniture,Central,52,2,104,142,38
12/17/2015,"Global Value Steno Chair, Gray",Furniture,Central,46,9,410,547,137
12/17/2015,"Tenex Carpeted, Granite-Look or Clear Contemporary Contour Shape Chair Mats",Furniture,Central,66,3,197,212,15
5/11/2017,Newell 348,Office Supplies,Central,2,2,5,5,1
5/11/2017,Safco Commercial Shelving,Office Supplies,Central,45,2,89,74,15
5/11/2017,Xerox 1927,Office Supplies,Central,2,2,5,7,2
5/11/2017,Telescoping Adjustable Floor Lamp,Furniture,Central,15,1,15,8,7
6/24/2016,Holmes HEPA Air Purifier,Office Supplies,Central,14,2,28,9,20
5/17/2016,Acme Forged Steel Scissors with Black Enamel Handles,Office Supplies,East,7,7,46,65,19
5/17/2016,Avery 519,Office Supplies,East,4,2,8,15,7
5/17/2016,Eldon Advantage Chair Mats for Low to Medium Pile Carpets,Furniture,East,39,4,156,173,17
6/29/2017,GBC DocuBind TL200 Manual Binding Machine,Office Supplies,West,119,5,594,896,302
6/29/2017,"Trav-L-File Heavy-Duty Shuttle II, Black",Office Supplies,West,30,3,91,131,39
6/29/2017,Newell 328,Office Supplies,West,4,2,9,12,3
6/29/2017,Enermax Briskie RF Wireless Keyboard and Mouse Combo,Technology,West,13,3,40,62,22
3/31/2014,Avery Round Ring Poly Binders,Office Supplies,East,1,1,1,1,1
12/16/2014,Xerox 224,Office Supplies,Central,3,7,24,36,13
12/16/2014,"Tenex Carpeted, Granite-Look or Clear Contemporary Contour Shape Chair Mats",Furniture,Central,66,2,132,57,75
5/18/2017,Aastra 6757i CT Wireless VoIP phone,Technology,West,153,2,306,345,39
5/12/2015,VTech DS6151,Technology,West,91,2,181,202,20
12/3/2017,"Bevis Oval Conference Table, Walnut",Furniture,West,217,2,433,522,89
12/12/2015,Rogers Handheld Barrel Pencil Sharpener,Office Supplies,East,2,3,6,8,2
10/10/2015,Xerox 1894,Office Supplies,West,3,7,24,45,22
4/18/2015,"Tennsco Stur-D-Stor Boltless Shelving, 5 Shelves, 24"" Deep, Sand",Office Supplies,West,134,7,938,947,9
4/18/2015,Xerox 19,Office Supplies,West,17,2,34,62,28
6/7/2014,"Bevis Round Conference Table Top, X-Base",Furniture,Central,160,3,479,269,210
9/1/2017,Staples in misc. colors,Office Supplies,West,5,1,5,8,3
5/22/2016,Avery 493,Office Supplies,South,3,3,8,15,7
11/11/2016,Ibico Standard Transparent Covers,Office Supplies,South,8,2,17,10,7
11/11/2016,Sanyo 2.5 Cubic Foot Mid-Size Office Refrigerators,Office Supplies,South,207,3,621,672,50
11/25/2014,"Tennsco Snap-Together Open Shelving Units, Starter Sets and Add-On Units",Office Supplies,East,266,4,1062,1118,56
11/25/2014,"Sauder Camden County Collection Libraries, Planked Cherry Finish",Furniture,East,105,3,314,276,38
11/7/2014,Wilson Jones Legal Size Ring Binders,Office Supplies,West,11,7,77,123,46
7/18/2016,SanDisk Cruzer 4 GB USB Flash Drive,Technology,Central,4,3,12,16,3
3/29/2015,Xerox 1880,Office Supplies,West,19,6,113,213,100
3/29/2015,Tops Wirebound Message Log Books,Office Supplies,West,2,3,5,10,5
3/29/2015,Memorex Froggy Flash Drive 8 GB,Technology,West,11,3,32,53,21
3/29/2015,G.E. Longer-Life Indoor Recessed Floodlight Bulbs,Furniture,West,3,3,10,20,10
4/7/2016,"Hon Deluxe Fabric Upholstered Stacking Chairs, Rounded Back",Furniture,East,171,3,512,659,146
6/13/2015,"ACCOHIDE 3-Ring Binder, Blue, 1""",Office Supplies,East,2,2,4,8,4
6/13/2015,Recycled Easel Ring Binders,Office Supplies,East,8,2,16,30,13
6/13/2015,Lenovo 17-Key USB Numeric Keypad,Technology,East,27,2,53,68,15
2/18/2015,"Avery 4027 File Folder Labels for Dot Matrix Printers, 5000 Labels per Box, White",Office Supplies,West,16,2,33,61,28
2/18/2015,Hon 61000 Series Interactive Training Tables,Furniture,West,36,1,36,36,1
11/12/2017,Avery 483,Office Supplies,West,3,2,5,10,5
11/12/2017,"Dixon Ticonderoga Maple Cedar Pencil, #2",Office Supplies,West,2,3,7,9,2
11/12/2017,Acme Forged Steel Scissors with Black Enamel Handles,Office Supplies,West,7,3,20,28,8
3/5/2017,Advantus Map Pennant Flags and Round Head Tacks,Office Supplies,Central,3,2,5,8,3
3/5/2017,Recycled Steel Personal File for Standard File Folders,Office Supplies,Central,41,4,164,221,58
3/5/2017,GBC ProClick Punch Binding System,Office Supplies,Central,33,2,65,128,63
3/5/2017,Avery Hole Reinforcements,Office Supplies,Central,3,3,10,19,9
3/3/2016,"Elite 5"" Scissors",Office Supplies,West,6,3,18,25,8
3/3/2016,"Executive Impressions 10"" Spectator Wall Clock",Furniture,West,8,3,23,35,12
12/24/2016,Xerox 1898,Office Supplies,West,3,5,17,33,16
10/7/2016,Okidata C331dn Printer,Technology,West,258,3,775,838,63
12/9/2016,ARKON Windshield Dashboard Air Vent Car Mount Holder,Technology,South,17,3,50,41,9
11/20/2017,Office Star - Mesh Screen back chair with Vinyl seat,Furniture,South,117,2,233,210,24
12/12/2015,AmazonBasics 3-Button USB Wired Mouse,Technology,Central,4,4,16,22,6
2/3/2017,GBC Instant Report Kit,Office Supplies,South,3,2,6,4,3
2/3/2017,14-7/8 x 11 Blue Bar Computer Printout Paper,Office Supplies,South,25,3,75,115,40
9/21/2017,Insertable Tab Indexes For Data Binders,Office Supplies,East,2,2,3,2,2
4/30/2017,GBC Linen Binding Covers,Office Supplies,Central,16,7,113,43,69
11/3/2014,Panasonic KX-TG9471B,Technology,East,141,4,564,784,220
11/3/2014,Surelock Post Binders,Office Supplies,East,15,2,31,49,18
11/3/2014,"Acco Pressboard Covers with Storage Hooks, 14 7/8"" x 11"", Light Blue",Office Supplies,East,3,2,5,8,3
12/30/2016,Avery 487,Office Supplies,East,2,2,4,6,2
12/30/2016,Acme Office Executive Series Stainless Steel Trimmers,Office Supplies,East,6,2,13,14,1
9/17/2014,"Tyvek Interoffice Envelopes, 9 1/2"" x 12 1/2"", 100/Box",Office Supplies,West,32,3,97,183,86
11/24/2017,BIC Liqua Brite Liner,Office Supplies,West,4,4,18,28,10
4/24/2015,"BOSTON Ranger #55 Pencil Sharpener, Black",Office Supplies,East,18,1,18,26,8
3/9/2015,Maxell 4.7GB DVD-R,Technology,Central,17,5,84,114,30
3/9/2015,Panasonic KX T7736-B Digital phone,Technology,Central,112,3,337,360,22
6/2/2017,Things To Do Today Spiral Book,Office Supplies,South,4,4,16,25,9
9/19/2016,Cardinal Holdit Business Card Pockets,Office Supplies,West,3,3,8,12,4
9/19/2016,Kleencut Forged Office Shears by Acme United Corporation,Office Supplies,West,1,3,4,6,2
10/31/2014,Plantronics HL10 Handset Lifter,Technology,West,82,8,659,742,84
11/23/2017,Contemporary Wood/Metal Frame,Furniture,Central,11,1,11,6,4
11/23/2017,Avery File Folder Labels,Office Supplies,Central,1,5,7,12,4
11/23/2017,Toshiba IPT2010-SD IP Telephone,Technology,Central,103,2,206,222,17
11/16/2017,Newell 328,Office Supplies,West,4,4,17,23,6
2/19/2016,Staple-on labels,Office Supplies,East,2,3,5,9,4
2/19/2016,Acme Office Executive Series Stainless Steel Trimmers,Office Supplies,East,6,3,19,26,7
11/7/2017,Holmes Odor Grabber,Office Supplies,East,10,7,68,101,33
7/8/2014,"Situations Contoured Folding Chairs, 4/Set",Furniture,East,53,1,53,64,11
11/7/2014,"Hon Deluxe Fabric Upholstered Stacking Chairs, Squared Back",Furniture,Central,171,4,683,683,0
11/7/2014,"Avery Triangle Shaped Sheet Lifters, Black, 2/Pack",Office Supplies,Central,1,3,4,1,2
11/7/2014,Acme Stainless Steel Office Snips,Office Supplies,Central,5,7,37,41,4
1/28/2017,Xerox 1934,Office Supplies,Central,29,5,143,280,137
12/11/2015,Newell 313,Office Supplies,West,2,5,12,13,1
12/11/2015,"Bush Westfield Collection Bookcases, Dark Cherry Finish",Furniture,West,53,4,213,70,144
12/11/2015,Newell 326,Office Supplies,West,1,3,4,4,0
12/11/2015,Logitech Keyboard K120,Technology,West,16,4,65,58,7
12/11/2015,"Master Caster Door Stop, Large Neon Orange",Furniture,West,4,9,37,52,15
12/11/2015,DAX Wood Document Frame,Furniture,West,9,5,44,55,11
12/11/2015,Bevis Rectangular Conference Tables,Furniture,West,123,5,613,365,248
12/11/2015,Xerox 1932,Office Supplies,West,19,3,56,85,29
12/11/2015,Avery Personal Creations Heavyweight Cards,Office Supplies,West,6,3,18,28,10
6/29/2015,"Ampad Phone Message Book, Recycled, 400 Message Capacity, 5 ¾” x 11”",Office Supplies,East,3,4,14,25,11
3/16/2015,"Howard Miller 11-1/2"" Diameter Brentwood Wall Clock",Furniture,West,25,1,25,43,18
8/13/2015,3-ring staple pack,Office Supplies,South,1,3,3,6,3
5/14/2016,GBC DocuBind P50 Personal Binding Machine,Office Supplies,South,34,3,102,58,44
5/14/2016,Xerox 23,Office Supplies,South,3,6,20,31,11
5/14/2016,"DAX Copper Panel Document Frame, 5 x 7 Size",Furniture,South,7,3,22,30,8
5/14/2016,"LF Elite 3D Dazzle Designer Hard Case Cover, Lf Stylus Pen and Wiper For Apple Iphone 5c Mini Lite",Technology,South,8,5,39,44,4
5/14/2016,Dixon Ticonderoga Pencils,Office Supplies,South,2,2,4,5,0
5/14/2016,Wilson Jones International Size A4 Ring Binders,Office Supplies,South,9,2,18,10,8
5/14/2016,Avery Heavy-Duty EZD  Binder With Locking Rings,Office Supplies,South,3,8,23,13,10
7/13/2017,Cisco SPA508G,Technology,East,47,1,47,40,7
7/13/2017,Nu-Dell Executive Frame,Furniture,East,8,9,72,91,19
11/22/2015,Xerox 1887,Office Supplies,West,10,2,20,38,18
11/22/2015,Xerox 1971,Office Supplies,West,2,10,24,43,19
11/22/2015,"Personal Folder Holder, Ebony",Office Supplies,West,8,3,24,34,10
11/23/2014,Quality Park Security Envelopes,Office Supplies,East,14,3,42,63,21
12/27/2015,Xerox 1917,Office Supplies,Central,26,4,104,196,92
12/27/2015,Cisco SPA 502G IP Phone,Technology,Central,84,2,168,240,72
11/14/2016,Global Ergonomic Managers Chair,Furniture,East,134,3,402,380,22
11/14/2016,Sharp AL-1530CS Digital Copier,Technology,East,255,4,1020,1200,180
11/14/2016,"DAX Contemporary Wood Frame with Silver Metal Mat, Desktop, 11 x 14 Size",Furniture,East,13,3,39,49,10
5/8/2016,Xerox 1920,Office Supplies,West,3,3,10,18,8
12/26/2014,"Wirebound Message Books, Two 4 1/4"" x 5"" Forms per Page",Office Supplies,East,4,3,12,18,6
12/26/2014,Holmes 99% HEPA Air Purifier,Office Supplies,East,15,2,29,35,6
12/26/2014,Tripp Lite TLP810NET Broadband Surge for Modem/Fax,Office Supplies,East,37,2,73,82,8
12/26/2014,Sensible Storage WireTech Storage Systems,Office Supplies,East,67,4,270,227,43
6/8/2017,Wilson Jones Impact Binders,Office Supplies,East,3,2,5,10,5
4/7/2015,Hoover Upright Vacuum With Dirt Cup,Office Supplies,Central,206,8,1645,463,1181
4/7/2015,Razer Kraken PRO Over Ear PC and Music Headset,Technology,Central,56,6,336,384,48
7/10/2016,GBC Standard Therm-A-Bind Covers,Office Supplies,West,13,6,81,45,36
11/21/2016,Texas Instrument TI-15 Fraction Calculator,Technology,East,8,7,55,30,24
11/21/2016,"Global Value Steno Chair, Gray",Furniture,East,46,3,137,128,9
11/21/2016,"Computer Room Manger, 14""",Furniture,East,21,3,62,78,16
11/12/2017,Acco 3-Hole Punch,Office Supplies,West,2,4,9,14,5
11/1/2014,"Multi-Use Personal File Cart and Caster Set, Three Stacking Bins",Office Supplies,South,25,2,50,70,19
11/1/2014,"OIC #2 Pencils, Medium Soft",Office Supplies,South,1,3,4,6,2
5/15/2016,Binder Posts,Office Supplies,East,3,3,9,14,4
11/7/2014,Belkin 8 Outlet Surge Protector,Office Supplies,Central,30,6,177,246,69
11/7/2014,Portable Personal File Box,Office Supplies,Central,9,3,27,37,10
11/7/2014,X-Rack File for Hanging Folders,Office Supplies,Central,8,2,17,23,6
11/7/2014,"ACCOHIDE 3-Ring Binder, Blue, 1""",Office Supplies,Central,2,3,7,12,6
10/5/2017,"Avery Framed View Binder, EZD Ring (Locking), Navy, 1 1/2""",Office Supplies,West,5,5,26,40,13
10/5/2017,Xerox 1951,Office Supplies,West,17,2,34,62,28
10/5/2017,Avery Hole Reinforcements,Office Supplies,West,3,4,13,20,7
6/1/2017,"Cardinal HOLDit! Binder Insert Strips,Extra Strips",Office Supplies,East,3,2,6,4,3
6/1/2017,Xerox 1924,Office Supplies,East,3,6,18,28,10
6/1/2017,Panasonic KX-TG6844B Expandable Digital Cordless Telephone,Technology,East,48,4,193,158,34
11/20/2017,9-3/4 Diameter Round Wall Clock,Furniture,South,8,2,16,28,12
12/23/2016,"Universal Recycled Hanging Pressboard Report Binders, Letter Size",Office Supplies,East,3,3,10,6,4
9/29/2017,Carina Media Storage Towers in Natural & Black,Office Supplies,South,60,5,299,244,55
11/7/2016,Rubber Band Ball,Office Supplies,East,4,4,15,15,0
4/4/2014,Avery Non-Stick Binders,Office Supplies,West,2,2,5,7,2
7/23/2015,Acco 3-Hole Punch,Office Supplies,East,2,3,7,11,4
6/25/2014,Plantronics 81402,Technology,West,49,5,244,264,20
6/25/2014,"Avery Hi-Liter EverBold Pen Style Fluorescent Highlighters, 4/Pack",Office Supplies,West,5,11,54,72,18
6/25/2014,"Hunt BOSTON Vista Battery-Operated Pencil Sharpener, Black",Office Supplies,West,9,1,9,9,1
9/8/2014,Prang Colored Pencils,Office Supplies,West,2,2,3,6,3
9/8/2014,"Hon Deluxe Fabric Upholstered Stacking Chairs, Rounded Back",Furniture,West,171,5,854,976,122
9/8/2014,"Hunt PowerHouse Electric Pencil Sharpener, Blue",Office Supplies,West,27,8,213,304,91
9/8/2014,Carina Double Wide Media Storage Towers in Natural & Black,Office Supplies,West,78,6,466,486,19
12/12/2014,"Eldon Image Series Desk Accessories, Burgundy",Furniture,West,3,3,8,13,5
12/12/2014,Woodgrain Magazine Files by Perma,Office Supplies,West,3,3,8,9,1
12/12/2014,Longer-Life Soft White Bulbs,Furniture,West,2,3,5,9,4
1/13/2015,Binding Machine Supplies,Office Supplies,West,15,3,46,70,25
1/13/2015,"Floodlight Indoor Halogen Bulbs, 1 Bulb per Pack, 60 Watts",Furniture,West,10,4,40,78,38
1/13/2015,"Deflect-o EconoMat Nonstudded, No Bevel Mat",Furniture,West,41,9,372,465,93
12/15/2017,Newell 307,Office Supplies,Central,1,7,9,10,1
12/18/2016,GBC DocuBind TL300 Electric Binding System,Office Supplies,East,475,2,951,1794,843
4/11/2014,Jawbone JAMBOX Wireless Bluetooth Speaker,Technology,Central,82,6,493,758,265
11/10/2016,Canvas Sectional Post Binders,Office Supplies,East,13,1,13,20,7
11/10/2016,Wilson Jones Century Plastic Molded Ring Binders,Office Supplies,East,11,3,33,50,17
6/26/2017,Mophie Juice Pack Helium for iPhone,Technology,East,58,3,173,240,67
11/13/2017,Global Troy Executive Leather Low-Back Tilter,Furniture,West,376,6,2254,2405,150
11/13/2017,GBC DocuBind P50 Personal Binding Machine,Office Supplies,West,34,11,373,563,190
11/13/2017,Space Solutions HD Industrial Steel Shelving.,Office Supplies,West,112,3,335,345,10
11/13/2017,Avery File Folder Labels,Office Supplies,West,1,3,4,9,4
11/24/2017,Blue Parrot B250XT Professional Grade Wireless Bluetooth Headset with,Technology,East,52,2,105,90,15
11/24/2017,Xerox 1919,Office Supplies,East,21,7,146,230,83
5/23/2017,OIC Thumb-Tacks,Office Supplies,Central,1,2,1,2,1
5/23/2017,Acco 6 Outlet Guardian Premium Plus Surge Suppressor,Office Supplies,Central,13,5,65,18,47
5/23/2017,Tennsco Commercial Shelving,Office Supplies,Central,20,3,60,49,12
5/23/2017,Storex Dura Pro Binders,Office Supplies,Central,3,1,3,1,2
12/2/2014,Imation 32GB Pocket Pro USB 3.0 Flash Drive - 32 GB - Black - 1 P ...,Technology,East,18,5,90,120,30
10/3/2014,Advantus Rolling Drawer Organizers,Office Supplies,South,28,2,57,62,5
10/3/2014,DIXON Oriole Pencils,Office Supplies,South,2,3,6,6,0
7/29/2016,"Avery Triangle Shaped Sheet Lifters, Black, 2/Pack",Office Supplies,South,1,3,4,2,1
11/2/2017,Letter or Legal Size Expandable Poly String Tie Envelopes,Office Supplies,South,1,2,3,5,3
11/2/2017,"Hon Deluxe Fabric Upholstered Stacking Chairs, Rounded Back",Furniture,South,171,4,683,976,293
11/2/2017,Logitech diNovo Edge Keyboard,Technology,South,192,9,1732,2250,517
11/2/2017,Super Decoflex Portable Personal File,Office Supplies,South,11,4,43,60,17
3/8/2017,"Green Canvas Binder for 8-1/2"" x 14"" Sheets",Office Supplies,West,21,5,107,171,64
3/8/2017,Newell 323,Office Supplies,West,1,2,2,3,1
12/16/2014,Xerox 1929,Office Supplies,Central,12,5,62,114,53
11/28/2016,"Global Push Button Manager's Chair, Indigo",Furniture,South,43,3,130,183,53
11/28/2016,Kingston Digital DataTraveler 32GB USB 2.0,Technology,South,16,6,96,102,6
11/28/2016,Tennsco Single-Tier Lockers,Office Supplies,South,357,3,1070,1126,56
11/28/2016,"24 Capacity Maxi Data Binder Racks, Pearl",Office Supplies,South,158,6,947,1263,316
12/23/2016,Newell 317,Office Supplies,West,2,3,6,9,3
12/23/2016,Computer Printout Paper with Letter-Trim Perforations,Office Supplies,West,10,2,20,38,18
12/23/2016,"Sanford EarthWrite Recycled Pencils, Medium Soft, #2",Office Supplies,West,2,2,3,4,1
12/23/2016,SAFCO Boltless Steel Shelving,Office Supplies,West,113,2,225,227,2
12/23/2016,Xerox 1911,Office Supplies,West,25,1,25,48,23
12/23/2016,Staple envelope,Office Supplies,West,16,2,32,62,30
12/23/2016,"Tennsco Snap-Together Open Shelving Units, Starter Sets and Add-On Units",Office Supplies,West,266,4,1062,1118,56
10/15/2014,Global Italian Leather Office Chair,Furniture,East,96,2,191,183,8
10/15/2014,Xerox 1897,Office Supplies,East,3,2,5,8,3
8/22/2016,GBC Imprintable Covers,Office Supplies,West,6,8,45,26,18
12/17/2017,Iceberg Mobile Mega Data/Printer Cart ,Office Supplies,West,89,4,356,481,125
12/17/2017,Fiskars Spring-Action Scissors,Office Supplies,West,10,1,10,14,4
3/7/2017,3M Organizer Strips,Office Supplies,East,3,6,17,26,9
3/7/2017,"Avery 4027 File Folder Labels for Dot Matrix Printers, 5000 Labels per Box, White",Office Supplies,East,16,3,49,92,42
12/1/2014,Hon 4070 Series Pagoda Round Back Stacking Chairs,Furniture,Central,231,3,693,674,19
10/14/2014,Avery Metallic Poly Binders,Office Supplies,East,3,4,12,23,11
10/14/2014,Fellowes Bankers Box Recycled Super Stor/Drawer,Office Supplies,East,51,5,254,270,16
11/18/2014,Pressboard Hanging Data Binders for Unburst Sheets,Office Supplies,East,3,8,20,12,9
11/18/2014,PNY Rapid USB Car Charger - Black,Technology,East,6,2,12,10,2
1/14/2017,"#10- 4 1/8"" x 9 1/2"" Security-Tint Envelopes",Office Supplies,South,4,3,12,18,7
1/14/2017,Xerox 1931,Office Supplies,South,3,7,24,36,13
1/14/2017,iHome FM Clock Radio with Lightning Dock,Technology,South,52,2,105,112,7
1/14/2017,Ibico Presentation Index for Binding Systems,Office Supplies,South,2,5,11,6,5
1/14/2017,Avery Durable Slant Ring Binders With Label Holder,Office Supplies,South,2,2,4,3,2
9/24/2015,"BOSTON Model 1800 Electric Pencil Sharpeners, Putty/Woodgrain",Office Supplies,West,13,2,26,36,10
9/24/2015,Avery Hole Reinforcements,Office Supplies,West,3,3,10,15,5
10/9/2017,Bulldog Vacuum Base Pencil Sharpener,Office Supplies,Central,9,7,61,67,6
10/9/2017,Hon Every-Day Chair Series Swivel Task Chairs,Furniture,Central,96,3,287,254,33
1/2/2016,"Bush Westfield Collection Bookcases, Medium Cherry Finish",Furniture,East,45,3,136,174,38
1/2/2016,GE 30522EE2,Technology,East,82,2,165,232,67
8/19/2017,Binder Posts,Office Supplies,Central,3,2,6,2,4
12/25/2017,14-7/8 x 11 Blue Bar Computer Printout Paper,Office Supplies,South,25,2,50,96,46
12/25/2017,Assorted Color Push Pins,Office Supplies,South,1,2,2,4,1
12/25/2017,Xerox 1915,Office Supplies,South,55,6,327,629,302
12/25/2017,AT&T 17929 Lendline Telephone,Technology,South,33,2,67,90,24
9/10/2017,"Eberhard Faber 3 1/2"" Golf Pencils",Office Supplies,East,6,2,11,15,4
10/19/2017,"Lesro Round Back Collection Coffee Table, End Table",Furniture,Central,159,1,159,91,68
12/1/2017,Xerox 214,Office Supplies,East,3,3,10,19,9
12/1/2017,Global Comet Stacking Armless Chair,Furniture,East,215,3,646,897,251
9/2/2014,Newell 324,Office Supplies,East,8,5,42,58,16
9/2/2014,Easy-staple paper,Office Supplies,East,3,3,8,15,7
3/25/2017,Newell 309,Office Supplies,West,8,2,16,23,7
9/28/2015,"#10 White Business Envelopes,4 1/8 x 9 1/2",Office Supplies,West,8,1,8,13,4
9/28/2015,Wilson Jones Easy Flow II Sheet Lifters,Office Supplies,West,1,2,2,1,1
9/28/2015,Staples,Office Supplies,West,1,3,4,5,1
3/15/2015,"SmartStand Mobile Device Holder, Assorted Colors",Technology,West,5,3,15,17,2
1/6/2017,Wilson Jones Turn Tabs Binder Tool for Ring Binders,Office Supplies,South,3,7,18,34,16
1/13/2014,Tennsco 6- and 18-Compartment Lockers,Office Supplies,West,217,5,1087,1326,239
1/13/2014,"O'Sullivan Elevations Bookcase, Cherry Finish",Furniture,West,110,3,330,334,4
1/13/2014,4009 Highlighters by Sanford,Office Supplies,West,3,5,13,20,7
2/6/2015,Office Star - Contemporary Swivel Chair with Padded Adjustable Arms and Flex Back,Furniture,East,111,9,1002,1269,266
2/6/2015,"Hon Metal Bookcases, Putty",Furniture,East,50,4,202,284,82
2/6/2015,SANFORD Liquid Accent Tank-Style Highlighters,Office Supplies,East,2,2,4,6,2
12/21/2017,Tennsco Single-Tier Lockers,Office Supplies,Central,357,1,357,375,19
9/5/2016,14-7/8 x 11 Blue Bar Computer Printout Paper,Office Supplies,West,25,2,50,96,46
9/5/2016,"Angle-D Binders with Locking Rings, Label Holders",Office Supplies,West,4,2,8,12,4
9/5/2016,Advantus Push Pins,Office Supplies,West,1,2,3,4,2
10/4/2014,Avery 519,Office Supplies,West,4,4,15,29,14
11/27/2017,Premium Transparent Presentation Covers by GBC,Office Supplies,West,11,7,76,117,41
11/27/2017,Eldon 200 Class Desk Accessories,Furniture,West,4,3,13,19,6
10/28/2016,BIC Brite Liner Highlighters,Office Supplies,East,2,3,7,12,5
6/9/2015,Xerox 1995,Office Supplies,Central,3,2,7,13,6
12/8/2017,Belkin 8-Outlet Premiere SurgeMaster II Surge Protectors,Office Supplies,West,49,1,49,69,21
3/16/2015,Plantronics MX500i Earset,Technology,East,42,2,83,86,3
6/9/2014,DIXON Oriole Pencils,Office Supplies,West,2,7,13,18,5
6/9/2014,Xerox 1909,Office Supplies,West,14,3,43,79,36
6/9/2014,"Executive Impressions 13-1/2"" Indoor/Outdoor Wall Clock",Furniture,West,12,2,23,37,14
3/20/2015,GBC Standard Plastic Binding Systems' Combs,Office Supplies,Central,3,2,7,3,4
3/20/2015,Staples,Office Supplies,Central,1,9,13,19,6
11/18/2016,Grandstream GXP2100 Mainstream Business Phone,Technology,West,55,1,55,61,6
11/18/2016,Fellowes Command Center 5-outlet power strip,Office Supplies,West,50,1,50,68,18
3/7/2014,"Global Push Button Manager's Chair, Indigo",Furniture,West,43,1,43,49,5
3/7/2014,Newell 330,Office Supplies,West,4,3,13,18,5
3/7/2014,"Carina 42""Hx23 3/4""W Media Storage Unit",Office Supplies,West,79,3,238,243,5
5/15/2016,GBC Instant Report Kit,Office Supplies,South,3,4,13,8,5
5/25/2015,Wi-Ex zBoost YX540 Cellular Phone Signal Booster,Technology,South,102,4,409,467,58
8/2/2015,Plantronics MX500i Earset,Technology,East,42,3,125,129,4
8/2/2015,"Important Message Pads, 50 4-1/4 x 5-1/2 Forms per Pad",Office Supplies,East,2,2,4,8,4
8/2/2015,Logitech G700s Rechargeable Gaming Mouse,Technology,East,58,2,116,200,84
8/2/2015,Office Star Flex Back Scooter Chair with White Frame,Furniture,East,95,1,95,111,16
11/6/2016,High-Back Leather Manager's Chair,Furniture,South,118,2,237,208,29
11/6/2016,Embossed Ink Jet Note Cards,Office Supplies,South,12,2,23,36,13
11/6/2016,"Executive Impressions 14"" Contract Wall Clock",Furniture,South,15,2,30,36,6
11/6/2016,"Eaton Premium Continuous-Feed Paper, 25% Cotton, Letter Size, White, 1000 Shts/Box",Office Supplies,South,29,2,58,89,31
11/7/2016,"Wirebound Four 2-3/4 x 5 Forms per Page, 400 Sets per Book",Office Supplies,West,3,2,7,13,6
9/18/2015,Enermax Acrylux Wireless Keyboard,Technology,South,63,9,565,717,152
12/7/2015,Pressboard Data Binders by Wilson Jones,Office Supplies,East,3,5,14,21,7
12/7/2015,Avery Durable Slant Ring Binders With Label Holder,Office Supplies,East,2,2,4,7,2
12/7/2015,Digium D40 VoIP phone,Technology,East,92,6,549,774,224
12/9/2016,Acme Office Executive Series Stainless Steel Trimmers,Office Supplies,Central,6,3,19,21,2
12/9/2016,Belkin 6 Outlet Metallic Surge Strip,Office Supplies,Central,8,2,16,4,12
12/9/2016,Kingston Digital DataTraveler 8GB USB 2.0,Technology,Central,5,4,20,19,1
11/16/2014,Permanent Self-Adhesive File Folder Labels for Typewriters by Universal,Office Supplies,West,1,2,3,5,2
11/6/2016,Eldon Portable Mobile Manager,Office Supplies,West,21,3,62,85,23
9/6/2015,Assorted Color Push Pins,Office Supplies,South,1,5,6,7,1
9/3/2014,Avery 514,Office Supplies,East,1,5,7,14,7
4/24/2016,Xerox 226,Office Supplies,West,3,3,10,16,5
4/24/2016,SAFCO Arco Folding Chair,Furniture,West,196,6,1177,1326,149
4/24/2016,Wilson Jones Impact Binders,Office Supplies,West,3,2,5,3,2
8/31/2017,Acco Suede Grain Vinyl Round Ring Binder,Office Supplies,West,2,3,5,7,2
8/31/2017,Aastra 6757i CT Wireless VoIP phone,Technology,West,153,4,612,689,78
12/7/2017,Ibico EPK-21 Electric Binding System,Office Supplies,Central,964,5,4819,1890,2929
12/18/2015,"#10- 4 1/8"" x 9 1/2"" Recycled Envelopes",Office Supplies,South,5,8,37,56,19
12/18/2015,Avery 507,Office Supplies,South,2,8,12,18,6
12/18/2015,"Master Caster Door Stop, Brown",Furniture,South,3,5,17,20,4
11/4/2014,"Acco Flexible ACCOHIDE Square Ring Data Binder, Dark Blue, 11 1/2"" X 14"" 7/8""",Office Supplies,East,8,4,33,52,19
3/10/2017,Euro Pro Shark Stick Mini Vacuum,Office Supplies,South,45,1,45,49,4
3/10/2017,Heavy-Duty E-Z-D Binders,Office Supplies,South,6,4,23,13,10
1/31/2016,AT&T 1080 Phone,Technology,West,101,1,101,110,8
1/31/2016,Easy-staple paper,Office Supplies,West,6,5,29,57,28
5/7/2017,Logitech G600 MMO Gaming Mouse,Technology,West,51,1,51,80,29
5/24/2016,"Acme Hot Forged Carbon Steel Scissors with Nickel-Plated Handles, 3 7/8"" Cut, 8""L",Office Supplies,South,10,5,49,70,20
5/24/2016,Xerox 1911,Office Supplies,South,25,4,100,192,92
10/7/2016,Astroparche Fine Business Paper,Office Supplies,West,3,2,5,11,5
4/30/2014,Maxell 4.7GB DVD-RW 3/Pack,Technology,South,11,3,32,48,16
11/10/2015,Letter Size Cart,Office Supplies,Central,101,5,507,714,207
11/9/2015,Zebra ZM400 Thermal Label Printer,Technology,East,604,2,1207,2322,1115
11/9/2015,"Perma STOR-ALL Hanging File Box, 13 1/8""W x 12 1/4""D x 10 1/2""H",Office Supplies,East,5,3,15,18,3
9/7/2015,GBC Wire Binding Strips,Office Supplies,East,17,1,17,10,7
9/7/2015,Samsung Galaxy Note 3,Technology,East,154,6,924,792,132
9/7/2015,Angle-D Ring Binders,Office Supplies,East,3,3,9,5,4
5/11/2017,Bestar Classic Bookcase,Furniture,West,81,7,567,210,357
7/21/2017,Vinyl Sectional Post Binders,Office Supplies,East,19,3,57,34,23
7/21/2017,Letter Size File,Office Supplies,East,28,7,197,222,25
7/21/2017,Dexim XPower Skin Super-Thin Power Case for iPhone 5 - Black,Technology,East,44,6,263,211,53
11/24/2014,"Eldon 200 Class Desk Accessories, Burgundy",Furniture,East,4,7,25,35,10
11/24/2014,Samsung Galaxy S4,Technology,East,438,4,1753,1502,250
11/15/2014,Eldon 100 Class Desk Accessories,Furniture,West,2,3,7,10,3
11/15/2014,Logitech P710e Mobile Speakerphone,Technology,West,209,3,626,772,147
11/15/2014,Acme Box Cutter Scissors,Office Supplies,West,8,2,15,20,5
3/23/2017,Premier Electric Letter Opener,Office Supplies,East,110,3,330,348,17
12/18/2016,SanDisk Cruzer 64 GB USB Flash Drive,Technology,West,25,2,51,73,22
12/18/2016,Logitech P710e Mobile Speakerphone,Technology,West,209,3,626,772,147
12/18/2016,"Eldon Expressions Wood and Plastic Desk Accessories, Oak",Furniture,West,7,4,29,40,11
7/29/2017,GBC Poly Designer Binding Covers,Office Supplies,Central,9,2,17,33,16
7/29/2017,Nortel Meridian M3904 Professional Digital phone,Technology,Central,109,3,328,462,134
7/29/2017,"Holmes Replacement Filter for HEPA Air Cleaner, Very Large Room, HEPA Filter",Office Supplies,Central,39,2,77,138,61
7/29/2017,Office Star Flex Back Scooter Chair with Aluminum Finish Frame,Furniture,Central,77,3,230,303,73
9/2/2014,Logitech Wireless Performance Mouse MX for PC and Mac,Technology,Central,62,3,186,240,54
1/29/2017,Newell 339,Office Supplies,West,2,3,6,8,2
1/29/2017,Acme Office Executive Series Stainless Steel Trimmers,Office Supplies,West,6,1,6,9,2
1/29/2017,Clear Mylar Reinforcing Strips,Office Supplies,West,10,8,79,120,40
12/26/2016,Novimex Turbo Task Chair,Furniture,East,62,3,187,213,26
12/26/2016,Fellowes Advanced Computer Series Surge Protectors,Office Supplies,East,19,1,19,26,7
8/9/2015,O'Sullivan Cherrywood Estates Traditional Barrister Bookcase,Furniture,Central,128,5,639,687,48
4/6/2014,"Chromcraft Bull-Nose Wood Round Conference Table Top, Wood Base",Furniture,West,181,3,542,654,111
4/6/2014,Kingston Digital DataTraveler 32GB USB 2.0,Technology,West,16,2,32,34,2
11/17/2017,Logitech Illuminated - Keyboard,Technology,Central,31,5,156,240,84
7/11/2015,"Lesro Sheffield Collection Coffee Table, End Table, Center Table, Corner Table",Furniture,East,59,4,237,200,37
7/11/2015,Wilson Electronics DB Pro Signal Booster,Technology,East,261,2,523,716,193
7/11/2015,Tuf-Vin Binders,Office Supplies,East,17,7,117,221,104
11/10/2016,Embossed Ink Jet Note Cards,Office Supplies,West,12,3,35,68,33
11/10/2016,Belkin F9S820V06 8 Outlet Surge,Office Supplies,West,23,4,91,130,39
11/10/2016,"Howard Miller 11-1/2"" Diameter Ridgewood Wall Clock",Furniture,West,31,9,276,467,192
11/10/2016,Xerox 1933,Office Supplies,West,7,5,33,61,29
11/10/2016,Standard Rollaway File with Lock,Office Supplies,West,133,4,533,721,187
11/10/2016,Peel & Stick Add-On Corner Pockets,Office Supplies,West,1,3,3,5,2
11/10/2016,Newell 338,Office Supplies,West,2,5,11,15,4
3/31/2014,Fellowes Black Plastic Comb Bindings,Office Supplies,Central,3,7,22,8,14
3/31/2014,Kensington SlimBlade Notebook Wireless Mouse with Nano Receiver ,Technology,Central,33,2,66,80,14
9/18/2015,"Wirebound Message Books, Four 2 3/4"" x 5"" Forms per Page, 600 Sets per Book",Office Supplies,West,5,2,10,19,9
11/7/2015,"White Envelopes, White Envelopes with Clear Poly Window",Office Supplies,East,8,2,16,24,8
5/19/2017,Tops White Computer Printout Paper,Office Supplies,South,26,4,104,196,92
1/3/2015,Enermax Acrylux Wireless Keyboard,Technology,Central,63,5,314,398,85
1/3/2015,Newell 317,Office Supplies,Central,2,3,6,7,1
1/3/2015,O'Sullivan Living Dimensions 5-Shelf Bookcases,Furniture,Central,199,9,1790,1352,438
9/8/2015,Xerox 1928,Office Supplies,West,3,5,15,26,12
9/8/2015,Eldon Shelf Savers Cubes and Bins,Office Supplies,West,7,6,41,42,1
4/3/2016,"GBC Velobind Prepunched Cover Sets, Regency Series",Office Supplies,East,20,9,183,100,83
12/5/2016,Samsung Galaxy S III - 16GB - pebble blue (T-Mobile),Technology,South,252,2,504,700,196
12/5/2016,Fellowes Bankers Box Staxonsteel Drawer File/Stacking System,Office Supplies,South,57,9,515,585,70
5/8/2015,Wilson Jones Legal Size Ring Binders,Office Supplies,Central,11,2,22,44,22
5/8/2015,VTech DS6151,Technology,Central,91,3,272,378,106
5/8/2015,"Deflect-o EconoMat Studded, No Bevel Mat for Low Pile Carpeting",Furniture,Central,38,3,113,124,11
9/22/2017,GE 30524EE4,Technology,East,139,2,278,392,114
11/30/2017,Logitech Wireless Gaming Headset G930,Technology,South,101,3,302,384,82
11/30/2017,Bush Advantage Collection Racetrack Conference Table,Furniture,South,348,7,2435,1782,653
1/15/2017,Newell 347,Office Supplies,West,3,5,15,21,6
8/8/2014,Sharp 1540cs Digital Laser Copier,Technology,Central,275,1,275,550,275
8/8/2014,"Acco Smartsocket Table Surge Protector, 6 Color-Coded Adapter Outlets",Office Supplies,Central,43,3,130,168,37
8/8/2014,Globe Weis Peel & Seel First Class Envelopes,Office Supplies,Central,7,3,21,38,17
8/8/2014,Nu-Dell Float Frame 11 x 14 1/2,Furniture,Central,5,6,31,54,23
8/8/2014,Motorola Droid Maxx,Technology,Central,108,2,216,300,84
11/5/2015,Hanging Personal Folder File,Office Supplies,West,12,4,47,63,16
4/25/2017,"Cardinal Slant-D Ring Binder, Heavy Gauge Vinyl",Office Supplies,West,5,2,9,14,5
4/20/2014,Bush Advantage Collection Round Conference Table,Furniture,Central,168,5,840,744,96
4/20/2014,"Personal Folder Holder, Ebony",Office Supplies,Central,8,5,39,45,6
4/20/2014,Riverside Furniture Stanwyck Manor Table Series,Furniture,Central,267,2,534,402,132
11/11/2017,Prestige Round Ring Binders,Office Supplies,Central,3,3,10,18,9
11/25/2017,"Sauder Forest Hills Library, Woodland Oak Finish",Furniture,West,130,3,389,359,30
11/25/2017,Sterilite Officeware Hinged File Box,Office Supplies,West,8,1,8,10,3
12/18/2015,Xerox 226,Office Supplies,East,3,4,13,21,7
9/8/2016,Memorex Froggy Flash Drive 4 GB,Technology,South,7,4,27,35,8
9/8/2016,Petty Cash Envelope,Office Supplies,South,14,3,41,65,23
6/6/2016,Xerox 1935,Office Supplies,East,14,4,57,106,49
6/19/2015,"GBC White Gloss Covers, Plain Front",Office Supplies,Central,8,2,15,6,10
3/5/2015,Samsung Convoy 3,Technology,East,80,7,559,466,93
3/5/2015,Sony 16GB Class 10 Micro SDHC R40 Memory Card,Technology,East,12,1,12,10,1
3/5/2015,Avery Round Ring Poly Binders,Office Supplies,East,1,3,4,3,2
8/4/2017,Hammermill CopyPlus Copy Paper (20Lb. and 84 Bright),Office Supplies,West,3,2,5,8,3
8/4/2017,"Manila Recycled Extra-Heavyweight Clasp Envelopes, 6"" x 9""",Office Supplies,West,6,1,6,9,3
12/30/2017,Bagged Rubber Bands,Office Supplies,West,1,3,4,3,1
5/23/2015,Advantus Rolling Storage Box,Office Supplies,East,13,3,38,51,14
12/6/2014,Bionaire 99.97% HEPA Air Cleaner,Office Supplies,Central,11,4,46,14,32
12/6/2014,KI Adjustable-Height Table,Furniture,Central,67,5,335,215,120
12/6/2014,Shocksock Galaxy S4 Armband,Technology,Central,11,4,42,35,7
12/6/2014,Nu-Dell Float Frame 11 x 14 1/2,Furniture,Central,5,3,16,11,5
12/6/2014,Ibico Covers for Plastic or Wire Binding Elements,Office Supplies,Central,6,2,13,5,8
12/6/2014,Rogers Deluxe File Chest,Office Supplies,Central,22,2,44,35,8
8/7/2015,Cardinal Hold-It CD Pocket,Office Supplies,West,4,3,13,19,6
3/17/2014,Newell 333,Office Supplies,Central,2,2,4,4,0
3/17/2014,Xerox 1966,Office Supplies,Central,3,1,3,5,2
3/17/2014,Xerox 1967,Office Supplies,Central,3,3,10,16,5
3/26/2015,Southworth 25% Cotton Antique Laid Paper & Envelopes,Office Supplies,East,5,6,28,40,13
3/26/2015,"Verbatim 25 GB 6x Blu-ray Single Layer Recordable Disc, 3/Pack",Technology,East,4,3,12,17,5
12/14/2014,"Iceberg Nesting Folding Chair, 19w x 6d x 43h",Furniture,South,43,4,172,186,14
9/19/2015,Kensington K72356US Mouse-in-a-Box USB Desktop Mouse,Technology,South,11,4,43,66,23
4/25/2017,Newell 312,Office Supplies,South,4,9,37,42,5
4/25/2017,Stanley Bostitch Contemporary Electric Pencil Sharpeners,Office Supplies,South,12,5,61,68,7
10/18/2014,"White Business Envelopes with Contemporary Seam, Recycled White Business Envelopes",Office Supplies,East,5,6,33,53,20
10/18/2014,"Eldon Base for stackable storage shelf, platinum",Office Supplies,East,37,6,222,187,35
10/18/2014,"Adams ""While You Were Out"" Message Pads",Office Supplies,East,2,4,7,10,3
11/13/2015,"Eldon Imàge Series Desk Accessories, Clear",Furniture,Central,3,9,25,17,7
1/31/2016,Xerox 1994,Office Supplies,Central,3,3,10,16,5
11/17/2016,Avery Non-Stick Binders,Office Supplies,West,2,3,7,11,3
7/25/2017,Avery 491,Office Supplies,East,2,1,2,3,1
11/11/2017,Belkin OmniView SE Rackmount Kit,Office Supplies,East,35,1,35,35,0
9/26/2015,"Vinyl Coated Wire Paper Clips in Organizer Box, 800/Box",Office Supplies,East,6,3,18,34,16
9/26/2015,Ativa MDM8000 8-Sheet Micro-Cut Shredder,Technology,East,48,7,334,630,296
9/26/2015,GBC Imprintable Covers,Office Supplies,East,6,9,50,79,29
4/4/2014,Safco Commercial Shelving,Office Supplies,South,45,5,223,233,9
4/4/2014,Logitech Wireless Marathon Mouse M705,Technology,South,28,2,57,100,43
4/4/2014,Xerox 209,Office Supplies,South,3,3,10,19,9
4/4/2014,Xerox 1966,Office Supplies,South,3,2,7,13,6
9/14/2014,KI Adjustable-Height Table,Furniture,East,64,9,573,464,108
9/14/2014,Staple envelope,Office Supplies,East,5,7,37,68,31
9/14/2014,Ativa V4110MDD Micro-Cut Shredder,Technology,East,357,4,1428,2800,1372
9/14/2014,Honeywell Enviracaire Portable HEPA Air Cleaner for 17' x 22' Room,Office Supplies,East,201,2,403,601,198
9/14/2014,Spigen Samsung Galaxy S5 Case Wallet,Technology,East,13,1,13,17,4
9/14/2014,Vtech CS6719,Technology,East,69,3,207,288,81
9/14/2014,Xerox 198,Office Supplies,East,3,9,24,45,21
12/29/2017,Nu-Dell Executive Frame,Furniture,West,8,8,64,101,37
6/21/2015,Innergie mMini Combo Duo USB Travel Charging Kit,Technology,South,23,3,70,108,38
11/26/2017,Black & Decker Filter for Double Action Dustbuster Cordless Vac BLDV7210,Office Supplies,East,6,7,44,59,15
11/26/2017,Binding Machine Supplies,Office Supplies,East,15,4,61,93,33
10/23/2016,Advantus SlideClip Paper Clips,Office Supplies,West,2,5,9,17,8
12/14/2015,Wilson Jones Standard D-Ring Binders,Office Supplies,West,3,2,5,8,3
11/13/2016,"Master Giant Foot Doorstop, Safety Yellow",Furniture,Central,4,4,17,30,13
9/29/2017,Staple envelope,Office Supplies,East,4,3,12,23,11
9/29/2017,"Speediset Carbonless Redi-Letter 7"" x 8 1/2""",Office Supplies,East,5,5,27,52,24
11/8/2015,Microsoft Arc Touch Mouse,Technology,West,38,2,77,120,43
4/1/2016,"Hon Deluxe Fabric Upholstered Stacking Chairs, Rounded Back",Furniture,East,171,6,1025,1317,293
4/1/2016,Staple remover,Office Supplies,East,6,8,45,64,19
4/1/2016,Avery Non-Stick Binders,Office Supplies,East,2,1,2,4,1
2/2/2017,"Howard Miller 11-1/2"" Diameter Grantwood Wall Clock",Furniture,West,28,2,57,86,29
2/2/2017,"Multi-Use Personal File Cart and Caster Set, Three Stacking Bins",Office Supplies,West,25,4,100,139,39
2/2/2017,Harmony HEPA Quiet Air Purifiers,Office Supplies,West,8,4,30,47,16
12/24/2017,Acrylic Self-Standing Desk Frames,Furniture,West,2,4,7,9,2
12/24/2017,Global Leather Executive Chair,Furniture,West,246,3,737,842,105
6/21/2014,Polycom SoundStation2 EX Conference phone,Technology,East,288,3,863,1215,352
3/6/2017,"File Shuttle II and Handi-File, Black",Office Supplies,West,25,2,51,68,17
9/25/2017,Iris Project Case,Office Supplies,West,6,5,30,40,10
6/30/2014,Cardinal Poly Pocket Divider Pockets for Ring Binders,Office Supplies,East,2,1,2,3,1
6/30/2014,"Sanford Uni-Blazer View Highlighters, Chisel Tip, Yellow",Office Supplies,East,1,3,4,7,3
8/7/2015,"Wilson Jones Hanging View Binder, White, 1""",Office Supplies,Central,4,4,15,28,13
8/7/2015,"Tenex V2T-RE Standard Weight Series Chair Mat, 45"" x 53"", Lip 25"" x 12""",Furniture,Central,60,3,179,213,34
6/30/2017,Samsung Galaxy S4,Technology,Central,438,2,876,1002,125
6/30/2017,Global Enterprise Series Seating High-Back Swivel/Tilt Chairs,Furniture,Central,249,3,748,569,179
6/30/2017,"Seth Thomas 13 1/2"" Wall Clock",Furniture,Central,12,2,25,14,10
10/26/2015,Panasonic KX-TG6844B Expandable Digital Cordless Telephone,Technology,West,48,2,96,106,9
10/26/2015,Plantronics MX500i Earset,Technology,West,42,2,83,69,15
7/30/2014,"Rush Hierlooms Collection 1"" Thick Stackable Bookcases",Furniture,West,138,8,1108,1368,260
11/18/2016,Novimex Swivel Fabric Task Chair,Furniture,Central,134,2,269,302,33
7/6/2015,Novimex Turbo Task Chair,Furniture,West,62,3,187,170,17
11/10/2014,"Avery Hi-Liter Comfort Grip Fluorescent Highlighter, Yellow Ink",Office Supplies,Central,1,2,2,4,2
11/10/2014,Xerox 199,Office Supplies,Central,2,3,7,13,6
11/10/2014,Xerox 4200 Series MultiUse Premium Copy Paper (20Lb. and 84 Bright),Office Supplies,Central,3,3,9,16,7
11/10/2014,Hon Every-Day Series Multi-Task Chairs,Furniture,Central,150,3,451,564,113
11/10/2014,Acco Perma 3000 Stacking Storage Drawers,Office Supplies,Central,17,3,51,63,12
11/10/2014,"Hot File 7-Pocket, Floor Stand",Office Supplies,Central,125,3,375,535,161
5/27/2016,HON 5400 Series Task Chairs for Big and Tall,Furniture,Central,561,5,2804,3505,701
5/27/2016,Xerox 1910,Office Supplies,Central,25,3,75,144,69
5/27/2016,Xerox 1915,Office Supplies,Central,55,3,164,315,151
3/8/2015,"Dixon Prang Watercolor Pencils, 10-Color Set with Brush",Office Supplies,West,3,1,3,3,1
10/19/2017,"SlimView Poly Binder, 3/8""",Office Supplies,Central,3,2,6,2,4
10/19/2017,Rush Hierlooms Collection Rich Wood Bookcases,Furniture,Central,140,3,420,328,92
11/5/2016,GBC Twin Loop Wire Binding Elements,Office Supplies,West,17,2,33,53,20
12/26/2016,Round Ring Binders,Office Supplies,East,1,3,3,5,2
4/13/2015,Flat Face Poster Frame,Furniture,West,11,2,22,38,16
4/13/2015,Aastra 57i VoIP phone,Technology,West,120,2,239,259,19
4/13/2015,3M Replacement Filter for Office Air Cleaner for 20' x 33' Room,Office Supplies,West,23,2,46,76,30
9/12/2017,Xerox 209,Office Supplies,East,3,7,24,45,22
9/12/2017,Aluminum Screw Posts,Office Supplies,East,8,3,23,46,23
9/24/2017,Fellowes Desktop Hanging File Manager,Office Supplies,South,10,3,30,40,10
9/24/2017,Avery Durable Poly Binders,Office Supplies,South,3,7,21,39,18
10/10/2015,Tennsco Single-Tier Lockers,Office Supplies,South,357,6,2139,1802,338
11/27/2015,LG Exalt,Technology,East,114,8,911,749,162
9/13/2015,Case Logic 2.4GHz Wireless Keyboard,Technology,Central,46,4,184,200,16
9/13/2015,Hon Multipurpose Stacking Arm Chairs,Furniture,Central,160,7,1122,1516,394
11/14/2017,V7 USB Numeric Keypad,Technology,Central,33,6,195,168,27
11/14/2017,"Boston Electric Pencil Sharpener, Model 1818, Charcoal Black",Office Supplies,Central,20,2,41,45,5
5/5/2017,"Peel & Seel Recycled Catalog Envelopes, Brown",Office Supplies,West,6,2,12,23,12
11/28/2014,Eldon Cleatmat Plus Chair Mats for High Pile Carpets,Furniture,South,71,5,354,398,44
11/28/2014,Xerox 1933,Office Supplies,South,7,7,46,86,40
11/28/2014,Crayola Colored Pencils,Office Supplies,South,2,4,9,13,4
11/28/2014,"GBC Twin Loop Wire Binding Elements, 9/16"" Spine, Black",Office Supplies,South,8,3,23,46,22
5/10/2014,"Strathmore #10 Envelopes, Ultimate White",Office Supplies,West,27,3,81,158,77
5/10/2014,"LF Elite 3D Dazzle Designer Hard Case Cover, Lf Stylus Pen and Wiper For Apple Iphone 5c Mini Lite",Technology,West,8,5,39,44,4
3/3/2016,High Speed Automatic Electric Letter Opener,Office Supplies,Central,1572,3,4716,3930,786
3/3/2016,"Acco Banker's Clasps, 5 3/4""-Long",Office Supplies,Central,2,1,2,2,1
3/3/2016,Polycom VVX 310 VoIP phone,Technology,Central,133,3,400,432,32
3/3/2016,"Verbatim 25 GB 6x Blu-ray Single Layer Recordable Disc, 1/Pack",Technology,Central,5,7,36,42,6
8/15/2015,Tensor Computer Mounted Lamp,Furniture,West,11,7,76,104,28
8/15/2015,Mobile Personal File Cube,Office Supplies,West,17,3,51,70,19
9/12/2015,"Binney & Smith Crayola Metallic Colored Pencils, 8-Color Set",Office Supplies,East,3,2,6,9,3
9/12/2015,"Gould Plastics 9-Pocket Panel Bin, 18-3/8w x 5-1/4d x 20-1/2h, Black",Office Supplies,East,51,2,102,106,4
9/12/2015,"OIC Binder Clips, Mini, 1/4"" Capacity, Black",Office Supplies,East,1,1,1,1,1
9/12/2015,Avery 489,Office Supplies,East,5,2,11,21,10
9/12/2015,HP Office Recycled Paper (20Lb. and 87 Bright),Office Supplies,East,3,5,15,29,14
9/12/2015,"Tyvek  Top-Opening Peel & Seel Envelopes, Plain White",Office Supplies,East,14,1,14,27,13
1/12/2015,"Dual Level, Single-Width Filing Carts",Office Supplies,East,115,3,344,465,121
5/12/2015,Portable Personal File Box,Office Supplies,East,9,3,27,37,10
9/26/2016,Advantus Rolling Storage Box,Office Supplies,West,13,3,38,51,14
9/26/2016,Avery 494,Office Supplies,West,1,3,4,8,4
9/26/2016,SANFORD Major Accent Highlighters,Office Supplies,West,4,5,22,35,13
9/26/2016,Great White Multi-Use Recycled Paper (20Lb. and 84 Bright),Office Supplies,West,3,5,16,30,13
9/9/2017,"#10- 4 1/8"" x 9 1/2"" Recycled Envelopes",Office Supplies,Central,5,2,9,17,8
4/15/2017,Xerox 1883,Office Supplies,West,14,3,43,79,36
6/10/2017,Prang Dustless Chalk Sticks,Office Supplies,East,1,5,4,8,4
9/1/2017,Harbour Creations 67200 Series Stacking Chairs,Furniture,Central,52,7,364,498,135
6/14/2014,"Hon Metal Bookcases, Gray",Furniture,Central,52,3,155,213,57
5/18/2017,Avanti 1.7 Cu. Ft. Refrigerator,Office Supplies,Central,73,7,509,707,198
5/18/2017,Motorola HK250 Universal Bluetooth Headset,Technology,Central,23,5,113,115,2
5/18/2017,"Universal Recycled Hanging Pressboard Report Binders, Letter Size",Office Supplies,Central,3,7,22,43,21
9/12/2017,"Eaton Premium Continuous-Feed Paper, 25% Cotton, Letter Size, White, 1000 Shts/Box",Office Supplies,West,29,3,87,166,80
6/21/2016,SpineVue Locking Slant-D Ring Binders by Cardinal,Office Supplies,East,5,5,24,37,13
6/21/2016,"Premium Transparent Presentation Covers, No Pattern/Clear, 8 1/2"" x 11""",Office Supplies,East,21,6,126,186,60
6/21/2016,O'Sullivan Living Dimensions 5-Shelf Bookcases,Furniture,East,199,2,398,354,44
11/26/2014,Xerox 1893,Office Supplies,West,21,2,42,82,40
3/19/2017,SpineVue Locking Slant-D Ring Binders by Cardinal,Office Supplies,West,5,2,10,15,5
3/19/2017,Chromcraft Round Conference Tables,Furniture,West,138,5,688,697,9
3/19/2017,"Advantus Employee of the Month Certificate Frame, 11 x 13-1/2",Furniture,West,18,1,18,31,13
3/19/2017,"Pressboard Covers with Storage Hooks, 9 1/2"" x 11"", Light Blue",Office Supplies,West,3,7,18,27,9
10/18/2014,Office Star Flex Back Scooter Chair with Aluminum Finish Frame,Furniture,South,77,6,460,605,145
8/22/2017,Hon Racetrack Conference Tables,Furniture,West,207,1,207,210,3
11/19/2016,Acco 6 Outlet Guardian Premium Plus Surge Suppressor,Office Supplies,Central,13,3,39,55,16
9/20/2014,"C-Line Cubicle Keepers Polyproplyene Holder w/Velcro Back, 8-1/2x11, 25/Bx",Furniture,East,38,3,113,164,51
9/20/2014,O'Sullivan Living Dimensions 2-Shelf Bookcases,Furniture,East,109,3,327,363,36
9/20/2014,Logitech 910-002974 M325 Wireless Mouse for Web Scrolling,Technology,East,17,2,34,60,26
9/11/2016,"Stur-D-Stor Shelving, Vertical 5-Shelf: 72""H x 36""W x 18 1/2""D",Office Supplies,West,109,3,326,333,7
9/11/2016,GBC Standard Therm-A-Bind Covers,Office Supplies,West,13,2,27,40,13
9/23/2016,Acme Design Stainless Steel Bent Scissors,Office Supplies,West,5,2,10,14,4
8/4/2017,Avery Durable Poly Binders,Office Supplies,Central,3,3,9,3,6
7/25/2016,"Avery 3 1/2"" Diskette Storage Pages, 10/Pack",Office Supplies,South,6,1,6,10,5
8/2/2016,"Barricks Non-Folding Utility Table with Steel Legs, Laminate Tops",Furniture,West,61,2,121,136,15
8/2/2016,Nortel Business Series Terminal T7208 Digital phone,Technology,West,100,3,300,334,33
8/2/2016,XtraLife ClearVue Slant-D Ring Binders by Cardinal,Office Supplies,West,4,2,8,13,5
5/21/2015,Fellowes Basic Home/Office Series Surge Protectors,Office Supplies,Central,9,8,74,21,53
11/3/2017,HP Standard 104 key PS/2 Keyboard,Technology,West,11,3,33,44,11
4/16/2015,Staples,Office Supplies,East,2,4,8,13,4
12/12/2016,Case Logic 2.4GHz Wireless Keyboard,Technology,South,46,5,230,250,20
12/12/2016,Xerox 1907,Office Supplies,South,7,4,26,49,23
10/30/2015,Tripp Lite Isotel 6 Outlet Surge Protector with Fax/Modem Protection,Office Supplies,South,43,3,130,183,53
3/7/2014,Catalog Binders with Expanding Posts,Office Supplies,West,37,2,74,108,34
3/5/2015,"Situations Contoured Folding Chairs, 4/Set",Furniture,East,53,2,106,99,7
3/5/2015,36X48 HARDFLOOR CHAIRMAT,Furniture,East,20,2,39,34,5
8/8/2016,Xerox 1954,Office Supplies,Central,3,2,6,11,5
1/3/2017,Xerox 1905,Office Supplies,West,3,6,20,39,19
10/9/2017,"Wirebound Message Books, 2 7/8"" x 5"", 3 Forms per Page",Office Supplies,West,4,5,19,35,17
10/20/2017,Xerox 1887,Office Supplies,East,10,3,30,46,16
9/7/2014,Panasonic KX TS3282B Corded phone,Technology,Central,61,3,182,197,15
9/7/2014,"Angle-D Binders with Locking Rings, Label Holders",Office Supplies,Central,4,2,8,3,5
9/7/2014,"Riverside Furniture Oval Coffee Table, Oval End Table, End Table with Drawer",Furniture,Central,224,1,224,201,23
9/7/2014,Belkin Standard 104 key USB Keyboard,Technology,Central,12,4,50,47,3
9/7/2014,Dixon Ticonderoga Core-Lock Colored Pencils,Office Supplies,Central,6,3,18,22,4
9/30/2017,"Adams Telephone Message Book W/Dividers/Space For Phone Numbers, 5 1/4""X8 1/2"", 300/Messages",Office Supplies,West,3,2,6,12,6
9/30/2017,Xerox 1882,Office Supplies,West,29,3,86,168,82
9/30/2017,"Commercial WindTunnel Clean Air Upright Vacuum, Replacement Belts, Filtration Bags",Office Supplies,West,3,1,3,4,1
11/16/2017,Hewlett-Packard 300S Scientific Calculator,Technology,East,7,4,28,52,24
9/11/2017,"6"" Cubicle Wall Clock, Black",Furniture,West,5,4,21,32,12
9/11/2017,Kensington 4 Outlet MasterPiece Compact Power Control Center,Office Supplies,West,59,5,293,407,114
1/16/2017,"Eldon Expressions Wood and Plastic Desk Accessories, Cherry Wood",Furniture,West,5,4,20,28,8
1/16/2017,"Lesro Sheffield Collection Coffee Table, End Table, Center Table, Corner Table",Furniture,West,59,7,415,400,15
11/26/2016,Zipper Ring Binder Pockets,Office Supplies,South,2,4,6,4,3
11/7/2015,Safco Contoured Stacking Chairs,Furniture,East,179,3,536,715,179
12/14/2017,Microsoft Sculpt Comfort Mouse,Technology,South,22,4,89,160,70
12/14/2017,Kingston Digital DataTraveler 16GB USB 2.0,Technology,South,7,5,36,45,9
9/13/2014,"Padded Folding Chairs, Black, 4/Carton",Furniture,Central,58,6,350,340,10
12/7/2014,Xerox 1909,Office Supplies,South,14,4,57,106,49
9/7/2017,Rosewill 107 Normal Keys USB Wired Standard Keyboard,Technology,Central,12,1,12,13,2
10/7/2017,"SAFCO Mobile Desk Side File, Wire Frame",Office Supplies,Central,32,2,63,86,22
9/5/2015,Longer-Life Soft White Bulbs,Furniture,Central,2,2,3,6,3
9/5/2015,Xerox 1881,Office Supplies,Central,7,3,20,37,17
3/30/2014,Sterilite Show Offs Storage Containers,Office Supplies,West,5,3,16,16,0
3/30/2014,Avery 490,Office Supplies,West,7,3,22,44,22
5/5/2017,"Redi-Strip #10 Envelopes, 4 1/8 x 9 1/2",Office Supplies,West,2,9,14,21,7
5/5/2017,"Avery Durable Slant Ring Binders, No Labels",Office Supplies,West,2,8,17,10,7
5/5/2017,Bestar Classic Bookcase,Furniture,West,81,3,243,90,153
4/30/2017,Xerox 1919,Office Supplies,West,21,4,84,164,80
9/8/2014,"Geographics Note Cards, Blank, White, 8 1/2"" x 11""",Office Supplies,Central,6,2,12,18,6
9/8/2014,SAFCO Arco Folding Chair,Furniture,Central,196,5,981,967,14
9/8/2014,"Snap-A-Way Black Print Carbonless Ruled Speed Letter, Triplicate",Office Supplies,Central,20,6,121,182,61
6/20/2017,Plastic Stacking Crates & Casters,Office Supplies,South,4,1,4,4,0
12/26/2015,KI Adjustable-Height Table,Furniture,East,67,1,67,52,15
8/15/2017,Avery 495,Office Supplies,Central,3,8,27,50,23
3/4/2017,Xerox 1934,Office Supplies,Central,29,2,57,90,32
7/27/2017,Tensor Computer Mounted Lamp,Furniture,East,11,1,11,15,4
7/27/2017,Nortel Networks T7316 E Nt8 B27,Technology,East,51,8,408,544,136
9/23/2016,Poly String Tie Envelopes,Office Supplies,West,1,2,2,4,2
9/23/2016,Avery 51,Office Supplies,West,3,3,10,19,9
5/30/2016,Hon Rectangular Conference Tables,Furniture,South,189,10,1889,2276,387
5/30/2016,Plantronics CS510 - Over-the-Head monaural Wireless Headset System,Technology,South,221,6,1326,1980,653
5/30/2016,Avery 473,Office Supplies,South,5,6,32,62,30
11/16/2014,SAFCO Optional Arm Kit for Workspace Cribbage Stacking Chair,Furniture,Central,19,2,38,37,1
9/21/2014,Dana Swing-Arm Lamps,Furniture,Central,8,2,16,9,7
2/21/2016,9-3/4 Diameter Round Wall Clock,Furniture,East,8,5,40,69,29
2/21/2016,"Recycled Data-Pak for Archival Bound Computer Printouts, 12-1/2 x 12-1/2 x 16",Office Supplies,East,72,3,216,296,80
2/21/2016,iOttie HLCRIO102 Car Mount,Technology,East,19,2,38,40,2
11/19/2017,"Global Wood Trimmed Manager's Task Chair, Khaki",Furniture,Central,79,3,237,191,46
11/19/2017,"Avery Hi-Liter GlideStik Fluorescent Highlighter, Yellow Ink",Office Supplies,Central,2,5,9,13,4
11/19/2017,Fellowes PB500 Electric Punch Plastic Comb Binding Machine with Manual Bind,Office Supplies,Central,635,6,3813,1525,2288
8/21/2016,Avery 49,Office Supplies,South,1,4,6,9,3
8/21/2016,"Acme 10"" Easy Grip Assistive Scissors",Office Supplies,South,12,2,25,28,4
4/30/2017,"Seth Thomas 16"" Steel Case Clock",Furniture,West,22,2,44,65,21
4/30/2017,"#10- 4 1/8"" x 9 1/2"" Security-Tint Envelopes",Office Supplies,West,4,4,16,31,15
5/2/2016,"Global Stack Chair without Arms, Black",Furniture,South,19,9,175,187,12
10/2/2017,"Eldon Expressions Wood Desk Accessories, Oak",Furniture,South,5,2,10,12,1
10/2/2017,Eldon 500 Class Desk Accessories,Furniture,South,8,1,8,10,2
10/2/2017,Xerox 1996,Office Supplies,South,3,4,13,21,7
10/2/2017,Ibico Plastic Spiral Binding Combs,Office Supplies,South,16,3,49,27,22
10/2/2017,Chromcraft Bull-Nose Wood Oval Conference Tables & Bases,Furniture,South,474,7,3317,2314,1003
10/2/2017,Lock-Up Easel 'Spel-Binder',Office Supplies,South,15,4,60,34,26
10/2/2017,"Eldon Image Series Desk Accessories, Ebony",Furniture,South,7,2,14,20,6
9/18/2017,"Adams Telephone Message Book w/Frequently-Called Numbers Space, 400 Messages per Book",Office Supplies,Central,4,2,8,16,8
12/4/2015,Avery Hi-Liter Fluorescent Desk Style Markers,Office Supplies,West,2,5,11,17,6
12/4/2015,"Eldon Image Series Desk Accessories, Burgundy",Furniture,West,3,6,16,25,9
1/17/2015,Avery Fluorescent Highlighter Four-Color Set,Office Supplies,East,2,2,5,7,2
1/6/2014,Xerox 225,Office Supplies,West,3,3,10,19,9
3/5/2015,Cisco SPA525G2 IP Phone - Wireless,Technology,Central,15,2,30,32,2
12/25/2016,GBC Premium Transparent Covers with Diagonal Lined Pattern,Office Supplies,East,11,2,22,34,12
9/4/2016,"Howard Miller 16"" Diameter Gallery Wall Clock",Furniture,East,39,1,39,64,25
9/4/2016,Plastic Binding Combs,Office Supplies,East,8,5,40,61,20
9/4/2016,Acme Preferred Stainless Steel Scissors,Office Supplies,East,4,4,16,23,7
8/26/2014,Acrylic Self-Standing Desk Frames,Furniture,East,2,4,7,11,4
8/26/2014,Xerox 1978,Office Supplies,East,3,3,9,17,8
8/26/2014,Avoid Verbal Orders Carbonless Minifold Book,Office Supplies,East,2,1,2,3,2
5/21/2015,Ibico Plastic and Wire Spiral Binding Combs,Office Supplies,West,5,4,18,27,9
10/16/2017,Green Bar Computer Printout Paper,Office Supplies,West,28,7,196,308,112
11/9/2015,Tennsco Industrial Shelving,Office Supplies,East,48,5,240,245,5
11/9/2015,Poly String Tie Envelopes,Office Supplies,East,1,6,6,12,6
11/9/2015,AmazonBasics 3-Button USB Wired Mouse,Technology,East,4,2,8,14,6
11/9/2015,Logitech VX Revolution Cordless Laser Mouse for Notebooks (Black),Technology,East,169,5,846,900,54
11/21/2014,Poly String Tie Envelopes,Office Supplies,Central,1,1,1,2,1
11/21/2014,RCA Visys Integrated PBX 8-Line Router,Technology,Central,50,5,251,268,17
10/11/2015,"Memorex 25GB 6X Branded Blu-Ray Recordable Disc, 30/Pack",Technology,East,30,1,30,32,2
3/21/2017,Adjustable Depth Letter/Legal Cart,Office Supplies,West,129,4,515,726,210
3/21/2017,"Avery Durable Plastic 1"" Binders",Office Supplies,West,2,3,7,11,4
3/21/2017,Pressboard Data Binders by Wilson Jones,Office Supplies,West,3,2,6,9,3
1/4/2015,"GBC Standard Recycled Report Covers, Clear Plastic Sheets",Office Supplies,Central,6,3,17,32,16
1/4/2015,"Adams Telephone Message Book w/Frequently-Called Numbers Space, 400 Messages per Book",Office Supplies,Central,4,5,20,40,20
12/9/2017,Xerox 1884,Office Supplies,Central,11,9,95,144,49
9/6/2016,Advantus Motivational Note Cards,Office Supplies,Central,7,4,27,42,15
9/6/2016,AT&T CL83451 4-Handset Telephone,Technology,Central,146,2,293,330,37
9/3/2016,Heavy-Duty E-Z-D Binders,Office Supplies,South,6,8,46,87,41
5/13/2014,"Iceberg Nesting Folding Chair, 19w x 6d x 43h",Furniture,West,43,6,258,279,21
5/13/2014,EcoTones Memo Sheets,Office Supplies,West,2,2,4,8,4
9/29/2016,Avery Self-Adhesive Photo Pockets for Polaroid Photos,Office Supplies,West,4,5,18,27,10
8/5/2014,Logitech Desktop MK120 Mouse and keyboard Combo,Technology,West,15,1,15,16,2
8/5/2014,Akro Stacking Bins,Office Supplies,West,8,2,15,16,1
8/5/2014,Boston KS Multi-Size Manual Pencil Sharpener,Office Supplies,West,17,2,33,46,13
4/14/2017,Sauder Cornerstone Collection Library,Furniture,South,29,8,230,198,32
6/9/2017,Standard Rollaway File with Lock,Office Supplies,Central,133,5,667,721,54
12/29/2016,"Executive Impressions 10"" Spectator Wall Clock",Furniture,Central,8,6,47,71,24
12/29/2016,Belkin 8 Outlet Surge Protector,Office Supplies,Central,30,2,59,82,23
1/18/2014,Fellowes Mighty 8 Compact Surge Protector,Office Supplies,West,15,4,58,65,6
11/20/2016,Wireless Extenders zBoost YX545 SOHO Signal Booster,Technology,Central,138,1,138,151,13
6/10/2017,"Logitech B530 USB Headset - headset - Full size, Binaural",Technology,West,27,3,81,89,8
6/10/2017,Avery 512,Office Supplies,West,2,4,6,12,5
6/10/2017,Personal File Boxes with Fold-Down Carry Handle,Office Supplies,West,12,1,12,16,4
9/10/2017,Xerox 1906,Office Supplies,East,19,3,56,85,29
4/8/2017,"3M Polarizing Task Lamp with Clamp Arm, Light Gray",Furniture,Central,101,2,203,274,71
4/8/2017,Luxo Professional Combination Clamp-On Lamps,Furniture,Central,76,3,227,307,80
10/24/2015,Xerox 1999,Office Supplies,Central,3,3,10,16,5
10/24/2015,KI Conference Tables,Furniture,Central,60,7,417,347,69
10/24/2015,Xerox 2,Office Supplies,Central,3,2,7,10,4
5/27/2017,Logitech Desktop MK120 Mouse and keyboard Combo,Technology,West,15,6,88,98,10
5/27/2017,Staples in misc. colors,Office Supplies,West,8,3,24,31,8
12/5/2014,Cameo Buff Policy Envelopes,Office Supplies,East,33,7,231,348,118
12/5/2014,Fellowes Bankers Box Recycled Super Stor/Drawer,Office Supplies,East,51,4,203,173,30
8/14/2016,Array Memo Cubes,Office Supplies,West,3,3,8,16,8
8/14/2016,Texas Instruments TI-34 Scientific Calculator,Technology,West,12,6,70,106,36
9/5/2016,Xerox 202,Office Supplies,Central,3,5,17,26,9
9/5/2016,Staples,Office Supplies,Central,1,8,10,16,5
9/5/2016,Xerox 1930,Office Supplies,Central,3,2,7,10,4
6/26/2017,Bose SoundLink Bluetooth Speaker,Technology,East,105,3,316,358,42
6/26/2017,Plantronics Voyager Pro HD - Bluetooth Headset,Technology,East,34,14,473,546,73
3/12/2017,Avery Non-Stick Binders,Office Supplies,South,2,9,22,40,19
2/18/2017,iHome FM Clock Radio with Lightning Dock,Technology,West,52,3,157,168,10
2/18/2017,Memorex Micro Travel Drive 32 GB,Technology,West,21,3,62,110,47
2/18/2017,Avery 493,Office Supplies,West,3,2,5,10,5
11/10/2017,GBC Imprintable Covers,Office Supplies,West,6,3,17,26,10
11/19/2014,Avery 480,Office Supplies,East,2,6,12,23,11
11/19/2014,Avery 499,Office Supplies,East,3,2,5,10,5
11/19/2014,"Premier Elliptical Ring Binder, Black",Office Supplies,East,16,7,111,213,102
11/19/2014,Sauder Inglewood Library Bookcases,Furniture,East,132,6,790,1026,236
11/18/2014,"Adams ""While You Were Out"" Message Pads",Office Supplies,West,2,7,12,22,10
9/24/2016,Nu-Dell Executive Frame,Furniture,West,8,5,40,63,23
11/20/2016,"Bravo II Megaboss 12-Amp Hard Body Upright, Replacement Belts, 2 Belts per Pack",Office Supplies,West,2,12,28,39,11
9/27/2016,Recycled Pressboard Report Cover with Reinforced Top Hinge,Office Supplies,East,2,3,5,3,2
4/9/2016,Bush Somerset Collection Bookcase,Furniture,West,110,5,550,557,7
9/21/2017,Sony 64GB Class 10 Micro SDHC R40 Memory Card,Technology,West,28,2,57,72,15
9/21/2017,Logitech M510 Wireless Mouse,Technology,West,27,2,54,80,26
8/24/2017,DXL Angle-View Binders with Locking Rings by Samsill,Office Supplies,East,4,4,17,25,8
8/24/2017,Acco Translucent Poly Ring Binders,Office Supplies,East,2,1,2,4,1
2/22/2016,AT&T 1070 Corded Phone,Technology,West,78,5,390,446,56
2/22/2016,Memorex Mini Travel Drive 64 GB USB 2.0 Flash Drive,Technology,West,21,1,21,36,15
2/22/2016,"Acco Clips to Go Binder Clips, 24 Clips in Two Sizes",Office Supplies,West,2,3,6,11,5
12/8/2017,Standard Line “While You Were Out” Hardbound Telephone Message Book,Office Supplies,West,12,4,47,88,40
12/8/2017,"Performers Binder/Pad Holder, Black",Office Supplies,West,14,1,14,22,8
12/8/2017,Vinyl Sectional Post Binders,Office Supplies,West,19,3,57,90,34
12/8/2017,"SAFCO Mobile Desk Side File, Wire Frame",Office Supplies,West,32,1,32,43,11
9/18/2017,Wilson Jones Easy Flow II Sheet Lifters,Office Supplies,West,1,7,7,10,4
9/18/2017,Kingston Digital DataTraveler 64GB USB 2.0,Technology,West,31,3,93,101,8
9/11/2016,Plantronics Encore H101 Dual Earpieces Headset,Technology,Central,32,5,162,225,63
9/23/2017,Euro Pro Shark Stick Mini Vacuum,Office Supplies,Central,45,6,271,73,198
9/23/2017,Xerox 217,Office Supplies,Central,3,4,13,21,7
9/23/2017,OtterBox Commuter Series Case - Samsung Galaxy S4,Technology,Central,24,2,49,40,9
10/6/2014,GBC VeloBinder Strips,Office Supplies,Central,4,2,8,15,8
10/23/2015,Xerox 212,Office Supplies,Central,3,7,24,36,13
10/23/2015,Jabra SPEAK 410,Technology,Central,68,2,135,150,15
3/31/2016,LG Exalt,Technology,East,114,3,342,281,61
3/31/2016,Anker Ultra-Slim Mini Bluetooth 3.0 Wireless Keyboard,Technology,East,15,2,31,32,1
12/29/2016,Acco Translucent Poly Ring Binders,Office Supplies,West,2,3,7,11,4
11/3/2017,Xerox 1963,Office Supplies,South,3,5,15,26,12
1/20/2017,Newell 326,Office Supplies,East,1,2,2,4,1
12/3/2016,Logitech Z-906 Speaker sys - home theater - 5.1-CH,Technology,West,198,5,990,1650,660
12/3/2016,3M Polarizing Light Filter Sleeves,Furniture,West,10,6,60,112,51
6/14/2016,"Bush Heritage Pine Collection 5-Shelf Bookcase, Albany Pine Finish, *Special Order",Furniture,West,113,5,564,599,35
9/2/2016,"Tenex File Box, Personal Filing Tote with Lid, Black",Office Supplies,West,11,3,34,47,12
9/5/2014,Telescoping Adjustable Floor Lamp,Furniture,South,15,2,30,32,2
10/21/2017,Avanti 1.7 Cu. Ft. Refrigerator,Office Supplies,East,73,2,145,162,16
10/21/2017,"RSVP Cards & Envelopes, Blank White, 8-1/2"" X 11"", 24 Cards/25 Envelopes/Set",Office Supplies,East,3,1,3,4,1
10/21/2017,"SlimView Poly Binder, 3/8""",Office Supplies,East,3,4,11,6,5
4/25/2017,Newell 318,Office Supplies,West,2,4,8,9,1
10/19/2015,"Sanyo Counter Height Refrigerator with Crisper, 3.6 Cubic Foot, Stainless Steel/Black",Office Supplies,West,236,5,1181,1641,459
10/19/2015,NETGEAR N750 Dual Band Wi-Fi Gigabit Router,Technology,West,58,3,173,270,97
7/5/2014,Advantus Panel Wall Certificate Holder - 8.5x11,Furniture,South,7,2,14,20,5
7/5/2014,Wilson Jones Four-Pocket Poly Binders,Office Supplies,South,3,5,17,10,7
7/5/2014,Luxo Adjustable Task Clamp Lamp,Furniture,South,66,3,197,213,16
4/4/2016,Ibico Ibimaster 300 Manual Binding System,Office Supplies,East,202,2,405,589,184
11/13/2017,DIXON Oriole Pencils,Office Supplies,South,2,1,2,2,0
9/9/2017,Unpadded Memo Slips,Office Supplies,West,2,2,4,6,2
4/17/2015,Enermax Acrylux Wireless Keyboard,Technology,East,63,1,63,100,37
4/17/2015,"DXL Angle-View Binders with Locking Rings, Black",Office Supplies,East,3,13,41,62,21
4/17/2015,Barrel Sharpener,Office Supplies,East,3,3,8,11,3
7/25/2016,Quality Park Security Envelopes,Office Supplies,Central,14,1,14,21,7
8/26/2016,Samsung Replacement EH64AVFWE Premium Headset,Technology,East,4,6,25,33,8
8/26/2016,Plantronics Audio 478 Stereo USB Headset,Technology,East,32,5,162,250,87
9/12/2014,Compact Automatic Electric Letter Opener,Office Supplies,Central,117,3,351,358,7
9/12/2014,SanDisk Cruzer 16 GB USB Flash Drive,Technology,Central,9,5,46,57,11
9/12/2014,GBC DocuBind P100 Manual Binding Machine,Office Supplies,Central,91,2,183,332,149
9/12/2014,"Seth Thomas 8 1/2"" Cubicle Clock",Furniture,Central,14,2,28,41,13
7/22/2016,"Fiskars 8"" Scissors, 2/Pack",Office Supplies,West,12,5,61,86,25
5/19/2017,Things To Do Today Spiral Book,Office Supplies,Central,4,6,24,38,14
4/28/2017,Sterilite Officeware Hinged File Box,Office Supplies,East,8,1,8,8,1
4/28/2017,Newell 341,Office Supplies,East,3,2,6,7,1
12/29/2017,Acco Glide Clips,Office Supplies,West,2,5,10,20,10
12/29/2017,Hand-Finished Solid Wood Document Frame,Furniture,West,24,2,48,68,21
9/4/2017,Acco Suede Grain Vinyl Round Ring Binder,Office Supplies,West,2,6,9,13,4
9/4/2017,"Bush Cubix Conference Tables, Fully Assembled",Furniture,West,173,8,1386,1478,92
3/21/2014,Tennsco Commercial Shelving,Office Supplies,South,20,1,20,16,4
9/28/2017,Longer-Life Soft White Bulbs,Furniture,West,2,3,5,9,4
1/19/2014,"GBC Standard Recycled Report Covers, Clear Plastic Sheets",Office Supplies,West,6,10,56,32,24
1/19/2014,"TOPS Carbonless Receipt Book, Four 2-3/4 x 7-1/4 Money Receipts per Page",Office Supplies,West,9,4,36,56,20
1/19/2014,"Tyvek  Top-Opening Peel & Seel Envelopes, Plain White",Office Supplies,West,14,5,72,109,37
1/19/2014,O'Sullivan 4-Shelf Bookcase in Odessa Pine,Furniture,West,100,5,502,181,321
2/14/2014,"Memo Book, 100 Message Capacity, 5 3/8” x 11”",Office Supplies,Central,3,3,10,16,6
6/9/2016,"Global Deluxe Stacking Chair, Gray",Furniture,West,36,3,109,122,14
9/26/2014,"Hon Deluxe Fabric Upholstered Stacking Chairs, Rounded Back",Furniture,West,171,3,512,586,73
9/26/2014,Xerox 217,Office Supplies,West,3,3,10,19,9
5/30/2016,Euro-Pro Shark Turbo Vacuum,Office Supplies,East,23,5,115,124,9
12/19/2017,OIC Stacking Trays,Furniture,West,2,5,9,13,4
12/19/2017,Tennsco Industrial Shelving,Office Supplies,West,48,2,96,78,18
12/19/2017,O'Sullivan 2-Shelf Heavy-Duty Bookcases,Furniture,West,41,7,286,102,184
12/26/2017,Tennsco Single-Tier Lockers,Office Supplies,Central,357,2,713,751,38
6/15/2017,Avery 490,Office Supplies,Central,7,3,22,44,22
6/15/2017,"Tenex Personal Self-Stacking Standard File Box, Black/Gray",Office Supplies,Central,12,5,62,85,23
6/15/2017,Xerox 1992,Office Supplies,Central,3,3,9,18,9
11/20/2016,"Wilson Jones Elliptical Ring 3 1/2"" Capacity Binders, 800 sheets",Office Supplies,East,22,3,65,128,63
3/31/2014,Avery Hole Reinforcements,Office Supplies,South,3,1,3,2,1
10/8/2017,Digium D40 VoIP phone,Technology,West,92,1,92,103,12
10/8/2017,KeyTronic E03601U1 - Keyboard - Beige,Technology,West,15,2,30,36,6
10/8/2017,Logitech Illuminated - Keyboard,Technology,West,31,4,125,240,115
10/8/2017,Tennsco Commercial Shelving,Office Supplies,West,20,2,40,41,0
1/30/2017,"Office Star - Contemporary Task Swivel chair with 2-way adjustable arms, Plum",Furniture,South,122,4,487,419,68
12/12/2014,Staple envelope,Office Supplies,South,5,3,16,23,8
10/24/2015,Avery Non-Stick Binders,Office Supplies,Central,2,4,10,4,6
4/1/2017,Mediabridge Sport Armband iPhone 5s,Technology,South,10,3,30,24,6
4/1/2017,Avery 494,Office Supplies,South,1,3,4,6,2
4/1/2017,Staple holder,Office Supplies,South,6,3,19,21,2
4/1/2017,"Global Wood Trimmed Manager's Task Chair, Khaki",Furniture,South,79,3,237,218,19
1/26/2017,"SimpliFile Personal File, Black Granite, 15w x 6-15/16d x 11-1/4h",Office Supplies,Central,8,2,16,18,2
11/28/2014,Staple remover,Office Supplies,West,4,2,7,7,0
11/28/2014,Avery 489,Office Supplies,West,5,4,22,41,20
11/28/2014,"Sauder Camden County Barrister Bookcase, Planked Cherry Finish",Furniture,West,104,4,416,411,5
9/4/2015,Avery Heavy-Duty EZD View Binder with Locking Rings,Office Supplies,East,3,4,14,8,6
6/12/2017,Microsoft Sculpt Comfort Mouse,Technology,East,22,2,45,64,19
7/15/2017,Newell 349,Office Supplies,East,2,2,5,7,2
7/15/2017,Avery 509,Office Supplies,East,1,3,4,8,4
7/15/2017,Sony 32GB Class 10 Micro SDHC R40 Memory Card,Technology,East,17,2,33,42,9
7/15/2017,Hon Mobius Operator's Chair,Furniture,East,96,6,576,664,89
7/15/2017,Spiral Phone Message Books with Labels by Adams,Office Supplies,East,2,2,5,9,4
11/2/2017,Eldon Image Series Black Desk Accessories,Furniture,East,3,1,3,3,1
11/2/2017,Black & Decker Filter for Double Action Dustbuster Cordless Vac BLDV7210,Office Supplies,East,6,3,19,20,1
11/2/2017,Colored Envelopes,Office Supplies,East,2,3,6,9,3
11/2/2017,Wilson Electronics DB Pro Signal Booster,Technology,East,261,4,1045,859,186
10/8/2016,Xerox 1925,Office Supplies,West,17,2,34,62,28
4/8/2016,Ampad #10 Peel & Seel Holiday Envelopes,Office Supplies,South,2,4,9,18,9
10/8/2015,"Deflect-o SuperTray Unbreakable Stackable Tray, Letter, Black",Furniture,West,17,5,83,146,63
5/15/2017,Xerox 1880,Office Supplies,Central,19,2,38,57,19
5/15/2017,QVS USB Car Charger 2-Port 2.1Amp for iPod/iPhone/iPad/iPad 2/iPad 3,Technology,Central,4,2,8,11,3
2/24/2014,"Message Book, Wirebound, Four 5 1/2"" X 4"" Forms/Pg., 200 Dupl. Sets/Book",Office Supplies,West,5,4,22,33,11
2/24/2014,"TOPS 4 x 6 Fluorescent Color Memo Sheets, 500 Sheets per Pack",Office Supplies,West,5,3,15,23,8
5/30/2015,RCA H5401RE1 DECT 6.0 4-Line Cordless Handset With Caller ID/Call Waiting,Technology,East,79,3,238,240,2
5/30/2015,"Eureka The Boss Lite 10-Amp Upright Vacuum, Blue",Office Supplies,East,58,2,115,160,45
5/30/2015,Plantronics MX500i Earset,Technology,East,42,3,125,129,4
11/18/2016,Logitech Z-906 Speaker sys - home theater - 5.1-CH,Technology,South,198,4,792,1320,528
12/4/2017,Global Chrome Stack Chair,Furniture,East,25,10,250,240,10
12/4/2017,Hand-Finished Solid Wood Document Frame,Furniture,East,24,2,48,55,7
12/4/2017,DIXON Ticonderoga Erasable Checking Pencils,Office Supplies,East,3,3,10,13,3
12/4/2017,Xerox 1956,Office Supplies,East,3,5,15,24,9
12/4/2017,Logitech G13 Programmable Gameboard with LCD Display,Technology,East,71,4,285,256,29
6/5/2016,Avery Non-Stick Binders,Office Supplies,West,2,6,15,22,7
6/5/2016,Acco 6 Outlet Guardian Premium Surge Suppressor,Office Supplies,West,11,4,43,58,16
12/10/2016,"Wirebound Message Books, Four 2 3/4 x 5 White Forms per Page",Office Supplies,West,4,12,43,80,37
4/30/2017,Faber Castell Col-Erase Pencils,Office Supplies,West,3,2,6,10,4
4/24/2017,Colored Push Pins,Office Supplies,West,1,1,1,2,1
5/8/2015,Xerox 1912,Office Supplies,East,10,2,20,38,18
3/31/2015,PureGear Roll-On Screen Protector,Technology,South,10,5,52,80,28
8/6/2017,14-7/8 x 11 Blue Bar Computer Printout Paper,Office Supplies,Central,25,3,75,115,40
12/2/2017,ClearOne CHATAttach 160 - speaker phone,Technology,Central,434,4,1736,2480,744
6/6/2016,Logitech Trackman Marble Mouse,Technology,South,17,6,104,180,76
6/6/2016,Kingston Digital DataTraveler 16GB USB 2.0,Technology,South,7,3,22,27,5
6/6/2016,Plantronics S12 Corded Telephone Headset System,Technology,South,65,3,194,323,129
6/6/2016,Xerox 191,Office Supplies,South,11,3,32,60,28
6/6/2016,Trimflex Flexible Post Binders,Office Supplies,South,11,3,33,64,31
6/6/2016,Avery Binder Labels,Office Supplies,South,2,3,6,12,6
6/6/2016,Xerox 230,Office Supplies,South,3,2,7,13,6
4/13/2015,Fellowes Black Plastic Comb Bindings,Office Supplies,Central,3,3,9,17,8
5/22/2017,High-Back Leather Manager's Chair,Furniture,Central,118,2,237,182,55
5/22/2017,"Avery Durable Slant Ring Binders, No Labels",Office Supplies,Central,2,2,4,2,3
5/22/2017,Acme Forged Steel Scissors with Black Enamel Handles,Office Supplies,Central,7,3,20,22,3
12/19/2016,"SAFCO PlanMaster Boards, 60w x 37-1/2d, White Melamine",Furniture,West,112,6,675,456,219
12/19/2016,"Wilson Jones Clip & Carry Folder Binder Tool for Ring Binders, Clear",Office Supplies,West,3,6,18,10,8
12/19/2016,"Cardinal Slant-D Ring Binder, Heavy Gauge Vinyl",Office Supplies,West,5,2,9,5,4
9/22/2017,"Tenex Personal Project File with Scoop Front Design, Black",Office Supplies,East,10,5,50,67,18
9/7/2017,"DAX Copper Panel Document Frame, 5 x 7 Size",Furniture,West,7,2,15,25,11
9/7/2017,Motorla HX550 Universal Bluetooth Headset,Technology,West,20,4,79,127,47
11/28/2014,Acco 6 Outlet Guardian Premium Surge Suppressor,Office Supplies,West,11,3,32,44,12
11/28/2014,Micropad Numeric Keypads,Technology,West,15,7,105,140,35
11/12/2014,Avery Fluorescent Highlighter Four-Color Set,Office Supplies,Central,2,1,2,3,0
11/12/2014,Acco Side-Punched Conventional Columnar Pads,Office Supplies,Central,3,6,20,17,3
11/12/2014,Imation 16GB Mini TravelDrive USB 2.0 Flash Drive,Technology,Central,20,3,59,80,21
11/12/2014,Xerox 216,Office Supplies,Central,3,7,24,36,13
11/12/2014,Bestar Classic Bookcase,Furniture,Central,81,1,81,68,13
10/2/2017,"Master Caster Door Stop, Gray",Furniture,South,3,2,7,10,3
12/14/2015,Stackable Trays,Furniture,South,2,2,4,6,2
12/14/2015,"Boston Electric Pencil Sharpener, Model 1818, Charcoal Black",Office Supplies,South,20,2,41,56,16
12/6/2015,Xerox 20,Office Supplies,West,3,1,3,6,3
12/6/2015,Tennsco 6- and 18-Compartment Lockers,Office Supplies,West,217,5,1087,1326,239
12/6/2015,Avery 483,Office Supplies,West,3,3,8,15,7
3/31/2017,Ibico Recycled Grain-Textured Covers,Office Supplies,South,17,1,17,35,17
3/31/2017,Hewlett Packard LaserJet 3310 Copier,Technology,South,312,5,1560,3000,1440
3/31/2017,Avery Recycled Flexi-View Covers for Binding Systems,Office Supplies,South,8,4,33,64,31
3/13/2017,Col-Erase Pencils with Erasers,Office Supplies,Central,4,4,17,19,2
3/13/2017,"HP Officejet Pro 8600 e-All-In-One Printer, Copier, Scanner, Fax",Technology,Central,100,2,201,210,9
3/13/2017,"Eberhard Faber 3 1/2"" Golf Pencils",Office Supplies,Central,6,5,28,30,2
3/13/2017,SAFCO Folding Chair Trolley,Furniture,Central,92,1,92,90,3
3/13/2017,Hewlett Packard LaserJet 3310 Copier,Technology,Central,312,2,624,960,336
3/13/2017,Xerox 1993,Office Supplies,Central,3,3,10,16,6
3/13/2017,Plantronics MX500i Earset,Technology,Central,42,1,42,34,7
12/5/2014,Xerox 1893,Office Supplies,East,21,3,63,98,36
12/5/2014,Large Capacity Hanging Post Binders,Office Supplies,East,13,4,54,30,24
12/5/2014,"Black Print Carbonless 8 1/2"" x 8 1/4"" Rapid Memo Book",Office Supplies,East,4,3,12,17,6
12/5/2014,Lunatik TT5L-002 Taktik Strike Impact Protection System for iPhone 5,Technology,East,46,1,46,37,9
12/5/2014,Panasonic KX T7736-B Digital phone,Technology,East,112,2,225,180,45
12/12/2016,"Howard Miller 14-1/2"" Diameter Chrome Round Wall Clock",Furniture,West,43,6,261,384,123
12/12/2016,Belkin F9H710-06 7 Outlet SurgeMaster Surge Protector,Office Supplies,West,14,3,41,57,16
9/9/2017,Newell 35,Office Supplies,West,2,2,5,7,2
9/9/2017,Novimex Fabric Task Chair,Furniture,West,52,5,259,244,15
9/9/2017,Astroparche Fine Business Paper,Office Supplies,West,3,9,25,48,23
10/4/2017,24-Hour Round Wall Clock,Furniture,East,11,1,11,20,9
5/9/2016,Sanford Pocket Accent Highlighters,Office Supplies,East,1,5,5,8,3
12/15/2014,Stackable Trays,Furniture,West,2,2,4,6,2
11/30/2017,"Iris 3-Drawer Stacking Bin, Black",Office Supplies,East,20,4,82,84,2
11/30/2017,Panasonic Business Telephones KX-T7736,Technology,East,127,3,382,546,164
11/30/2017,Fellowes Officeware Wire Shelving,Office Supplies,East,88,3,264,269,5
3/19/2015,Stockwell Push Pins,Office Supplies,West,1,5,7,11,4
7/19/2014,"Acco Pressboard Covers with Storage Hooks, 14 7/8"" x 11"", Dark Blue",Office Supplies,West,2,2,4,6,2
12/8/2016,"SimpliFile Personal File, Black Granite, 15w x 6-15/16d x 11-1/4h",Office Supplies,West,8,3,25,34,10
12/8/2016,Fellowes High-Stak Drawer Files,Office Supplies,West,136,2,271,352,81
10/13/2014,"Global High-Back Leather Tilter, Burgundy",Furniture,East,109,2,219,246,27
10/13/2014,Flexible Leather- Look Classic Collection Ring Binder,Office Supplies,East,9,1,9,19,9
11/19/2017,Lock-Up Easel 'Spel-Binder',Office Supplies,East,15,7,106,60,46
9/24/2017,Panasonic KX-TG9471B,Technology,East,141,2,282,392,110
9/24/2017,Wi-Ex zBoost YX540 Cellular Phone Signal Booster,Technology,East,102,3,306,438,131
9/25/2015,GBC Prestige Therm-A-Bind Covers,Office Supplies,East,18,2,36,69,32
2/13/2017,Acme Elite Stainless Steel Scissors,Office Supplies,East,6,3,19,25,7
2/13/2017,Barrel Sharpener,Office Supplies,East,3,3,8,11,3
10/3/2014,Hunt Boston Vacuum Mount KS Pencil Sharpener,Office Supplies,East,26,2,52,56,4
10/3/2014,Convenience Packs of Business Envelopes,Office Supplies,East,2,5,10,14,5
10/3/2014,Logitech G105 Gaming Keyboard,Technology,East,49,3,146,142,4
8/27/2016,Portfile Personal File Boxes,Office Supplies,Central,13,1,13,14,1
8/27/2016,Southworth 25% Cotton Premium Laser Paper and Envelopes,Office Supplies,Central,10,5,52,80,28
12/3/2015,GBC Therma-A-Bind 250T Electric Binding System,Office Supplies,East,64,6,384,590,207
9/20/2016,Dana Swing-Arm Lamps,Furniture,South,8,2,16,17,1
9/20/2016,"Global High-Back Leather Tilter, Burgundy",Furniture,South,109,1,109,98,11
3/25/2017,Newell 311,Office Supplies,East,2,5,8,11,3
12/6/2015,"Commercial WindTunnel Clean Air Upright Vacuum, Replacement Belts, Filtration Bags",Office Supplies,West,3,2,6,8,2
8/31/2017,Plantronics CS510 - Over-the-Head monaural Wireless Headset System,Technology,South,221,2,442,660,218
10/5/2015,SanDisk Ultra 32 GB MicroSDHC Class 10 Memory Card,Technology,East,19,3,58,53,5
8/18/2017,Plantronics Savi W720 Multi-Device Wireless Headset System,Technology,West,236,2,473,844,371
8/18/2017,Imation Bio 8GB USB Flash Drive Imation Corp,Technology,West,141,9,1272,1496,224
2/2/2016,"Belkin 19"" Center-Weighted Shelf, Gray",Office Supplies,East,56,2,112,118,6
8/23/2016,"Dixon Prang Watercolor Pencils, 10-Color Set with Brush",Office Supplies,East,3,5,13,21,9
8/23/2016,"1.7 Cubic Foot Compact ""Cube"" Office Refrigerators",Office Supplies,East,152,5,760,1041,281
8/23/2016,Newell 331,Office Supplies,East,4,6,21,29,8
6/30/2017,Advantus Panel Wall Certificate Holder - 8.5x11,Furniture,South,7,2,14,20,5
9/18/2015,"Stur-D-Stor Shelving, Vertical 5-Shelf: 72""H x 36""W x 18 1/2""D",Office Supplies,West,109,4,435,444,9
9/25/2016,Logitech Wireless Headset h800,Technology,Central,65,5,325,500,175
9/25/2016,Manco Dry-Lighter Erasable Highlighter,Office Supplies,Central,2,1,2,3,1
9/25/2016,"Global Fabric Manager's Chair, Dark Gray",Furniture,Central,76,2,151,202,50
9/25/2016,Eldon Expressions Mahogany Wood Desk Collection,Furniture,Central,5,11,51,69,17
10/24/2016,Micro Innovations USB RF Wireless Keyboard with Mouse,Technology,West,20,4,79,100,21
10/24/2016,Logitech VX Revolution Cordless Laser Mouse for Notebooks (Black),Technology,West,169,2,338,360,22
9/29/2014,Longer-Life Soft White Bulbs,Furniture,West,2,2,3,6,3
9/29/2014,"Bevis Oval Conference Table, Walnut",Furniture,West,217,9,1950,2349,399
6/26/2017,Avery 512,Office Supplies,South,2,6,9,14,5
6/26/2017,Hon Comfortask Task/Swivel Chairs,Furniture,South,96,3,287,274,14
8/21/2016,"Iceberg OfficeWorks 42"" Round Tables",Furniture,East,128,9,1155,815,340
2/11/2014,Enermax Aurora Lite Keyboard,Technology,South,44,3,131,234,103
2/11/2014,Hon 2111 Invitation Series Corner Table,Furniture,South,197,6,1181,1256,75
2/11/2014,Wilson Jones Leather-Like Binders with DublLock Round Rings,Office Supplies,South,5,2,9,17,8
9/23/2016,3-ring staple pack,Office Supplies,East,1,7,7,11,4
12/5/2015,Surelock Post Binders,Office Supplies,Central,15,5,76,153,76
9/3/2017,"Square Ring Data Binders, Rigid 75 Pt. Covers, 11"" x 14-7/8""",Office Supplies,West,11,5,54,83,29
9/3/2017,Kensington Expert Mouse Optical USB Trackball for PC or Mac,Technology,West,66,3,199,285,85
3/26/2017,"Career Cubicle Clock, 8 1/4"", Black",Furniture,Central,13,3,38,61,23
12/21/2014,SAFCO Arco Folding Chair,Furniture,West,196,6,1177,1326,149
12/21/2014,Safco Contoured Stacking Chairs,Furniture,West,179,3,536,572,36
9/23/2014,EcoTones Memo Sheets,Office Supplies,East,2,9,19,29,10
4/2/2017,Newell 318,Office Supplies,East,2,4,8,11,3
4/1/2016,Regeneration Desk Collection,Furniture,South,1,4,4,7,3
5/15/2015,Wausau Papers Astrobrights Colored Envelopes,Office Supplies,South,3,3,9,18,9
3/23/2017,"Cardinal Slant-D Ring Binder, Heavy Gauge Vinyl",Office Supplies,West,5,5,23,35,11
4/14/2017,Tensor Computer Mounted Lamp,Furniture,East,11,5,54,74,20
1/4/2015,DAX Wood Document Frame,Furniture,South,9,14,123,192,69
11/2/2017,Xerox 220,Office Supplies,West,3,3,10,19,9
7/17/2017,Xerox 221,Office Supplies,West,3,5,17,32,16
7/17/2017,"Peel & Seel Recycled Catalog Envelopes, Brown",Office Supplies,West,6,5,29,58,29
7/17/2017,Sterilite Show Offs Storage Containers,Office Supplies,West,5,2,11,11,0
7/17/2017,"Atlantic Metals Mobile 4-Shelf Bookcases, Custom Colors",Furniture,West,197,5,983,1194,211
10/6/2017,Xerox 1893,Office Supplies,East,21,1,21,41,20
11/4/2014,Newell 343,Office Supplies,West,2,1,2,3,1
12/18/2016,Vinyl Sectional Post Binders,Office Supplies,West,19,4,75,45,30
12/18/2016,Newell 312,Office Supplies,West,4,4,16,19,2
12/18/2016,"Black Print Carbonless 8 1/2"" x 8 1/4"" Rapid Memo Book",Office Supplies,West,4,2,8,12,4
12/18/2016,Sony Micro Vault Click 8 GB USB 2.0 Flash Drive,Technology,West,40,3,121,113,8
12/18/2016,"Iceberg OfficeWorks 42"" Round Tables",Furniture,West,128,5,642,377,264
12/18/2016,Avery White Multi-Purpose Labels,Office Supplies,West,3,4,11,16,5
12/18/2016,Macally Suction Cup Mount,Technology,West,12,3,36,29,7
9/24/2016,Electrix 20W Halogen Replacement Bulb for Zoom-In Desk Lamp,Furniture,West,7,2,14,21,8
9/24/2016,Sensible Storage WireTech Storage Systems,Office Supplies,West,67,9,607,511,96
7/21/2016,Boston 16765 Mini Stand Up Battery Pencil Sharpener,Office Supplies,East,9,2,17,19,1
7/21/2016,"Wilson Jones 1"" Hanging DublLock Ring Binders",Office Supplies,East,3,7,19,11,8
7/21/2016,Safco Steel Mobile File Cart,Office Supplies,East,63,1,63,67,4
7/21/2016,"Fellowes Mobile File Cart, Black",Office Supplies,East,45,2,91,99,9
6/11/2016,Avery 486,Office Supplies,West,4,2,8,15,7
6/11/2016,Wilson Jones Turn Tabs Binder Tool for Ring Binders,Office Supplies,West,3,14,36,54,18
6/11/2016,Logitech G35 7.1-Channel Surround Sound Headset,Technology,West,86,3,257,390,133
6/9/2015,Luxo Adjustable Task Clamp Lamp,Furniture,West,66,4,263,355,92
6/9/2015,Dexim XPower Skin Super-Thin Power Case for iPhone 5 - Black,Technology,West,44,3,132,140,9
10/27/2017,#6 3/4 Gummed Flap White Envelopes,Office Supplies,Central,5,2,10,16,6
10/27/2017,Xerox 1972,Office Supplies,Central,3,2,6,8,3
1/22/2016,Xerox 218,Office Supplies,West,3,2,7,13,6
5/28/2014,I Need's 3d Hello Kitty Hybrid Silicone Case Cover for HTC One X 4g with 3d Hello Kitty Stylus Pen Green/pink,Technology,West,9,6,52,57,6
5/28/2014,Imation 30456 USB Flash Drive 8GB,Technology,West,6,4,25,28,2
12/29/2014,Tenex Chairmats For Use with Hard Floors,Furniture,Central,30,3,90,39,51
7/28/2016,Staples,Office Supplies,Central,2,7,11,20,9
7/28/2016,Xerox 1889,Office Supplies,Central,28,2,56,110,54
9/24/2016,Avery Heavy-Duty EZD View Binder with Locking Rings,Office Supplies,Central,3,1,3,6,3
9/24/2016,Xerox 232,Office Supplies,Central,3,1,3,6,3
4/2/2014,Xerox 1990,Office Supplies,South,3,3,9,16,7
4/2/2014,Motorola Droid Maxx,Technology,South,108,7,756,1050,294
4/2/2014,Euro-Pro Shark Turbo Vacuum,Office Supplies,South,23,5,115,155,40
11/5/2015,"Avery Trapezoid Ring Binder, 3"" Capacity, Black, 1040 sheets",Office Supplies,West,21,3,63,98,36
7/28/2014,"OIC Colored Binder Clips, Assorted Sizes",Office Supplies,South,2,5,9,14,5
7/28/2014,"DataProducts Ampli Magnifier Task Lamp, Black,",Furniture,South,19,6,117,130,13
7/28/2014,"#10- 4 1/8"" x 9 1/2"" Recycled Envelopes",Office Supplies,South,5,7,32,49,17
12/26/2015,"Office Star - Contemporary Task Swivel chair with 2-way adjustable arms, Plum",Furniture,Central,122,3,365,275,90
12/10/2015,Manco Dry-Lighter Erasable Highlighter,Office Supplies,East,2,9,18,27,9
12/10/2015,"Recycled Desk Saver Line ""While You Were Out"" Book, 5 1/2"" X 4""",Office Supplies,East,5,5,24,45,21
12/10/2015,Cisco 8x8 Inc. 6753i IP Business Phone System,Technology,East,99,1,99,135,36
12/10/2015,Astroparche Fine Business Paper,Office Supplies,East,3,5,14,26,13
12/10/2015,Global Ergonomic Managers Chair,Furniture,East,134,3,402,543,141
5/5/2016,Hon 61000 Series Interactive Training Tables,Furniture,West,36,2,73,71,2
10/14/2017,"GBC Twin Loop Wire Binding Elements, 9/16"" Spine, Black",Office Supplies,Central,8,9,70,27,42
10/14/2017,Catalog Binders with Expanding Posts,Office Supplies,Central,37,1,37,13,24
11/5/2016,Avery 490,Office Supplies,Central,7,1,7,12,4
11/3/2017,Xerox 1992,Office Supplies,West,3,6,18,36,18
11/24/2016,Brown Kraft Recycled Envelopes,Office Supplies,East,8,3,25,41,15
11/24/2016,V7 USB Numeric Keypad,Technology,East,33,5,163,140,23
12/14/2014,Newell 35,Office Supplies,East,2,1,2,3,0
12/14/2014,Hon Rectangular Conference Tables,Furniture,East,189,1,189,137,52
12/14/2014,Plantronics CS510 - Over-the-Head monaural Wireless Headset System,Technology,East,221,1,221,264,43
11/3/2014,Acme Kleen Earth Office Shears,Office Supplies,East,3,3,8,12,3
9/22/2017,GBC Poly Designer Binding Covers,Office Supplies,East,9,3,26,40,15
5/8/2015,DAX Black Cherry Wood-Tone Poster Frame,Furniture,East,16,3,49,79,30
5/8/2015,Compact Automatic Electric Letter Opener,Office Supplies,East,117,3,351,358,7
5/8/2015,"Situations Contoured Folding Chairs, 4/Set",Furniture,East,53,2,106,128,21
5/8/2015,Sharp AL-1530CS Digital Copier,Technology,East,255,7,1785,2800,1015
5/8/2015,Xerox 204,Office Supplies,East,3,3,10,19,9
7/31/2017,Motorola L804,Technology,Central,33,1,33,37,4
3/1/2014,Sannysis Cute Owl Design Soft Skin Case Cover for Samsung Galaxy S4,Technology,East,1,3,4,6,2
9/25/2017,Steel Personal Filing/Posting Tote,Office Supplies,South,26,5,130,178,48
10/9/2015,Logitech G19 Programmable Gaming Keyboard,Technology,Central,102,5,508,620,112
10/9/2015,KLD Oscar II Style Snap-on Ultra Thin Side Flip Synthetic Leather Cover Case for HTC One HTC M7,Technology,Central,7,3,21,29,8
10/9/2015,Staple envelope,Office Supplies,Central,4,7,31,58,27
10/9/2015,Belkin 6 Outlet Metallic Surge Strip,Office Supplies,Central,8,3,24,29,5
3/29/2017,Adjustable Personal File Tote,Office Supplies,Central,12,5,60,81,21
11/14/2015,Advantus Push Pins,Office Supplies,West,1,5,6,9,2
11/14/2015,Imation Secure Drive + Hardware Encrypted USB flash drive - 16 GB,Technology,West,29,3,87,91,5
11/14/2015,Plantronics Audio 478 Stereo USB Headset,Technology,West,32,4,130,160,30
9/26/2016,Xerox 1905,Office Supplies,West,3,2,7,13,6
9/22/2014,"SAFCO Commercial Wire Shelving, Black",Office Supplies,Central,138,3,414,332,83
9/25/2015,Razer Kraken 7.1 Surround Sound Over Ear USB Gaming Headset,Technology,East,56,9,504,900,396
5/4/2015,ShoreTel ShorePhone IP 230 VoIP phone,Technology,Central,118,7,828,946,118
12/8/2017,Logitech G105 Gaming Keyboard,Technology,Central,49,3,146,178,32
12/8/2017,Hoover WindTunnel Plus Canister Vacuum,Office Supplies,Central,262,3,785,1090,305
12/8/2017,"Avery 4027 File Folder Labels for Dot Matrix Printers, 5000 Labels per Box, White",Office Supplies,Central,16,2,33,61,28
12/8/2017,"Sauder Camden County Collection Libraries, Planked Cherry Finish",Furniture,Central,105,4,419,460,41
12/8/2017,"Adams Phone Message Book, 200 Message Capacity, 8 1/16” x 11”",Office Supplies,Central,4,4,15,28,13
6/29/2017,"Hon Metal Bookcases, Putty",Furniture,East,50,9,454,639,185
6/29/2017,Acme Box Cutter Scissors,Office Supplies,East,8,3,23,31,8
6/29/2017,"DAX Executive Solid Wood Document Frame, Desktop or Hang, Mahogany, 5 x 7",Furniture,East,8,2,17,25,9
6/29/2014,"Wilson Jones Clip & Carry Folder Binder Tool for Ring Binders, Clear",Office Supplies,East,3,3,9,14,5
1/20/2014,"Wirebound Service Call Books, 5 1/2"" x 4""",Office Supplies,West,5,2,10,19,9
1/20/2014,"Eldon Expressions Desk Accessory, Wood Pencil Holder, Oak",Furniture,West,7,2,14,19,6
12/31/2016,"GBC Pre-Punched Binding Paper, Plastic, White, 8-1/2"" x 11""",Office Supplies,West,8,3,25,38,13
3/28/2017,Xerox 1975,Office Supplies,West,3,2,7,13,6
3/28/2017,DAX Black Cherry Wood-Tone Poster Frame,Furniture,West,16,1,16,26,10
3/28/2017,StarTech.com 10/100 VDSL2 Ethernet Extender Kit,Technology,West,240,2,479,533,53
3/28/2017,Xerox 1968,Office Supplies,West,3,4,14,27,13
3/28/2017,Xerox 1977,Office Supplies,West,3,3,10,20,10
3/28/2017,SAFCO Boltless Steel Shelving,Office Supplies,West,113,7,788,795,8
3/28/2017,Stackable Trays,Furniture,West,2,7,15,22,7
12/8/2016,Cisco SPA301,Technology,South,109,2,218,250,31
12/8/2016,Maxell 4.7GB DVD-R,Technology,South,17,3,50,68,18
12/8/2016,Imation 30456 USB Flash Drive 8GB,Technology,South,6,3,19,17,2
11/18/2017,"Belkin SportFit Armband For iPhone 5s/5c, Fuchsia",Technology,East,8,5,38,75,37
5/30/2014,Chromcraft Rectangular Conference Tables,Furniture,Central,180,3,540,355,185
1/22/2016,Avery 475,Office Supplies,West,7,3,22,44,22
1/22/2016,Avery 476,Office Supplies,West,2,5,11,21,9
2/3/2016,Hon Multipurpose Stacking Arm Chairs,Furniture,South,160,4,641,866,225
3/29/2015,Newell 333,Office Supplies,South,2,2,4,6,1
10/14/2014,"Hoover Replacement Belts For Soft Guard & Commercial Ltweight Upright Vacs, 2/Pk",Office Supplies,Central,3,4,12,3,9
10/14/2014,Hewlett Packard 610 Color Digital Copier / Printer,Technology,Central,275,5,1375,2000,625
8/11/2015,"Executive Impressions 13"" Clairmont Wall Clock",Furniture,South,11,3,34,46,12
11/22/2015,Texas Instruments TI-34 Scientific Calculator,Technology,South,12,3,35,33,2
12/30/2016,Iceberg Mobile Mega Data/Printer Cart ,Office Supplies,West,89,4,356,481,125
12/30/2016,Cardinal Hold-It CD Pocket,Office Supplies,West,4,1,4,6,2
8/12/2017,Avanti 4.4 Cu. Ft. Refrigerator,Office Supplies,West,130,3,391,543,152
8/12/2017,DAX Wood Document Frame,Furniture,West,9,4,35,55,20
11/3/2015,Office Star - Mid Back Dual function Ergonomic High Back Chair with 2-Way Adjustable Arms,Furniture,East,124,10,1240,1449,209
9/10/2015,"Belkin 19"" Center-Weighted Shelf, Gray",Office Supplies,West,56,6,336,354,18
11/8/2014,Toshiba IPT2010-SD IP Telephone,Technology,West,103,3,309,334,25
10/8/2016,Avery 50,Office Supplies,Central,7,6,40,60,20
9/8/2017,Memorex Froggy Flash Drive 8 GB,Technology,Central,11,6,65,85,20
2/25/2015,Avery 518,Office Supplies,East,2,1,2,3,2
2/25/2015,"Adams Telephone Message Book W/Dividers/Space For Phone Numbers, 5 1/4""X8 1/2"", 200/Messages",Office Supplies,East,3,4,12,23,10
9/24/2015,"DAX Value U-Channel Document Frames, Easel Back",Furniture,West,3,3,10,15,5
9/24/2015,Hoover Upright Vacuum With Dirt Cup,Office Supplies,West,206,4,822,1158,336
11/26/2015,Canon PC1080F Personal Copier,Technology,Central,366,1,366,600,234
8/31/2016,Super Decoflex Portable Personal File,Office Supplies,Central,11,2,22,24,2
4/12/2016,Hon Comfortask Task/Swivel Chairs,Furniture,West,96,7,670,638,32
4/12/2016,JM Magazine Binder,Office Supplies,West,9,1,9,13,5
12/4/2016,GBC Instant Report Kit,Office Supplies,East,3,3,10,16,6
12/4/2016,Xerox 1915,Office Supplies,West,55,1,55,105,50
11/11/2014,50 Colored Long Pencils,Office Supplies,West,8,3,23,30,8
11/11/2014,Hon Olson Stacker Stools,Furniture,West,101,1,101,113,11
4/2/2015,"Vtech AT&T CL2940 Corded Speakerphone, Black",Technology,West,16,3,48,72,24
12/12/2015,Newell 311,Office Supplies,West,2,1,2,2,1
12/12/2015,Peel & Seel Envelopes,Office Supplies,West,2,4,8,16,7
12/12/2015,"Black Print Carbonless Snap-Off Rapid Letter, 8 1/2"" x 7""",Office Supplies,West,5,4,20,36,16
10/2/2017,O'Sullivan 4-Shelf Bookcase in Odessa Pine,Furniture,West,100,6,602,218,385
10/2/2017,Acme Softgrip Scissors,Office Supplies,West,6,6,35,39,4
10/2/2017,"GBC Standard Recycled Report Covers, Clear Plastic Sheets",Office Supplies,West,6,7,39,23,17
10/2/2017,Berol Giant Pencil Sharpener,Office Supplies,West,12,7,84,95,11
4/10/2017,Stackable Trays,Furniture,South,2,5,10,12,2
4/10/2017,"Acco Pressboard Covers with Storage Hooks, 14 7/8"" x 11"", Light Blue",Office Supplies,South,3,3,8,4,3
9/29/2017,Advantus Plastic Paper Clips,Office Supplies,West,3,7,18,35,17
9/29/2017,"Leather Task Chair, Black",Furniture,West,73,1,73,73,0
9/29/2017,"Fellowes Premier Superior Surge Suppressor, 10-Outlet, With Phone and Remote",Office Supplies,West,36,2,72,98,25
9/29/2017,"Howard Miller 13-3/4"" Diameter Brushed Chrome Round Wall Clock",Furniture,West,36,1,36,52,16
9/29/2017,Binding Machine Supplies,Office Supplies,West,15,2,30,47,16
9/29/2014,"Dual Level, Single-Width Filing Carts",Office Supplies,East,115,9,1033,1396,363
9/29/2014,"Seth Thomas 14"" Putty-Colored Wall Clock",Furniture,East,20,4,81,117,36
9/29/2014,Avery 48,Office Supplies,East,3,3,10,19,9
9/29/2014,White Computer Printout Paper by Universal,Office Supplies,East,20,2,40,78,38
8/20/2014,"Global Leather and Oak Executive Chair, Black",Furniture,Central,214,2,427,421,6
7/11/2014,Polycom VVX 310 VoIP phone,Technology,Central,133,4,533,576,43
7/11/2014,Xerox 200,Office Supplies,Central,3,2,7,10,4
3/22/2015,Square Credit Card Reader,Technology,West,7,2,15,16,1
5/12/2017,Newell 347,Office Supplies,East,3,3,9,10,1
11/13/2017,Eldon ProFile File 'N Store Portable File Tub Letter/Legal Size Black,Office Supplies,Central,14,4,56,62,6
11/13/2017,"Bush Westfield Collection Bookcases, Fully Assembled",Furniture,Central,78,3,233,206,27
9/4/2016,"RSVP Cards & Envelopes, Blank White, 8-1/2"" X 11"", 24 Cards/25 Envelopes/Set",Office Supplies,South,3,3,8,12,4
9/4/2016,Belkin 5 Outlet SurgeMaster Power Centers,Office Supplies,South,39,2,78,87,9
9/4/2016,Prismacolor Color Pencil Set,Office Supplies,South,12,2,23,32,8
2/6/2016,"Deflect-o EconoMat Studded, No Bevel Mat for Low Pile Carpeting",Furniture,South,38,4,150,132,18
3/22/2015,Easy-staple paper,Office Supplies,West,14,4,57,106,49
3/22/2015,Tenex B1-RE Series Chair Mats for Low Pile Carpets,Furniture,West,38,2,76,92,16
3/22/2015,ClearOne CHATAttach 160 - speaker phone,Technology,West,434,3,1302,1488,186
7/2/2015,Xerox 209,Office Supplies,East,3,3,10,19,9
6/15/2015,Belkin Standard 104 key USB Keyboard,Technology,South,12,1,12,12,1
11/26/2014,ClearSounds CSC500 Amplified Spirit Phone Corded phone,Technology,East,50,4,202,280,78
11/26/2014,"Acco PRESSTEX Data Binder with Storage Hooks, Dark Blue, 14 7/8"" X 11""",Office Supplies,East,3,3,8,13,5
11/26/2014,Pressboard Data Binders by Wilson Jones,Office Supplies,East,3,4,11,17,6
11/26/2014,"Avery Address/Shipping Labels for Typewriters, 4"" x 2""",Office Supplies,East,5,9,48,93,45
11/26/2014,Avery File Folder Labels,Office Supplies,East,1,4,6,12,6
5/12/2017,Compact Automatic Electric Letter Opener,Office Supplies,West,117,2,234,239,5
5/12/2017,Hoover Commercial Soft Guard Upright Vacuum And Disposable Filtration Bags,Office Supplies,West,6,1,6,8,2
5/12/2017,"Lesro Sheffield Collection Coffee Table, End Table, Center Table, Corner Table",Furniture,West,59,5,296,285,11
5/12/2017,"DXL Angle-View Binders with Locking Rings, Black",Office Supplies,West,3,4,13,19,6
5/2/2014,Belkin 6 Outlet Metallic Surge Strip,Office Supplies,East,8,3,24,26,2
9/3/2017,Xerox 189,Office Supplies,East,55,4,218,419,201
9/3/2017,Office Star Flex Back Scooter Chair with Aluminum Finish Frame,Furniture,East,77,1,77,91,14
9/3/2017,Global Low Back Tilter Chair,Furniture,East,95,2,190,182,8
9/3/2017,Prang Drawing Pencil Set,Office Supplies,East,2,2,3,6,2
12/3/2016,Hon 5100 Series Wood Tables,Furniture,Central,239,2,477,582,105
12/3/2016,"Global Stack Chair with Arms, Black",Furniture,Central,22,1,22,30,8
7/18/2015,Logitech G35 7.1-Channel Surround Sound Headset,Technology,West,86,4,343,520,177
7/21/2016,Avery 494,Office Supplies,South,1,3,4,6,2
7/21/2016,"Leather Task Chair, Black",Furniture,South,73,5,364,364,0
6/9/2015,"Green Canvas Binder for 8-1/2"" x 14"" Sheets",Office Supplies,South,21,5,107,64,43
6/9/2015,"Wilson Jones Elliptical Ring 3 1/2"" Capacity Binders, 800 sheets",Office Supplies,South,22,3,65,39,27
6/9/2015,Logitech Keyboard K120,Technology,South,16,5,81,73,8
11/27/2017,Griffin GC17055 Auxiliary Audio Cable,Technology,West,13,4,52,58,6
3/27/2015,Rogers Profile Extra Capacity Storage Tub,Office Supplies,West,16,5,80,84,3
9/22/2015,Xerox 214,Office Supplies,South,3,5,17,32,16
9/22/2015,"Westinghouse Floor Lamp with Metal Mesh Shade, Black",Furniture,South,18,2,37,48,11
11/17/2015,RCA ViSYS 25825 Wireless digital phone,Technology,West,91,4,364,416,52
11/17/2015,Carina Media Storage Towers in Natural & Black,Office Supplies,West,60,5,299,305,6
11/17/2015,"DAX Contemporary Wood Frame with Silver Metal Mat, Desktop, 11 x 14 Size",Furniture,West,13,4,52,81,29
11/17/2015,Fellowes Recycled Storage Drawers,Office Supplies,West,103,7,723,777,54
11/17/2015,Xerox 203,Office Supplies,West,3,5,17,32,16
11/17/2015,Office Star - Contemporary Swivel Chair with Padded Adjustable Arms and Flex Back,Furniture,West,111,2,223,226,3
11/17/2015,Advantus Panel Wall Certificate Holder - 8.5x11,Furniture,West,7,3,21,37,15
11/10/2015,Hoover Shoulder Vac Commercial Portable Vacuum,Office Supplies,Central,268,2,537,716,179
11/10/2015,Tennsco 6- and 18-Compartment Lockers,Office Supplies,Central,217,3,652,796,143
11/10/2015,Sharp 1540cs Digital Laser Copier,Technology,Central,275,1,275,550,275
11/10/2015,GBC Standard Therm-A-Bind Covers,Office Supplies,Central,13,3,40,75,34
11/10/2015,Staple-based wall hangings,Furniture,Central,5,3,16,29,13
9/10/2014,Tuff Stuff Recycled Round Ring Binders,Office Supplies,South,2,2,5,10,5
8/5/2015,"Perma STOR-ALL Hanging File Box, 13 1/8""W x 12 1/4""D x 10 1/2""H",Office Supplies,Central,5,7,35,33,1
8/5/2015,Stiletto Hand Letter Openers,Office Supplies,Central,9,3,28,23,5
8/5/2015,Avery Self-Adhesive Photo Pockets for Polaroid Photos,Office Supplies,Central,4,1,4,1,2
8/5/2015,"Eldon Expressions Wood Desk Accessories, Oak",Furniture,Central,5,5,26,15,11
9/3/2017,"Bush Heritage Pine Collection 5-Shelf Bookcase, Albany Pine Finish, *Special Order",Furniture,West,113,2,226,240,14
11/1/2015,"Iceberg OfficeWorks 42"" Round Tables",Furniture,South,128,2,257,302,45
4/29/2015,Xerox 1949,Office Supplies,East,3,2,5,8,3
5/1/2016,Xerox 1914,Office Supplies,South,28,2,56,110,54
5/1/2016,Xerox 1994,Office Supplies,South,3,3,10,19,9
5/1/2016,DIXON Ticonderoga Erasable Checking Pencils,Office Supplies,South,3,2,7,11,4
8/5/2014,Fellowes Advanced Computer Series Surge Protectors,Office Supplies,East,19,3,57,79,22
8/5/2014,"Binney & Smith inkTank Erasable Pocket Highlighter, Chisel Tip, Yellow",Office Supplies,East,1,2,3,5,2
8/5/2014,Hon GuestStacker Chair,Furniture,East,168,5,839,1133,295
1/4/2016,Newell 312,Office Supplies,East,4,1,4,5,1
1/4/2016,Avery Arch Ring Binders,Office Supplies,East,31,6,185,105,80
11/7/2016,Global Troy Executive Leather Low-Back Tilter,Furniture,West,376,4,1503,1603,100
6/14/2016,"Bush Cubix Conference Tables, Fully Assembled",Furniture,West,173,7,1213,1293,81
9/24/2016,"Deflect-o DuraMat Lighweight, Studded, Beveled Mat for Low Pile Carpeting",Furniture,Central,35,3,106,128,22
3/30/2017,"Advantus 10-Drawer Portable Organizer, Chrome Metal Frame, Smoke Drawers",Office Supplies,South,43,1,43,60,17
6/4/2017,GBC VeloBind Cover Sets,Office Supplies,South,8,7,54,108,54
6/4/2017,Insertable Tab Indexes For Data Binders,Office Supplies,South,2,3,5,10,4
4/7/2015,Newell 331,Office Supplies,East,4,3,11,12,1
5/21/2014,GBC ProClick Punch Binding System,Office Supplies,East,33,7,228,448,219
5/21/2014,Xerox 1992,Office Supplies,East,3,3,9,18,9
5/21/2014,Belkin 8 Outlet Surge Protector,Office Supplies,East,30,6,177,246,69
9/5/2016,Xerox 1885,Office Supplies,East,25,4,100,192,92
9/18/2016,Global Troy Executive Leather Low-Back Tilter,Furniture,West,376,2,751,802,50
9/18/2016,Xerox 1945,Office Supplies,West,21,9,188,369,181
9/18/2016,"Global High-Back Leather Tilter, Burgundy",Furniture,West,109,9,985,886,100
3/13/2016,"Westinghouse Mesh Shade Clip-On Gooseneck Lamp, Black",Furniture,West,10,2,21,28,7
3/13/2016,High Speed Automatic Electric Letter Opener,Office Supplies,West,1572,3,4716,4913,197
10/16/2014,Avery Non-Stick Heavy Duty View Round Locking Ring Binders,Office Supplies,West,3,3,9,14,5
10/16/2014,Logitech Illuminated - Keyboard,Technology,West,31,3,94,180,86
10/8/2017,"SAFCO Mobile Desk Side File, Wire Frame",Office Supplies,East,32,1,32,43,11
5/7/2015,Xerox 1902,Office Supplies,South,12,2,25,46,21
4/14/2016,GBC ProClick Spines for 32-Hole Punch,Office Supplies,East,7,2,13,25,12
11/21/2016,Xerox 1910,Office Supplies,Central,25,1,25,38,13
11/21/2016,"Tenex Personal Project File with Scoop Front Design, Black",Office Supplies,Central,10,2,20,22,2
11/21/2016,Lenovo 17-Key USB Numeric Keypad,Technology,Central,27,3,80,82,2
9/10/2017,Wilson Jones Suede Grain Vinyl Binders,Office Supplies,South,1,1,1,3,1
9/9/2017,Fellowes Bases and Tops For Staxonsteel/High-Stak Systems,Office Supplies,West,25,3,76,100,24
11/1/2014,Avery 475,Office Supplies,West,7,3,22,44,22
11/1/2014,Easy-staple paper,Office Supplies,West,2,5,12,21,10
4/3/2016,"Seth Thomas 13 1/2"" Wall Clock",Furniture,Central,12,4,49,71,22
4/3/2016,Plantronics Voyager Pro HD - Bluetooth Headset,Technology,Central,34,4,135,260,125
1/12/2017,Staple envelope,Office Supplies,West,5,1,5,10,5
11/20/2015,Cardinal Poly Pocket Divider Pockets for Ring Binders,Office Supplies,West,2,9,17,24,8
11/27/2016,Ultra Door Pull Handle,Furniture,East,7,3,21,32,10
11/6/2017,Xerox 191,Office Supplies,West,11,3,32,60,28
11/6/2017,Easy-staple paper,Office Supplies,West,6,4,23,45,22
11/6/2017,Astroparche Fine Business Paper,Office Supplies,West,3,5,14,26,13
11/6/2017,Avery 503,Office Supplies,West,5,4,22,41,20
11/6/2017,Kingston Digital DataTraveler 32GB USB 2.0,Technology,West,16,1,16,17,1
12/2/2016,GBC VeloBind Cover Sets,Office Supplies,West,8,2,15,25,9
12/2/2016,"Holmes Cool Mist Humidifier for the Whole House with 8-Gallon Output per Day, Extended Life Filter",Office Supplies,West,11,3,33,60,27
12/2/2016,"Eldon Regeneration Recycled Desk Accessories, Black",Furniture,West,3,3,9,15,6
12/2/2016,Satellite Sectional Post Binders,Office Supplies,West,23,3,70,104,34
12/17/2016,"Personal Filing Tote with Lid, Black/Gray",Office Supplies,West,11,3,34,47,13
8/24/2014,Acme Titanium Bonded Scissors,Office Supplies,South,6,3,19,26,7
9/17/2015,Woodgrain Magazine Files by Perma,Office Supplies,East,3,5,14,15,1
9/17/2015,Avery 485,Office Supplies,East,7,7,46,88,41
9/17/2015,Office Star Flex Back Scooter Chair with White Frame,Furniture,East,95,2,191,200,9
9/17/2015,Eldon Mobile Mega Data Cart  Mega Stackable  Add-On Trays,Office Supplies,East,17,4,67,95,27
9/17/2015,"Riverside Palais Royal Lawyers Bookcase, Royale Cherry Finish",Furniture,East,678,6,4070,4229,159
9/17/2015,DMI Eclipse Executive Suite Bookcases,Furniture,East,406,5,2029,2004,25
9/17/2015,ClearSounds CSC500 Amplified Spirit Phone Corded phone,Technology,East,50,3,151,210,59
9/17/2015,Plantronics CS510 - Over-the-Head monaural Wireless Headset System,Technology,East,221,2,442,660,218
9/17/2015,"Eaton Premium Continuous-Feed Paper, 25% Cotton, Letter Size, White, 1000 Shts/Box",Office Supplies,East,29,2,58,111,53
9/17/2015,ARKON Windshield Dashboard Air Vent Car Mount Holder,Technology,East,17,4,66,68,1
11/26/2016,"Bevis Oval Conference Table, Walnut",Furniture,East,217,2,433,313,120
11/19/2017,Newell 349,Office Supplies,South,2,7,16,23,7
6/3/2017,Plantronics Audio 995 Wireless Stereo Headset,Technology,West,74,10,737,1100,363
4/8/2014,"SAFCO PlanMaster Boards, 60w x 37-1/2d, White Melamine",Furniture,South,112,8,900,1216,316
10/11/2014,Self-Adhesive Address Labels for Typewriters by Universal,Office Supplies,South,4,1,4,7,3
10/11/2014,Eldon Pizzaz Desk Accessories,Furniture,South,1,4,5,9,4
7/7/2017,O'Sullivan 3-Shelf Heavy-Duty Bookcases,Furniture,East,44,3,133,87,45
7/7/2017,Xerox 216,Office Supplies,East,3,3,10,16,5
7/7/2017,Apple iPhone 5S,Technology,East,399,2,798,684,114
7/7/2017,Plastic Stacking Crates & Casters,Office Supplies,East,4,3,12,13,1
7/7/2017,AmazonBasics 3-Button USB Wired Mouse,Technology,East,4,3,12,17,5
7/7/2017,Plantronics CS510 - Over-the-Head monaural Wireless Headset System,Technology,East,221,2,442,528,86
7/4/2016,"Master Caster Door Stop, Brown",Furniture,West,3,5,17,25,9
7/4/2016,Avaya 4621SW VoIP phone,Technology,West,53,3,158,177,20
7/4/2016,OtterBox Defender Series Case - Samsung Galaxy S4,Technology,West,21,3,63,72,9
5/19/2017,Jabra Supreme Plus Driver Edition Headset,Technology,Central,86,1,86,96,10
5/19/2017,Avery 491,Office Supplies,Central,2,4,9,13,4
10/12/2017,SanDisk Cruzer 64 GB USB Flash Drive,Technology,West,25,12,305,436,131
10/12/2017,Newell 343,Office Supplies,West,2,2,4,6,2
8/6/2016,Panasonic KX-TG6844B Expandable Digital Cordless Telephone,Technology,West,48,4,193,211,18
8/25/2014,"Eldon 200 Class Desk Accessories, Smoke",Furniture,West,4,1,4,6,3
8/25/2014,SanDisk Cruzer 32 GB USB Flash Drive,Technology,West,13,5,65,95,30
8/25/2014,Xerox 23,Office Supplies,West,3,4,13,26,12
8/25/2014,Portable Personal File Box,Office Supplies,West,9,4,36,49,13
9/14/2015,Wilson Jones Impact Binders,Office Supplies,Central,3,5,13,26,13
3/5/2017,Laser & Ink Jet Business Envelopes,Office Supplies,South,6,4,23,43,20
3/5/2017,Logitech G700s Rechargeable Gaming Mouse,Technology,South,58,3,174,300,126
3/5/2017,Kensington 7 Outlet MasterPiece HOMEOFFICE Power Control Center,Office Supplies,South,92,2,184,262,79
3/5/2017,Ibico Recycled Linen-Style Covers,Office Supplies,South,20,6,122,234,112
4/15/2017,Xerox 207,Office Supplies,Central,3,4,13,21,7
3/30/2014,"Sanford EarthWrite Recycled Pencils, Medium Soft, #2",Office Supplies,East,2,5,8,11,3
11/11/2014,"GE 4 Foot Flourescent Tube, 40 Watt",Furniture,East,8,2,16,24,8
11/11/2014,"Atlantic Metals Mobile 3-Shelf Bookcases, Custom Colors",Furniture,East,193,4,773,522,251
3/12/2016,"Tennsco Stur-D-Stor Boltless Shelving, 5 Shelves, 24"" Deep, Sand",Office Supplies,West,134,5,670,677,7
3/12/2016,Euro-Pro Shark Turbo Vacuum,Office Supplies,West,23,5,115,155,40
3/12/2016,Security-Tint Envelopes,Office Supplies,West,4,4,16,31,15
3/12/2016,Hon 4070 Series Pagoda Round Back Stacking Chairs,Furniture,West,231,3,693,770,77
2/9/2017,"Master Big Foot Doorstop, Beige",Furniture,West,4,4,15,21,7
11/11/2014,Mophie Juice Pack Helium for iPhone,Technology,West,58,9,518,576,58
11/11/2014,"Commercial WindTunnel Clean Air Upright Vacuum, Replacement Belts, Filtration Bags",Office Supplies,West,3,2,6,8,2
11/11/2014,Xerox 1979,Office Supplies,West,17,4,68,124,56
8/20/2017,Acme Kleencut Forged Steel Scissors,Office Supplies,West,4,3,12,17,5
8/20/2017,"Companion Letter/Legal File, Black",Office Supplies,West,27,6,163,227,63
8/20/2017,Plantronics Encore H101 Dual Earpieces Headset,Technology,West,32,3,97,108,11
1/15/2016,Xerox 1893,Office Supplies,East,21,2,42,82,40
7/20/2014,Xerox 189,Office Supplies,West,55,1,55,105,50
7/20/2014,Wilson Jones Custom Binder Spines & Labels,Office Supplies,West,3,2,6,9,3
7/20/2014,Xerox 1897,Office Supplies,West,3,4,10,20,10
7/20/2014,Nu-Dell Leatherette Frames,Furniture,West,9,3,28,43,15
2/6/2017,"Atlantic Metals Mobile 5-Shelf Bookcases, Custom Colors",Furniture,East,211,1,211,241,30
12/25/2015,Kensington 7 Outlet MasterPiece Power Center with Fax/Phone Line Protection,Office Supplies,East,145,2,290,415,124
10/8/2016,Fellowes Econo/Stor Drawers,Office Supplies,South,91,5,456,388,68
7/13/2017,Standard Rollaway File with Lock,Office Supplies,Central,133,2,267,360,94
7/13/2017,Strathmore Photo Mount Cards,Office Supplies,Central,4,2,7,14,6
4/24/2017,AT&T 841000 Phone,Technology,West,52,10,518,552,35
9/7/2014,KI Adjustable-Height Table,Furniture,Central,64,5,318,430,112
9/7/2014,Avery Recycled Flexi-View Covers for Binding Systems,Office Supplies,Central,8,2,17,32,15
9/7/2014,"Padded Folding Chairs, Black, 4/Carton",Furniture,Central,58,2,117,162,45
9/7/2014,Akro-Mils 12-Gallon Tote,Office Supplies,Central,7,2,14,20,6
11/21/2016,Xerox 1975,Office Supplies,East,3,2,7,13,6
9/16/2017,Xerox 1927,Office Supplies,East,2,6,14,21,6
7/19/2016,"Advantus Employee of the Month Certificate Frame, 11 x 13-1/2",Furniture,South,18,6,109,186,76
7/19/2016,"Premium Transparent Presentation Covers, No Pattern/Clear, 8 1/2"" x 11""",Office Supplies,South,21,2,42,78,36
7/19/2016,Rogers Deluxe File Chest,Office Supplies,South,22,4,87,88,1
7/19/2016,Xerox 1893,Office Supplies,South,21,6,125,246,121
7/19/2016,Avery Printable Repositionable Plastic Tabs,Office Supplies,South,5,1,5,9,4
7/19/2016,Hon 4-Shelf Metal Bookcases,Furniture,South,76,5,379,505,126
9/15/2017,GBC DocuBind 200 Manual Binding Machine,Office Supplies,West,210,7,1473,2357,884
9/15/2017,Panasonic KX-TG6844B Expandable Digital Cordless Telephone,Technology,West,48,7,337,370,32
9/15/2017,Global Deluxe Steno Chair,Furniture,West,69,3,206,185,21
12/11/2016,Acco Perma 4000 Stacking Storage Drawers,Office Supplies,East,14,5,69,65,4
12/11/2016,"Elite 5"" Scissors",Office Supplies,East,6,2,12,14,2
12/11/2016,"Office Star - Contemporary Task Swivel chair with Loop Arms, Charcoal",Furniture,East,119,5,596,458,138
12/11/2016,"Belkin 325VA UPS Surge Protector, 6'",Office Supplies,East,91,4,363,387,24
12/11/2016,"Lesro Round Back Collection Coffee Table, End Table",Furniture,East,159,3,476,329,148
12/10/2014,Office Star - Contemporary Swivel Chair with Padded Adjustable Arms and Flex Back,Furniture,West,111,3,334,338,4
12/10/2014,Xerox 1931,Office Supplies,West,3,4,13,26,12
12/10/2014,"Xerox Color Copier Paper, 11"" x 17"", Ream",Office Supplies,West,12,4,49,91,42
12/13/2014,"Electrix Incandescent Magnifying Lamp, Black",Furniture,West,27,3,80,88,8
12/13/2014,"Cardinal Slant-D Ring Binder, Heavy Gauge Vinyl",Office Supplies,West,5,2,9,5,4
9/21/2017,"Avery Trapezoid Ring Binder, 3"" Capacity, Black, 1040 sheets",Office Supplies,South,21,1,21,12,9
9/7/2017,"C-Line Magnetic Cubicle Keepers, Clear Polypropylene",Furniture,West,3,4,11,20,8
11/2/2015,"Global Armless Task Chair, Royal Blue",Furniture,East,51,2,101,110,9
12/11/2017,Plantronics MX500i Earset,Technology,East,42,3,125,129,4
4/1/2017,"Deflect-o DuraMat Lighweight, Studded, Beveled Mat for Low Pile Carpeting",Furniture,South,35,3,106,128,22
12/30/2015,Xerox 1929,Office Supplies,West,12,3,37,69,32
12/30/2015,2300 Heavy-Duty Transfer File Systems by Perma,Office Supplies,West,20,3,61,75,14
12/30/2015,Zebra GX420t Direct Thermal/Thermal Transfer Printer,Technology,West,377,6,2262,2549,287
12/30/2015,Tyvek Side-Opening Peel & Seel Expanding Envelopes,Office Supplies,West,50,3,149,271,122
12/30/2015,Cisco SPA 502G IP Phone,Technology,West,84,3,252,288,36
3/10/2016,Rediform Voice Mail Log Books,Office Supplies,West,2,5,8,15,7
3/10/2016,Apple iPhone 5,Technology,West,474,8,3795,4159,364
4/6/2014,Tenex B1-RE Series Chair Mats for Low Pile Carpets,Furniture,West,38,2,76,92,16
4/6/2014,C-Line Cubicle Keepers Polyproplyene Holder With Velcro Backings,Furniture,West,3,7,20,33,13
4/6/2014,Xerox 211,Office Supplies,West,3,3,10,19,9
4/6/2014,Xerox 194,Office Supplies,West,29,1,29,55,27
10/5/2014,Belkin F5C206VTEL 6 Outlet Surge,Office Supplies,East,16,5,80,92,11
8/13/2016,Staple holder,Office Supplies,South,6,2,13,17,5
8/13/2016,Sony 64GB Class 10 Micro SDHC R40 Memory Card,Technology,South,28,2,57,72,15
11/17/2014,"Redi-Strip #10 Envelopes, 4 1/8 x 9 1/2",Office Supplies,Central,2,3,5,7,2
4/24/2017,V7 USB Numeric Keypad,Technology,East,33,2,65,70,5
8/24/2017,Avanti 1.7 Cu. Ft. Refrigerator,Office Supplies,East,73,8,582,646,65
8/24/2017,Xerox 1966,Office Supplies,East,3,2,7,10,4
2/23/2017,Alliance Rubber Bands,Office Supplies,West,2,5,8,8,0
2/23/2017,invisibleSHIELD by ZAGG Smudge-Free Screen Protector,Technology,West,9,5,47,72,25
11/19/2016,Deluxe Chalkboard Eraser Cleaner,Office Supplies,South,6,2,12,18,6
11/14/2016,Newell 35,Office Supplies,West,2,3,7,10,3
7/6/2017,Global Comet Stacking Armless Chair,Furniture,South,215,1,215,239,24
12/25/2016,"Master Big Foot Doorstop, Beige",Furniture,East,4,4,15,21,7
4/23/2017,Fiskars Softgrip Scissors,Office Supplies,East,8,5,40,55,15
12/14/2015,"Master Caster Door Stop, Gray",Furniture,West,3,3,10,15,5
4/19/2015,"Fellowes Premier Superior Surge Suppressor, 10-Outlet, With Phone and Remote",Office Supplies,Central,36,2,72,20,53
4/19/2015,Fellowes PB300 Plastic Comb Binding Machine,Office Supplies,Central,206,4,823,310,512
9/4/2016,Coloredge Poster Frame,Furniture,South,9,3,26,43,17
9/4/2016,Poly Designer Cover & Back,Office Supplies,South,10,6,59,114,55
9/4/2016,Fellowes Neat Ideas Storage Cubes,Office Supplies,South,31,4,125,130,5
9/4/2016,Nontoxic Chalk,Office Supplies,South,1,3,3,5,3
9/24/2017,Wilson Electronics DB Pro Signal Booster,Technology,West,261,3,784,859,75
9/24/2017,Socket Bluetooth Cordless Hand Scanner (CHS),Technology,West,110,3,329,506,177
2/4/2016,Nu-Dell Float Frame 11 x 14 1/2,Furniture,West,5,2,10,14,4
5/19/2017,Office Star - Mesh Screen back chair with Vinyl seat,Furniture,South,117,3,350,314,35
5/19/2017,Xerox 1949,Office Supplies,South,3,7,18,28,10
9/3/2015,"GE 48"" Fluorescent Tube, Cool White Energy Saver, 34 Watts, 30/Box",Furniture,West,50,3,149,238,89
6/9/2016,"Bush Cubix Conference Tables, Fully Assembled",Furniture,Central,173,3,520,693,173
11/7/2015,Avery Hanging File Binders,Office Supplies,South,3,9,29,16,13
11/7/2015,GBC DocuBind TL300 Electric Binding System,Office Supplies,South,475,5,2377,1345,1032
6/15/2016,Xerox 19,Office Supplies,Central,17,7,119,173,54
4/25/2015,Newell 324,Office Supplies,Central,8,5,42,58,16
4/25/2015,Belkin 5 Outlet SurgeMaster Power Centers,Office Supplies,Central,39,5,196,272,76
9/23/2016,Xerox 1970,Office Supplies,East,3,3,8,12,4
9/23/2016,"Eldon 400 Class Desk Accessories, Black Carbon",Furniture,East,5,4,20,28,8
9/23/2016,Fellowes Black Plastic Comb Bindings,Office Supplies,East,3,7,22,12,10
8/18/2016,GBC Wire Binding Combs,Office Supplies,Central,5,1,5,2,3
8/18/2016,Advantus Motivational Note Cards,Office Supplies,Central,7,8,53,84,30
3/2/2014,Staple envelope,Office Supplies,East,3,2,6,11,5
3/2/2014,"Array Parchment Paper, Assorted Colors",Office Supplies,East,4,5,19,36,17
12/30/2014,"Maxell Pro 80 Minute CD-R, 10/Pack",Technology,East,10,2,21,28,7
4/10/2015,Steel Personal Filing/Posting Tote,Office Supplies,East,26,4,104,142,38
4/10/2015,Faber Castell Col-Erase Pencils,Office Supplies,East,3,3,9,15,6
12/25/2015,Brother DCP1000 Digital 3 in 1 Multifunction Machine,Technology,West,195,5,975,1200,225
12/25/2015,"Important Message Pads, 50 4-1/4 x 5-1/2 Forms per Pad",Office Supplies,West,2,3,6,13,6
12/25/2015,Great White Multi-Use Recycled Paper (20Lb. and 84 Bright),Office Supplies,West,3,3,10,18,8
4/5/2015,Avery 499,Office Supplies,East,3,6,16,24,8
1/17/2015,"Acme Hot Forged Carbon Steel Scissors with Nickel-Plated Handles, 3 7/8"" Cut, 8""L",Office Supplies,South,10,8,79,89,10
5/20/2017,"Global Geo Office Task Chair, Gray",Furniture,West,77,8,615,518,97
5/20/2017,G.E. Halogen Desk Lamp Bulbs,Furniture,West,4,1,4,7,3
5/20/2017,Okidata B400 Printer,Technology,West,305,1,305,343,39
8/13/2017,Avery 486,Office Supplies,East,4,3,12,18,6
12/31/2015,Fellowes Stor/Drawer Steel Plus Storage Drawers,Office Supplies,Central,90,2,179,153,27
12/31/2015,Stockwell Push Pins,Office Supplies,Central,1,2,3,3,1
12/31/2015,Staple remover,Office Supplies,Central,4,2,7,6,1
12/25/2017,GBC DocuBind P50 Personal Binding Machine,Office Supplies,West,34,3,102,154,52
12/25/2017,"Tennsco Stur-D-Stor Boltless Shelving, 5 Shelves, 24"" Deep, Sand",Office Supplies,West,134,2,268,271,3
9/1/2016,Enermax Aurora Lite Keyboard,Technology,East,44,6,263,469,206
9/1/2016,Memorex Mini Travel Drive 64 GB USB 2.0 Flash Drive,Technology,East,21,2,42,72,30
9/1/2016,Acme Value Line Scissors,Office Supplies,East,3,3,8,11,3
9/1/2016,"Howard Miller 14-1/2"" Diameter Chrome Round Wall Clock",Furniture,East,43,3,130,192,61
8/5/2017,"Tennsco Lockers, Sand",Office Supplies,Central,16,9,144,151,8
2/18/2014,"DAX Copper Panel Document Frame, 5 x 7 Size",Furniture,Central,7,5,36,25,11
11/22/2016,Wilson Jones Impact Binders,Office Supplies,Central,3,6,16,6,10
11/22/2016,Newell 348,Office Supplies,Central,2,9,21,24,3
11/22/2016,KeyTronic KT800P2 - Keyboard - Black,Technology,Central,12,2,25,24,1
11/22/2016,Avery 494,Office Supplies,Central,1,1,1,2,1
11/22/2016,Accohide Poly Flexible Ring Binders,Office Supplies,Central,2,6,11,4,7
12/14/2015,Staple-based wall hangings,Furniture,West,5,3,16,29,13
6/13/2015,Xerox 202,Office Supplies,South,3,1,3,6,3
12/28/2017,Avery Reinforcements for Hole-Punch Pages,Office Supplies,West,1,2,2,1,1
9/20/2017,Hon Valutask Swivel Chairs,Furniture,East,85,3,254,273,18
9/20/2017,"Logitech Wireless Boombox Speaker - portable - wireless, wired",Technology,East,59,2,117,213,96
9/20/2017,"TOPS ""Important Message"" Pads, Canary, 4-1/4 x 5-1/2, 50 Sheets per Pad",Office Supplies,East,2,9,20,39,18
9/20/2017,SanDisk Cruzer 64 GB USB Flash Drive,Technology,East,25,2,51,73,22
9/20/2017,"SimpliFile Personal File, Black Granite, 15w x 6-15/16d x 11-1/4h",Office Supplies,East,8,4,33,45,13
9/20/2017,"Adams Phone Message Book, 200 Message Capacity, 8 1/16” x 11”",Office Supplies,East,4,2,7,14,6
9/20/2017,"Global Leather Task Chair, Black",Furniture,East,73,1,73,81,8
9/20/2017,"Pressboard Covers with Storage Hooks, 9 1/2"" x 11"", Light Blue",Office Supplies,East,3,3,8,12,4
9/20/2017,Advantus Push Pins,Office Supplies,East,1,2,3,4,2
9/20/2017,Hon 4070 Series Pagoda Armless Upholstered Stacking Chairs,Furniture,East,207,11,2278,2888,610
9/20/2017,Apple iPhone 5,Technology,East,474,2,949,1300,351
9/20/2017,Global Troy Executive Leather Low-Back Tilter,Furniture,East,376,5,1879,2254,376
9/20/2017,Plantronics Cordless Phone Headset with In-line Volume - M214C,Technology,East,26,3,77,105,28
9/20/2017,Logitech LS21 Speaker System - PC Multimedia - 2.1-CH - Wired,Technology,East,13,3,40,60,20
8/22/2017,Bevis Boat-Shaped Conference Table,Furniture,East,199,2,398,315,84
6/18/2015,"Dixon Prang Watercolor Pencils, 10-Color Set with Brush",Office Supplies,South,3,4,10,14,4
12/20/2014,Belkin Premiere Surge Master II 8-outlet surge protector,Office Supplies,Central,34,2,69,19,50
12/20/2014,Logitech Desktop MK120 Mouse and keyboard Combo,Technology,Central,15,5,74,65,8
9/11/2016,Smead Alpha-Z Color-Coded Name Labels First Letter Starter Set,Office Supplies,Central,2,2,4,6,2
9/11/2016,Insertable Tab Indexes For Data Binders,Office Supplies,Central,2,3,5,2,3
11/12/2016,"Global Leather and Oak Executive Chair, Black",Furniture,East,214,7,1496,1475,21
11/12/2016,"Holmes Replacement Filter for HEPA Air Cleaner, Very Large Room, HEPA Filter",Office Supplies,East,39,2,77,110,33
11/12/2016,OIC Bulk Pack Metal Binder Clips,Office Supplies,East,2,6,11,17,5
11/12/2016,"Hon Deluxe Fabric Upholstered Stacking Chairs, Rounded Back",Furniture,East,171,9,1537,1537,0
11/12/2016,Hon 4070 Series Pagoda Round Back Stacking Chairs,Furniture,East,231,2,462,449,13
3/14/2016,Wilson Jones Leather-Like Binders with DublLock Round Rings,Office Supplies,West,5,6,28,42,14
11/13/2016,Xiaomi Mi3,Technology,East,422,4,1687,2280,593
11/13/2016,Avery 499,Office Supplies,East,3,3,8,15,7
9/19/2017,Mophie Juice Pack Helium for iPhone,Technology,West,58,3,173,192,19
9/19/2017,Peel-Off China Markers,Office Supplies,West,6,3,17,24,7
9/19/2017,"Howard Miller 14-1/2"" Diameter Chrome Round Wall Clock",Furniture,West,43,8,348,409,61
9/19/2017,O'Sullivan 4-Shelf Bookcase in Odessa Pine,Furniture,West,100,2,201,73,128
12/4/2017,Advantus Rolling Drawer Organizers,Office Supplies,Central,28,2,57,62,5
8/31/2015,"Message Book, Phone, Wirebound Standard Line Memo, 2 3/4"" X 5""",Office Supplies,Central,4,4,14,21,7
6/3/2017,Kingston Digital DataTraveler 16GB USB 2.0,Technology,West,7,5,36,45,9
6/3/2017,Xerox 1947,Office Supplies,West,3,2,7,12,5
6/3/2017,UniKeep View Case Binders,Office Supplies,West,3,1,3,4,1
3/31/2016,"Global Value Steno Chair, Gray",Furniture,East,46,6,273,328,55
10/25/2014,GBC VeloBind Cover Sets,Office Supplies,West,8,4,31,49,19
3/26/2017,Memorex Froggy Flash Drive 8 GB,Technology,South,11,3,32,53,21
3/26/2017,Staples,Office Supplies,South,1,2,2,4,1
12/27/2014,"Global Push Button Manager's Chair, Indigo",Furniture,East,43,14,605,767,162
9/15/2017,Xerox 1893,Office Supplies,South,21,5,105,164,59
8/16/2016,"Barricks 18"" x 48"" Non-Folding Utility Table with Bottom Storage Shelf",Furniture,West,75,2,149,161,12
11/4/2016,Boston Heavy-Duty Trimline Electric Pencil Sharpeners,Office Supplies,West,34,4,137,193,56
10/18/2015,"Verbatim Slim CD and DVD Storage Cases, 50/Pack",Technology,Central,8,3,24,28,3
10/18/2015,Tripp Lite Isotel 6 Outlet Surge Protector with Fax/Modem Protection,Office Supplies,Central,43,6,260,73,187
10/31/2016,Xerox 1898,Office Supplies,South,3,6,21,32,11
3/30/2014,O'Sullivan Living Dimensions 2-Shelf Bookcases,Furniture,West,109,2,218,206,12
4/18/2015,Advantus Rolling Drawer Organizers,Office Supplies,West,28,3,85,115,30
7/9/2017,Xerox 1914,Office Supplies,East,28,5,140,275,135
7/9/2017,Tennsco Industrial Shelving,Office Supplies,East,48,4,192,196,4
7/9/2017,Digium D40 VoIP phone,Technology,East,92,2,183,258,75
7/9/2017,Prismacolor Color Pencil Set,Office Supplies,East,12,6,70,119,49
6/27/2017,"Wirebound Message Books, Four 2 3/4 x 5 White Forms per Page",Office Supplies,Central,4,3,11,20,9
12/22/2014,Newell 332,Office Supplies,West,2,4,9,12,3
11/21/2017,Newell 332,Office Supplies,West,2,4,9,12,3
11/21/2017,Canvas Sectional Post Binders,Office Supplies,West,13,2,26,41,15
6/27/2016,Ooma Telo VoIP Home Phone System,Technology,West,94,2,189,202,13
12/28/2017,Novimex Turbo Task Chair,Furniture,West,62,6,375,341,34
4/8/2016,"Hon Metal Bookcases, Black",Furniture,South,53,5,266,355,89
3/18/2014,"Bush Heritage Pine Collection 5-Shelf Bookcase, Albany Pine Finish, *Special Order",Furniture,West,113,10,1128,1198,70
7/3/2017,Rogers Deluxe File Chest,Office Supplies,West,22,4,87,88,1
4/20/2017,"Computer Room Manger, 14""",Furniture,East,21,2,42,52,10
4/20/2017,"Sortfiler Multipurpose Personal File Organizer, Black",Office Supplies,East,15,3,46,51,6
4/20/2017,Deluxe Rollaway Locking File with Drawer,Office Supplies,East,299,1,299,333,33
4/20/2017,"Executive Impressions 12"" Wall Clock",Furniture,East,11,3,33,42,10
8/3/2016,"Tyvek  Top-Opening Peel & Seel Envelopes, Plain White",Office Supplies,Central,14,3,43,82,38
8/3/2016,Sony Micro Vault Click 4 GB USB 2.0 Flash Drive,Technology,Central,12,12,144,167,23
12/3/2016,Fellowes Staxonsteel Drawer Files,Office Supplies,West,166,4,665,773,108
3/19/2014,Cisco 8x8 Inc. 6753i IP Business Phone System,Technology,South,99,3,296,324,28
3/19/2014,Avery 501,Office Supplies,South,2,4,8,12,4
3/19/2014,Crate-A-Files,Office Supplies,South,8,3,24,26,2
3/19/2014,"Avery Flip-Chart Easel Binder, Black",Office Supplies,South,12,5,59,34,26
3/19/2014,Eldon Wave Desk Accessories,Furniture,South,1,3,4,5,1
3/19/2014,Document Clip Frames,Furniture,South,5,3,15,20,6
3/19/2014,"Logitech Wireless Boombox Speaker - portable - wireless, wired",Technology,South,59,2,117,170,53
4/20/2015,Xerox 1916,Office Supplies,Central,24,3,73,117,44
9/19/2015,Personal Creations Ink Jet Cards and Labels,Office Supplies,West,6,2,12,23,11
8/27/2014,Xerox 1898,Office Supplies,South,3,2,7,13,6
12/19/2016,"GBC Laser Imprintable Binding System Covers, Desert Sand",Office Supplies,East,8,3,23,34,12
12/19/2016,Newell 326,Office Supplies,East,1,2,2,4,1
8/2/2014,Wilson Jones 14 Line Acrylic Coated Pressboard Data Binders,Office Supplies,Central,3,5,14,27,13
8/2/2014,Memorex Micro Travel Drive 4 GB,Technology,Central,6,2,12,21,9
8/2/2014,Smead Adjustable Mobile File Trolley with Lockable Top,Office Supplies,Central,306,2,612,838,226
9/21/2015,Global Comet Stacking Arm Chair,Furniture,South,317,4,1268,1690,423
9/21/2015,Recycled Eldon Regeneration Jumbo File,Office Supplies,South,9,7,62,86,24
9/21/2015,"Tyvek Interoffice Envelopes, 9 1/2"" x 12 1/2"", 100/Box",Office Supplies,South,32,2,65,122,57
9/21/2015,Xerox 193,Office Supplies,South,3,4,12,24,12
9/21/2015,Fellowes Bankers Box Stor/Drawer Steel Plus,Office Supplies,South,29,2,58,64,6
9/21/2015,HTC One Mini,Technology,South,91,5,454,630,176
9/21/2015,Grandstream GXP1160 VoIP phone,Technology,South,27,3,81,114,33
9/21/2015,"Angle-D Binders with Locking Rings, Label Holders",Office Supplies,South,4,2,8,15,7
9/21/2015,"Stur-D-Stor Shelving, Vertical 5-Shelf: 72""H x 36""W x 18 1/2""D",Office Supplies,South,109,8,870,888,18
12/11/2016,"Global Fabric Manager's Chair, Dark Gray",Furniture,West,76,5,379,404,25
8/7/2015,Stanley Contemporary Battery Pencil Sharpeners,Office Supplies,East,10,10,96,107,11
11/15/2015,Eldon Mobile Mega Data Cart  Mega Stackable  Add-On Trays,Office Supplies,East,17,3,50,71,21
11/15/2015,Cardinal Holdit Data Disk Pockets,Office Supplies,East,4,6,23,35,12
11/15/2015,Newell 319,Office Supplies,East,14,6,83,119,36
4/4/2017,Cisco SPA 502G IP Phone,Technology,Central,84,4,336,384,48
12/24/2016,Luxo Adjustable Task Clamp Lamp,Furniture,East,66,9,592,800,208
12/13/2017,Sterilite Officeware Hinged File Box,Office Supplies,West,8,3,23,31,8
12/22/2017,Xerox 1931,Office Supplies,Central,3,5,17,26,9
12/22/2017,"Cardinal HOLDit! Binder Insert Strips,Extra Strips",Office Supplies,Central,3,5,16,6,10
12/22/2017,Xerox 1887,Office Supplies,Central,10,5,49,76,27
10/21/2017,Mitel MiVoice 5330e IP Phone,Technology,East,203,2,407,330,77
10/21/2017,Acco Perma 2700 Stacking Storage Drawers,Office Supplies,East,25,3,76,71,4
11/13/2015,"Black Print Carbonless Snap-Off Rapid Letter, 8 1/2"" x 7""",Office Supplies,Central,5,7,35,64,29
11/13/2015,Spigen Samsung Galaxy S5 Case Wallet,Technology,Central,13,3,38,51,13
11/13/2015,Xerox 1910,Office Supplies,Central,25,2,50,96,46
4/16/2015,Canon PC940 Copier,Technology,Central,238,4,954,1440,486
4/16/2015,Logitech Keyboard K120,Technology,Central,16,3,48,44,5
12/16/2016,Office Star - Contemporary Swivel Chair with Padded Adjustable Arms and Flex Back,Furniture,West,111,5,557,564,7
10/21/2016,Panasonic KX TS208W Corded phone,Technology,East,35,8,282,235,47
12/1/2017,Magna Visual Magnetic Picture Hangers,Furniture,East,3,2,6,8,2
10/20/2016,"Black Print Carbonless Snap-Off Rapid Letter, 8 1/2"" x 7""",Office Supplies,Central,5,7,35,51,16
10/20/2016,Staples,Office Supplies,Central,4,4,17,25,8
10/20/2016,Office Star - Ergonomically Designed Knee Chair,Furniture,Central,71,1,71,57,15
9/29/2017,Fellowes Bankers Box Stor/Drawer Steel Plus,Office Supplies,East,29,2,58,51,6
8/18/2017,Fellowes PB300 Plastic Comb Binding Machine,Office Supplies,West,206,9,1851,2794,943
8/18/2017,Letter Size Cart,Office Supplies,West,101,7,710,1000,290
8/18/2017,"Contract Clock, 14"", Brown",Furniture,West,15,3,44,66,22
11/12/2017,Staples,Office Supplies,West,3,3,9,18,9
11/12/2017,Fellowes Superior 10 Outlet Split Surge Protector,Office Supplies,West,27,2,54,76,22
10/11/2014,"#10- 4 1/8"" x 9 1/2"" Security-Tint Envelopes",Office Supplies,West,4,1,4,8,4
11/28/2015,"Executive Impressions 14"" Two-Color Numerals Wall Clock",Furniture,East,13,3,40,68,28
11/28/2015,Staple envelope,Office Supplies,East,4,8,33,62,29
7/27/2015,Mediabridge Sport Armband iPhone 5s,Technology,South,10,3,30,30,0
10/20/2016,"iKross Bluetooth Portable Keyboard + Cell Phone Stand Holder + Brush for Apple iPhone 5S 5C 5, 4S 4",Technology,Central,15,6,91,126,35
10/20/2016,Pyle PMP37LED,Technology,Central,70,2,140,192,52
10/20/2016,Woodgrain Magazine Files by Perma,Office Supplies,Central,3,7,19,21,1
9/14/2017,Avery 48,Office Supplies,West,3,9,31,57,26
12/23/2017,"Executive Impressions 14"" Two-Color Numerals Wall Clock",Furniture,South,13,4,54,73,19
12/23/2017,Pencil and Crayon Sharpener,Office Supplies,South,2,7,11,12,1
12/23/2017,Safco Industrial Wire Shelving System,Office Supplies,South,91,3,273,218,55
10/5/2015,"Bush Cubix Collection Bookcases, Fully Assembled",Furniture,West,170,1,170,66,104
10/5/2015,Global Highback Leather Tilter in Burgundy,Furniture,West,76,4,306,291,15
11/2/2014,"Logitech B530 USB Headset - headset - Full size, Binaural",Technology,Central,27,3,81,89,8
1/22/2016,Panasonic Kx-TS550,Technology,East,33,4,131,110,20
1/22/2016,"Verbatim 25 GB 6x Blu-ray Single Layer Recordable Disc, 25/Pack",Technology,East,13,3,39,55,16
7/11/2017,Staples in misc. colors,Office Supplies,Central,5,4,18,30,12
9/11/2017,Office Star - Contemporary Task Swivel Chair,Furniture,West,84,2,169,178,9
9/11/2017,Xerox 225,Office Supplies,West,3,3,10,19,9
9/11/2017,Xerox 1894,Office Supplies,West,3,11,37,71,34
9/11/2017,Ibico Ibimaster 300 Manual Binding System,Office Supplies,West,202,5,1012,1472,460
9/11/2017,iOttie XL Car Mount,Technology,West,20,5,98,80,18
2/23/2016,"Recycled Interoffice Envelopes with String and Button Closure, 10 x 13",Office Supplies,East,12,3,36,58,22
1/22/2016,Wilson Jones data.warehouse D-Ring Binders with DublLock,Office Supplies,East,4,4,17,26,9
12/12/2015,Eldon Cleatmat Chair Mats for Medium Pile Carpets,Furniture,West,48,3,145,167,22
12/12/2015,Standard Rollaway File with Lock,Office Supplies,West,133,2,267,360,94
10/29/2016,"XtraLife ClearVue Slant-D Ring Binder, White, 3""",Office Supplies,West,8,1,8,12,4
5/28/2017,"Advantus Employee of the Month Certificate Frame, 11 x 13-1/2",Furniture,East,18,8,146,247,101
12/21/2014,Ibico Plastic Spiral Binding Combs,Office Supplies,South,16,2,33,18,15
11/24/2016,"Elite 5"" Scissors",Office Supplies,West,6,3,18,25,8
11/20/2015,Newell 334,Office Supplies,West,15,6,88,119,31
11/20/2015,"Eldon Expressions Wood Desk Accessories, Oak",Furniture,West,5,3,16,22,6
11/20/2015,AmazonBasics 3-Button USB Wired Mouse,Technology,West,4,2,8,14,6
5/29/2017,Satellite Sectional Post Binders,Office Supplies,Central,23,1,23,43,20
5/29/2017,Eldon Wave Desk Accessories,Furniture,Central,1,3,4,6,3
5/29/2017,Hoover Commercial Lightweight Upright Vacuum with E-Z Empty Dirt Cup,Office Supplies,Central,172,2,344,465,121
5/29/2017,"Adams Telephone Message Book w/Frequently-Called Numbers Space, 400 Messages per Book",Office Supplies,Central,4,1,4,8,4
12/2/2014,Staple holder,Office Supplies,Central,9,1,9,2,6
4/7/2014,Xerox 226,Office Supplies,South,3,9,30,58,28
4/7/2014,RCA Visys Integrated PBX 8-Line Router,Technology,South,50,3,151,201,50
9/8/2015,Acrylic Self-Standing Desk Frames,Furniture,South,2,8,13,21,8
9/9/2017,Avery 511,Office Supplies,Central,2,4,6,10,3
9/6/2015,GBC Plasticlear Binding Covers,Office Supplies,South,6,1,6,3,3
11/2/2017,Premier Automatic Letter Opener,Office Supplies,East,233,2,466,385,82
3/28/2015,Security-Tint Envelopes,Office Supplies,East,4,3,12,23,11
8/13/2015,Avery Round Ring Poly Binders,Office Supplies,Central,1,4,6,11,6
5/12/2015,Prestige Round Ring Binders,Office Supplies,West,3,3,10,15,5
7/23/2017,"Avery Address/Shipping Labels for Typewriters, 4"" x 2""",Office Supplies,East,5,4,22,41,20
9/24/2016,GBC ProClick 150 Presentation Binding System,Office Supplies,Central,167,7,1172,442,730
5/5/2017,Ibico Covers for Plastic or Wire Binding Elements,Office Supplies,South,6,3,19,35,16
10/6/2016,Avery Binding System Hidden Tab Executive Style Index Sets,Office Supplies,Central,3,5,14,29,14
11/3/2014,"Ampad Evidence Wirebond Steno Books, 6"" x 9""",Office Supplies,South,1,2,2,3,1
11/3/2014,Xerox 1884,Office Supplies,South,11,9,95,144,49
10/1/2015,Cisco SPA301,Technology,East,109,2,218,312,94
10/1/2015,Avery Non-Stick Binders,Office Supplies,East,2,5,12,22,10
12/2/2017,Anker Astro 15000mAh USB Portable Charger,Technology,West,48,1,48,40,8
12/2/2017,Office Star - Mid Back Dual function Ergonomic High Back Chair with 2-Way Adjustable Arms,Furniture,West,124,9,1116,1159,43
12/2/2017,Panasonic KP-380BK Classic Electric Pencil Sharpener,Office Supplies,West,27,5,135,180,45
12/11/2017,Enermax Briskie RF Wireless Keyboard and Mouse Combo,Technology,Central,13,7,93,116,23
7/17/2016,Eldon Image Series Black Desk Accessories,Furniture,West,3,3,8,12,4
7/17/2016,First Data TMFD35 PIN Pad,Technology,West,113,3,338,428,90
7/17/2016,"Eldon 300 Class Desk Accessories, Black",Furniture,West,3,5,14,25,11
7/17/2016,Round Specialty Laser Printer Labels,Office Supplies,West,7,7,46,88,41
7/17/2016,Home/Office Personal File Carts,Office Supplies,West,26,2,52,70,17
7/17/2016,Cyber Acoustics AC-202b Speech Recognition Stereo Headset,Technology,West,13,2,25,21,5
7/17/2016,"Pressboard Data Binder, Crimson, 12"" X 8 1/2""",Office Supplies,West,3,3,9,13,4
5/12/2017,Avery 501,Office Supplies,East,2,2,4,6,2
11/20/2015,Ultra Commercial Grade Dual Valve Door Closer,Furniture,East,27,2,54,64,10
11/20/2015,"Belkin 19"" Center-Weighted Shelf, Gray",Office Supplies,East,56,3,168,142,27
9/24/2016,"Tyvek Interoffice Envelopes, 9 1/2"" x 12 1/2"", 100/Box",Office Supplies,West,32,5,162,305,143
9/24/2016,Hon Olson Stacker Stools,Furniture,West,101,5,507,563,56
10/21/2016,"Chromcraft Bull-Nose Wood 48"" x 96"" Rectangular Conference Tables",Furniture,East,446,2,893,661,231
10/24/2016,Apple iPhone 5C,Technology,South,74,3,222,240,18
7/8/2014,Hon 2111 Invitation Series Corner Table,Furniture,West,197,3,590,502,88
7/8/2014,"Wilson Jones Ledger-Size, Piano-Hinge Binder, 2"", Blue",Office Supplies,West,21,6,128,197,69
3/13/2015,Global Deluxe High-Back Manager's Chair,Furniture,West,203,4,812,915,103
3/13/2015,Dana Halogen Swing-Arm Architect Lamp,Furniture,West,29,8,236,328,92
12/2/2017,Office Star - Professional Matrix Back Chair with 2-to-1 Synchro Tilt and Mesh Fabric Seat,Furniture,South,267,2,533,702,168
4/22/2015,"Logitech B530 USB Headset - headset - Full size, Binaural",Technology,West,27,3,81,89,8
4/22/2015,Boston 1730 StandUp Electric Pencil Sharpener,Office Supplies,West,16,3,47,64,17
9/16/2014,"Avery Trapezoid Extra Heavy Duty 4"" Binders",Office Supplies,East,21,1,21,34,13
12/28/2014,Hoover Upright Vacuum With Dirt Cup,Office Supplies,East,206,6,1233,1737,504
12/28/2014,"Fellowes Strictly Business Drawer File, Letter/Legal Size",Office Supplies,East,124,5,620,704,85
12/28/2014,Xerox 1906,Office Supplies,East,19,4,75,142,67
10/21/2014,Plastic Binding Combs,Office Supplies,West,8,3,24,36,12
11/30/2017,Contemporary Borderless Frame,Furniture,West,5,3,16,26,10
6/6/2014,"Avery Trapezoid Ring Binder, 3"" Capacity, Black, 1040 sheets",Office Supplies,Central,21,3,63,25,38
6/6/2014,"#10- 4 1/8"" x 9 1/2"" Recycled Envelopes",Office Supplies,Central,5,2,9,14,5
11/23/2017,Panasonic KX TS208W Corded phone,Technology,Central,35,5,176,196,20
6/18/2017,Xerox 1925,Office Supplies,Central,17,3,51,74,23
5/5/2017,Xerox 1923,Office Supplies,East,3,1,3,7,3
11/4/2016,Serrated Blade or Curved Handle Hand Letter Openers,Office Supplies,West,3,7,22,18,4
11/4/2016,"Office Star - Contemporary Task Swivel chair with Loop Arms, Charcoal",Furniture,West,119,1,119,105,14
11/4/2016,Southworth 25% Cotton Premium Laser Paper and Envelopes,Office Supplies,West,10,3,31,48,17
11/4/2016,Global Enterprise Series Seating High-Back Swivel/Tilt Chairs,Furniture,West,249,3,748,650,98
11/4/2016,"Dot Matrix Printer Tape Reel Labels, White, 5000/Box",Office Supplies,West,50,8,401,629,228
11/4/2016,Xerox 1887,Office Supplies,West,10,1,10,15,5
9/11/2014,"Deflect-o DuraMat Lighweight, Studded, Beveled Mat for Low Pile Carpeting",Furniture,West,35,3,106,128,22
2/16/2017,Fellowes Staxonsteel Drawer Files,Office Supplies,East,166,3,498,580,81
2/16/2017,"Belkin SportFit Armband For iPhone 5s/5c, Fuchsia",Technology,East,8,1,8,15,7
11/24/2014,"Hunt PowerHouse Electric Pencil Sharpener, Blue",Office Supplies,Central,27,4,106,152,46
11/24/2014,"Dot Matrix Printer Tape Reel Labels, White, 5000/Box",Office Supplies,Central,50,2,100,197,96
11/24/2014,Xerox 1885,Office Supplies,Central,25,3,75,144,69
11/24/2014,"Adams Telephone Message Book w/Frequently-Called Numbers Space, 400 Messages per Book",Office Supplies,Central,4,2,8,16,8
11/25/2017,PayAnywhere Card Reader,Technology,West,7,5,36,40,3
11/25/2017,"Adams Telephone Message Book W/Dividers/Space For Phone Numbers, 5 1/4""X8 1/2"", 200/Messages",Office Supplies,West,3,6,19,34,15
9/28/2017,Xerox 220,Office Supplies,South,3,2,7,10,4
10/13/2014,Recycled Pressboard Report Cover with Reinforced Top Hinge,Office Supplies,East,2,3,5,8,3
6/3/2014,Security-Tint Envelopes,Office Supplies,Central,4,2,8,15,7
6/17/2014,Texas Instruments TI-34 Scientific Calculator,Technology,East,12,3,35,66,31
10/29/2015,Xerox 1898,Office Supplies,West,3,5,17,33,16
10/29/2015,"Strathmore #10 Envelopes, Ultimate White",Office Supplies,West,27,4,108,211,103
1/20/2014,Eldon Fold 'N Roll Cart System,Office Supplies,Central,10,1,10,14,4
1/20/2014,Eldon ClusterMat Chair Mat with Cordless Antistatic Protection,Furniture,Central,81,3,243,273,30
1/20/2014,"Acco Pressboard Covers with Storage Hooks, 9 1/2"" x 11"", Executive Red",Office Supplies,Central,2,5,10,19,9
1/20/2014,"Holmes Replacement Filter for HEPA Air Cleaner, Very Large Room, HEPA Filter",Office Supplies,Central,39,4,154,248,94
1/20/2014,Fellowes Bases and Tops For Staxonsteel/High-Stak Systems,Office Supplies,Central,25,2,51,67,16
1/20/2014,Panasonic KP-4ABK Battery-Operated Pencil Sharpener,Office Supplies,Central,10,3,31,44,13
1/20/2014,Ultra Door Push Plate,Furniture,Central,3,3,10,15,5
1/20/2014,Storex Dura Pro Binders,Office Supplies,Central,3,5,16,30,13
7/11/2014,Xerox 1881,Office Supplies,East,7,4,26,49,23
7/11/2014,Newell 3-Hole Punched Plastic Slotted Magazine Holders for Binders,Office Supplies,East,2,5,12,18,6
8/30/2016,"Executive Impressions 10"" Spectator Wall Clock",Furniture,West,8,4,31,47,16
8/30/2016,Panasonic KX TS3282W Corded phone,Technology,West,59,5,297,340,42
10/5/2017,Samsung HM1900 Bluetooth Headset,Technology,East,11,4,44,88,44
10/5/2017,"Global High-Back Leather Tilter, Burgundy",Furniture,East,109,2,219,221,2
10/5/2017,"3D Systems Cube Printer, 2nd Generation, Magenta",Technology,East,962,4,3848,5200,1352
12/31/2016,Tennsco Industrial Shelving,Office Supplies,East,48,4,192,157,35
3/7/2015,Microsoft Sculpt Comfort Mouse,Technology,East,22,3,67,120,53
3/7/2015,"GBC Twin Loop Wire Binding Elements, 9/16"" Spine, Black",Office Supplies,East,8,2,16,30,15
3/7/2015,Wilson Jones Heavy-Duty Casebound Ring Binders with Metal Hinges,Office Supplies,East,18,2,36,69,33
3/7/2015,LG G3,Technology,East,139,3,417,588,171
10/20/2017,Avery 478,Office Supplies,East,3,5,13,25,12
5/1/2015,"GBC Twin Loop Wire Binding Elements, 9/16"" Spine, Black",Office Supplies,West,8,1,8,12,4
5/1/2015,Eldon Simplefile Box Office,Office Supplies,West,9,3,27,37,10
5/1/2015,"Acme 10"" Easy Grip Assistive Scissors",Office Supplies,West,12,2,25,35,11
9/3/2017,Eldon Advantage Foldable Chair Mats for Low Pile Carpets,Furniture,Central,43,5,214,108,106
11/3/2017,Polycom SoundPoint IP 450 VoIP phone,Technology,South,167,2,334,361,27
9/13/2015,"Fellowes Twister Kit, Gray/Clear, 3/pkg",Office Supplies,East,4,1,4,2,2
9/6/2015,Black & Decker Filter for Double Action Dustbuster Cordless Vac BLDV7210,Office Supplies,East,6,1,6,8,2
9/6/2015,ShoreTel ShorePhone IP 230 VoIP phone,Technology,East,118,2,237,338,101
10/6/2014,"Tennsco Lockers, Gray",Office Supplies,East,20,5,98,84,14
1/23/2017,Pressboard Hanging Data Binders for Unburst Sheets,Office Supplies,West,3,5,13,20,7
1/23/2017,Xerox 212,Office Supplies,West,3,4,13,26,12
1/23/2017,Xerox 192,Office Supplies,West,3,1,3,6,3
1/23/2017,Griffin GC17055 Auxiliary Audio Cable,Technology,West,13,6,78,86,9
12/10/2015,"Boston Electric Pencil Sharpener, Model 1818, Charcoal Black",Office Supplies,West,20,2,41,56,16
11/25/2014,Dixon Ticonderoga Core-Lock Colored Pencils,Office Supplies,West,6,7,43,51,8
11/21/2017,Vinyl Sectional Post Binders,Office Supplies,West,19,5,94,151,57
11/21/2017,"3D Systems Cube Printer, 2nd Generation, White",Technology,West,936,1,936,1040,104
11/21/2017,Xerox 209,Office Supplies,West,3,8,27,52,25
4/4/2017,Panasonic KX - TS880B Telephone,Technology,East,30,1,30,41,11
4/4/2017,Premier Automatic Letter Opener,Office Supplies,East,233,1,233,240,7
4/4/2017,LG Electronics Tone+ HBS-730 Bluetooth Headset,Technology,East,43,2,86,119,33
5/19/2017,GBC Twin Loop Wire Binding Elements,Office Supplies,West,17,5,83,133,50
10/3/2016,"Eldon Expressions Desk Accessory, Wood Photo Frame, Mahogany",Furniture,Central,14,5,68,38,30
11/21/2016,"Hon Metal Bookcases, Putty",Furniture,East,50,2,101,114,13
10/3/2017,Magnifier Swing Arm Lamp,Furniture,East,16,4,62,84,22
10/3/2017,"Quartet Alpha White Chalk, 12/Pack",Office Supplies,East,1,3,4,7,3
10/3/2017,Logitech G19 Programmable Gaming Keyboard,Technology,East,102,3,305,372,67
4/29/2014,Global Leather Executive Chair,Furniture,South,246,2,491,562,70
4/29/2014,2300 Heavy-Duty Transfer File Systems by Perma,Office Supplies,South,20,5,101,100,1
10/7/2016,Avery 511,Office Supplies,East,2,2,3,5,2
12/15/2016,"Eldon Expressions Wood Desk Accessories, Oak",Furniture,West,5,2,10,15,4
4/10/2017,Logitech G700s Rechargeable Gaming Mouse,Technology,East,58,1,58,100,42
4/10/2017,Recycled Steel Personal File for Hanging File Folders,Office Supplies,East,43,5,215,286,72
4/8/2014,"Alliance Super-Size Bands, Assorted Sizes",Office Supplies,West,8,8,62,50,12
3/29/2016,"Bush Andora Bookcase, Maple/Graphite Gray Finish",Furniture,East,94,5,468,300,168
3/29/2016,Clearsounds A400,Technology,East,49,4,195,158,37
1/15/2017,"Wilson Jones Ledger-Size, Piano-Hinge Binder, 2"", Blue",Office Supplies,Central,21,4,85,33,52
1/15/2017,Logitech 910-002974 M325 Wireless Mouse for Web Scrolling,Technology,Central,17,2,34,48,14
1/15/2017,"Maxell 74 Minute CDR, 10/Pack",Technology,Central,6,8,49,63,13
1/15/2017,Acco D-Ring Binder w/DublLock,Office Supplies,Central,11,1,11,4,7
1/30/2014,Xerox 1972,Office Supplies,Central,3,2,6,11,5
1/30/2014,Space Solutions HD Industrial Steel Shelving.,Office Supplies,Central,112,2,223,230,7
2/7/2015,Cameo Buff Policy Envelopes,Office Supplies,South,33,5,165,311,146
2/7/2015,Xerox 1957,Office Supplies,South,3,2,7,13,6
12/14/2016,Strathmore Photo Frame Cards,Office Supplies,East,4,2,8,15,7
12/14/2016,Avery 474,Office Supplies,East,1,2,3,6,3
12/14/2016,"OIC Colored Binder Clips, Assorted Sizes",Office Supplies,East,2,6,11,21,11
12/14/2016,"GE 48"" Fluorescent Tube, Cool White Energy Saver, 34 Watts, 30/Box",Furniture,East,50,4,198,397,198
12/14/2016,Advantus Rolling Storage Box,Office Supplies,East,13,1,13,17,5
12/14/2016,"Acco Recycled 2"" Capacity Laser Printer Hanging Data Binders",Office Supplies,East,8,2,15,23,8
10/31/2017,Newell 350,Office Supplies,Central,2,2,5,5,1
8/6/2017,"Ativa D5772 2-Line 5.8GHz Digital Expandable Corded/Cordless Phone System with Answering & Caller ID/Call Waiting, Black/Silver",Technology,East,115,5,577,825,247
8/6/2017,Avery 481,Office Supplies,East,2,8,13,25,12
8/6/2017,"Hunt PowerHouse Electric Pencil Sharpener, Blue",Office Supplies,East,27,6,160,228,68
5/30/2017,"Sauder Camden County Barrister Bookcase, Planked Cherry Finish",Furniture,South,104,2,208,242,34
5/30/2017,Avery Binder Labels,Office Supplies,South,2,1,2,4,2
5/30/2017,Acrylic Self-Standing Desk Frames,Furniture,South,2,3,5,8,3
11/30/2015,Avaya 4621SW VoIP phone,Technology,South,53,3,158,177,20
8/31/2017,Hon 4700 Series Mobuis Mid-Back Task Chairs with Adjustable Arms,Furniture,West,281,2,562,570,7
8/31/2017,"Sortfiler Multipurpose Personal File Organizer, Black",Office Supplies,West,15,7,106,150,43
5/14/2017,Global Commerce Series Low-Back Swivel/Tilt Chairs,Furniture,Central,182,5,912,899,13
5/14/2017,Newell 309,Office Supplies,Central,8,5,40,46,6
5/14/2017,Xerox 1936,Office Supplies,Central,11,3,32,48,16
5/14/2017,PayAnywhere Card Reader,Technology,Central,7,1,7,8,1
5/14/2017,Xerox 1937,Office Supplies,Central,25,2,50,77,27
8/17/2017,GBC Prestige Therm-A-Bind Covers,Office Supplies,South,18,3,55,103,48
8/17/2017,Logitech Desktop MK120 Mouse and keyboard Combo,Technology,South,15,6,88,98,10
11/10/2017,GBC VeloBinder Strips,Office Supplies,South,4,5,19,12,8
8/21/2017,Xerox 1941,Office Supplies,West,55,1,55,84,29
3/8/2016,AT&T 17929 Lendline Telephone,Technology,East,33,4,134,109,25
3/8/2016,Rubber Band Ball,Office Supplies,East,4,2,7,6,1
10/31/2016,Fiskars Softgrip Scissors,Office Supplies,Central,8,2,16,22,6
10/31/2016,Hon Mobius Operator's Chair,Furniture,Central,96,3,288,369,81
10/31/2016,Newell 31,Office Supplies,Central,3,3,9,12,3
10/31/2016,"Carina Mini System Audio Rack, Model AR050B",Office Supplies,Central,108,3,323,333,10
7/26/2014,Memorex Micro Travel Drive 16 GB,Technology,West,11,7,77,112,35
10/24/2015,Novimex High-Tech Fabric Mesh Task Chair,Furniture,West,66,8,528,454,74
8/19/2017,Xerox 200,Office Supplies,East,3,3,10,19,9
5/23/2016,Canon imageCLASS 2200 Advanced Copier,Technology,East,1820,4,7280,8400,1120
5/23/2016,Avery Legal 4-Ring Binder,Office Supplies,East,10,1,10,6,4
5/23/2016,Xerox 224,Office Supplies,East,3,2,7,10,4
5/23/2016,Avaya 5410 Digital phone,Technology,East,49,3,147,122,24
11/3/2014,Acco Perma 4000 Stacking Storage Drawers,Office Supplies,South,14,2,28,26,2
11/3/2014,Hon Racetrack Conference Tables,Furniture,South,207,6,1244,945,299
11/3/2014,Avery Self-Adhesive Photo Pockets for Polaroid Photos,Office Supplies,South,4,7,25,14,10
11/3/2014,Tenex Antistatic Computer Chair Mats,Furniture,South,154,3,462,410,51
3/30/2015,"Adams Telephone Message Book W/Dividers/Space For Phone Numbers, 5 1/4""X8 1/2"", 300/Messages",Office Supplies,Central,3,5,15,24,9
3/30/2015,AT&T 17929 Lendline Telephone,Technology,Central,33,5,167,181,14
5/27/2017,"Eldon 400 Class Desk Accessories, Black Carbon",Furniture,West,5,4,20,35,15
5/27/2017,Fellowes Stor/Drawer Steel Plus Storage Drawers,Office Supplies,West,90,5,449,477,29
5/27/2017,Nokia Lumia 925,Technology,West,93,3,280,302,23
12/14/2017,Bretford CR4500 Series Slim Rectangular Table,Furniture,Central,268,4,1072,975,97
10/4/2014,"Office Star - Contemporary Task Swivel chair with Loop Arms, Charcoal",Furniture,East,119,5,596,589,7
10/13/2016,BIC Liqua Brite Liner,Office Supplies,East,4,5,22,35,12
10/13/2016,Fellowes Bases and Tops For Staxonsteel/High-Stak Systems,Office Supplies,East,25,3,76,100,24
10/13/2016,Computer Printout Paper with Letter-Trim Perforations,Office Supplies,East,10,2,20,38,18
10/13/2016,Avery White Multi-Purpose Labels,Office Supplies,East,3,5,13,25,11
10/13/2016,Howard Miller Distant Time Traveler Alarm Clock,Furniture,East,16,3,49,82,34
3/5/2015,Binder Clips by OIC,Office Supplies,Central,1,6,5,7,2
3/4/2017,"Howard Miller 13-3/4"" Diameter Brushed Chrome Round Wall Clock",Furniture,Central,36,5,181,104,78
3/4/2017,Avery 497,Office Supplies,Central,2,1,2,2,1
3/4/2017,Crate-A-Files,Office Supplies,Central,8,1,8,9,1
9/25/2015,"Acco PRESSTEX Data Binder with Storage Hooks, Light Blue, 9 1/2"" X 11""",Office Supplies,East,3,2,6,11,5
9/25/2015,"Xerox Color Copier Paper, 11"" x 17"", Ream",Office Supplies,East,12,2,25,46,21
9/25/2015,Turquoise Lead Holder with Pocket Clip,Office Supplies,East,4,1,4,7,2
12/19/2015,Samsung Rugby III,Technology,Central,48,3,145,158,14
10/8/2015,"Binney & Smith inkTank Desk Highlighter, Chisel Tip, Yellow, 12/Box",Office Supplies,Central,1,2,3,3,1
7/31/2017,Eldon Portable Mobile Manager,Office Supplies,West,21,2,41,57,15
7/31/2017,"Master Big Foot Doorstop, Beige",Furniture,West,4,7,26,37,11
8/5/2014,"Plantronics CS 50-USB - headset - Convertible, Monaural",Technology,East,99,1,99,136,37
8/5/2014,"Binney & Smith inkTank Erasable Pocket Highlighter, Chisel Tip, Yellow",Office Supplies,East,1,7,9,16,7
5/14/2017,"OIC #2 Pencils, Medium Soft",Office Supplies,East,1,2,3,4,1
5/14/2017,Prang Colored Pencils,Office Supplies,East,2,5,8,15,7
5/14/2017,"Eberhard Faber 3 1/2"" Golf Pencils",Office Supplies,East,6,5,28,37,9
5/14/2017,Belkin F8E887 USB Wired Ergonomic Keyboard,Technology,East,24,3,71,90,19
5/14/2017,"Office Star - Contemporary Task Swivel chair with Loop Arms, Charcoal",Furniture,East,119,2,238,262,24
5/14/2017,Avery 505,Office Supplies,East,7,5,37,74,37
9/22/2016,G.E. Longer-Life Indoor Recessed Floodlight Bulbs,Furniture,South,3,2,7,13,6
11/13/2015,Portfile Personal File Boxes,Office Supplies,South,13,6,79,85,6
5/22/2017,"Maxell 74 Minute CDR, 10/Pack",Technology,West,6,7,43,68,25
12/2/2016,Deluxe Rollaway Locking File with Drawer,Office Supplies,East,299,5,1497,2079,582
12/2/2016,VTech DS6151,Technology,East,91,5,454,630,176
12/2/2016,Eldon 500 Class Desk Accessories,Furniture,East,8,6,49,72,24
8/29/2015,Samsung Rugby III,Technology,Central,48,2,96,132,36
8/29/2015,Logitech Desktop MK120 Mouse and keyboard Combo,Technology,Central,15,7,103,115,11
6/6/2014,Round Specialty Laser Printer Labels,Office Supplies,Central,7,10,66,100,34
3/18/2016,Hoover WindTunnel Plus Canister Vacuum,Office Supplies,South,262,3,785,872,87
1/14/2014,Sauder Cornerstone Collection Library,Furniture,East,29,4,115,62,53
6/3/2017,Wilson Jones Standard D-Ring Binders,Office Supplies,South,3,3,8,5,3
6/3/2017,"Bravo II Megaboss 12-Amp Hard Body Upright, Replacement Belts, 2 Belts per Pack",Office Supplies,South,2,2,5,5,1
6/3/2017,Logitech P710e Mobile Speakerphone,Technology,South,209,1,209,206,3
6/3/2017,Xerox 206,Office Supplies,South,3,3,10,16,5
6/3/2017,VTech DS6151,Technology,South,91,5,454,504,50
6/3/2017,"Eureka Sanitaire  Multi-Pro Heavy-Duty Upright, Disposable Bags",Office Supplies,South,3,7,23,24,2
6/3/2017,Bush Mission Pointe Library,Furniture,South,121,2,242,242,0
6/3/2017,WD My Passport Ultra 1TB Portable External Hard Drive,Technology,South,57,2,115,110,4
6/3/2017,"Chromcraft 48"" x 96"" Racetrack Double Pedestal Table",Furniture,East,250,2,500,385,115
6/3/2017,Hewlett-Packard 300S Scientific Calculator,Technology,East,7,6,42,79,36
6/3/2017,Xerox 188,Office Supplies,East,6,4,23,45,22
3/21/2015,Honeywell Enviracaire Portable HEPA Air Cleaner for 17' x 22' Room,Office Supplies,South,201,4,806,962,156
3/21/2015,"GBC Laser Imprintable Binding System Covers, Desert Sand",Office Supplies,South,8,3,23,13,10
3/21/2015,Xerox 1883,Office Supplies,South,14,14,199,295,96
9/19/2017,Xerox 228,Office Supplies,East,3,5,17,32,16
9/15/2014,"Seth Thomas 16"" Steel Case Clock",Furniture,East,22,4,87,104,17
11/20/2016,O'Sullivan 2-Door Barrister Bookcase in Odessa Pine,Furniture,South,139,2,279,290,11
11/20/2016,Akro-Mils 12-Gallon Tote,Office Supplies,South,7,5,35,40,4
11/20/2016,Grandstream GXP2100 Mainstream Business Phone,Technology,South,55,4,220,245,24
10/28/2017,Imation 8gb Micro Traveldrive Usb 2.0 Flash Drive,Technology,Central,13,2,27,24,3
10/28/2017,Xerox 21,Office Supplies,Central,3,3,10,16,5
10/28/2017,Logitech Desktop MK120 Mouse and keyboard Combo,Technology,Central,15,2,29,26,3
7/24/2015,"Eldon Expressions Wood and Plastic Desk Accessories, Cherry Wood",Furniture,South,5,3,15,21,6
7/24/2015,"GBC Prepunched Paper, 19-Hole, for Binding Systems, 24-lb",Office Supplies,South,8,9,73,135,62
7/24/2015,Anker Ultra-Slim Mini Bluetooth 3.0 Wireless Keyboard,Technology,South,15,14,215,280,64
7/24/2015,"GBC Prepunched Paper, 19-Hole, for Binding Systems, 24-lb",Office Supplies,South,8,6,49,90,41
11/2/2014,Polycom CX300 Desktop Phone USB VoIP phone,Technology,East,108,6,648,540,108
11/2/2014,I Need's 3d Hello Kitty Hybrid Silicone Case Cover for HTC One X 4g with 3d Hello Kitty Stylus Pen Green/pink,Technology,East,9,7,60,50,10
11/2/2014,Acco D-Ring Binder w/DublLock,Office Supplies,East,11,3,33,19,13
11/17/2017,Deluxe Rollaway Locking File with Drawer,Office Supplies,East,299,3,898,1248,349
6/26/2016,Newell 311,Office Supplies,Central,2,3,5,5,0
10/9/2016,Xerox 1947,Office Supplies,East,3,4,13,19,6
10/9/2016,Luxo Professional Magnifying Clamp-On Fluorescent Lamps,Furniture,East,89,4,358,333,25
12/20/2017,Xerox 1908,Office Supplies,East,29,5,143,280,137
12/20/2017,GBC Premium Transparent Covers with Diagonal Lined Pattern,Office Supplies,East,11,3,33,50,18
12/20/2017,Xerox 188,Office Supplies,East,6,3,17,34,17
3/6/2017,Fluorescent Highlighters by Dixon,Office Supplies,West,3,6,16,24,8
3/6/2017,Avery 49,Office Supplies,West,1,4,6,12,6
3/6/2017,Xerox 1893,Office Supplies,West,21,7,146,287,141
3/6/2017,Digium D40 VoIP phone,Technology,West,92,2,183,206,23
9/15/2017,"Leather Task Chair, Black",Furniture,West,73,3,218,218,0
9/15/2017,"Tenex 46"" x 60"" Computer Anti-Static Chairmat, Rectangular Shaped",Furniture,West,85,5,424,530,106
9/15/2017,Peel-Off China Markers,Office Supplies,West,6,10,58,99,42
9/15/2017,Belkin 5 Outlet SurgeMaster Power Centers,Office Supplies,West,39,2,78,109,31
9/15/2017,Cardinal Poly Pocket Divider Pockets for Ring Binders,Office Supplies,West,2,1,2,3,1
1/16/2017,GBC DocuBind P400 Electric Binding System,Office Supplies,Central,735,4,2940,5444,2504
1/16/2017,Office Star Flex Back Scooter Chair with Aluminum Finish Frame,Furniture,Central,77,3,230,303,73
1/16/2017,"TOPS Money Receipt Book, Consecutively Numbered in Red,",Office Supplies,Central,4,7,31,56,25
7/7/2016,"Permanent Self-Adhesive File Folder Labels for Typewriters, 1 1/8 x 3 1/2, White",Office Supplies,East,3,2,7,10,3
7/7/2016,Panasonic KX T7731-B Digital phone,Technology,East,73,1,73,60,13
7/7/2016,"Acco Pressboard Covers with Storage Hooks, 14 7/8"" x 11"", Executive Red",Office Supplies,East,2,5,10,6,5
7/7/2016,GBC Standard Plastic Binding Systems' Combs,Office Supplies,East,3,5,17,9,8
12/23/2016,Hewlett Packard 610 Color Digital Copier / Printer,Technology,East,275,4,1100,2000,900
12/22/2014,Desktop 3-Pocket Hot File,Office Supplies,East,40,4,160,216,56
2/23/2014,Staple-on labels,Office Supplies,Central,2,3,5,7,2
2/23/2014,GBC Plastic Binding Combs,Office Supplies,Central,4,3,11,4,7
12/4/2017,Newell 310,Office Supplies,Central,1,5,6,9,3
12/4/2017,First Data TMFD35 PIN Pad,Technology,Central,113,1,113,143,30
12/4/2017,Logitech G430 Surround Sound Gaming Headset with Dolby 7.1 Technology,Technology,Central,51,5,256,400,144
11/17/2014,GBC DocuBind TL300 Electric Binding System,Office Supplies,East,475,3,1426,2153,727
11/17/2014,DMI Eclipse Executive Suite Bookcases,Furniture,East,406,10,4058,4008,50
10/20/2014,"Lesro Round Back Collection Coffee Table, End Table",Furniture,South,159,3,476,329,148
10/20/2014,"Contico 72""H Heavy-Duty Storage System",Office Supplies,South,41,3,123,98,25
10/25/2015,ClearOne Communications CHAT 70 OC Speaker Phone,Technology,East,118,1,118,159,41
10/25/2015,"Iceberg Nesting Folding Chair, 19w x 6d x 43h",Furniture,East,43,5,215,291,76
11/16/2017,Xerox 1933,Office Supplies,West,7,6,39,74,35
11/16/2017,"Tenex ""The Solids"" Textured Chair Mats",Furniture,West,58,2,116,140,24
11/16/2017,Plantronics Encore H101 Dual Earpieces Headset,Technology,West,32,3,97,108,11
11/16/2017,Fellowes Bases and Tops For Staxonsteel/High-Stak Systems,Office Supplies,West,25,1,25,33,8
5/14/2017,"Premium Transparent Presentation Covers, No Pattern/Clear, 8 1/2"" x 11""",Office Supplies,East,21,5,105,58,47
5/14/2017,Avery 502,Office Supplies,East,2,2,3,5,2
5/14/2017,Xerox 19,Office Supplies,East,17,1,17,25,8
3/1/2014,Novimex Swivel Fabric Task Chair,Furniture,Central,134,6,806,634,172
3/1/2014,"Black Print Carbonless 8 1/2"" x 8 1/4"" Rapid Memo Book",Office Supplies,Central,4,3,12,17,6
7/30/2015,"Global Stack Chair without Arms, Black",Furniture,Central,19,6,117,156,39
11/1/2015,Global Highback Leather Tilter in Burgundy,Furniture,East,76,4,306,328,22
12/16/2017,Xerox 1898,Office Supplies,West,3,2,7,13,6
12/16/2017,"Safco Wire Cube Shelving System, For Use as 4 or 5 14"" Cubes, Black",Office Supplies,West,30,5,151,159,8
10/20/2014,Logitech Wireless Performance Mouse MX for PC and Mac,Technology,Central,62,4,248,320,72
10/20/2014,"24 Capacity Maxi Data Binder Racks, Pearl",Office Supplies,Central,158,3,474,505,32
10/20/2014,Wirebound Voice Message Log Book,Office Supplies,Central,3,1,3,4,1
10/20/2014,Satellite Sectional Post Binders,Office Supplies,Central,23,1,23,9,15
10/20/2014,"Avery 4027 File Folder Labels for Dot Matrix Printers, 5000 Labels per Box, White",Office Supplies,Central,16,1,16,24,8
6/5/2015,Hon Every-Day Series Multi-Task Chairs,Furniture,East,150,9,1353,1523,169
7/21/2016,Ames Color-File Green Diamond Border X-ray Mailers,Office Supplies,West,45,5,223,420,197
7/21/2016,Self-Adhesive Removable Labels,Office Supplies,West,2,1,2,3,2
3/31/2017,Fellowes 8 Outlet Superior Workstation Surge Protector w/o Phone/Fax/Modem Protection,Office Supplies,Central,25,5,124,34,91
5/7/2014,"Acco PRESSTEX Data Binder with Storage Hooks, Dark Blue, 14 7/8"" X 11""",Office Supplies,East,3,3,8,16,8
5/7/2014,Balt Split Level Computer Training Table,Furniture,East,117,2,233,194,39
5/7/2014,Newell 335,Office Supplies,East,2,3,6,9,3
5/7/2014,"Lifetime Advantage Folding Chairs, 4/Carton",Furniture,East,157,4,628,872,244
2/5/2017,Ibico Hi-Tech Manual Binding System,Office Supplies,Central,168,4,671,244,427
2/5/2017,Staples in misc. colors,Office Supplies,Central,1,5,6,7,1
4/18/2014,Prang Dustless Chalk Sticks,Office Supplies,Central,1,2,2,3,1
4/18/2014,DMI Arturo Collection Mission-style Design Wood Chair,Furniture,Central,112,3,335,317,18
4/18/2014,Cameo Buff Policy Envelopes,Office Supplies,Central,33,3,99,149,50
4/18/2014,Kensington Expert Mouse Optical USB Trackball for PC or Mac,Technology,Central,66,3,199,228,28
5/10/2016,Xerox 1965,Office Supplies,West,3,2,6,12,6
11/25/2016,"Fellowes Strictly Business Drawer File, Letter/Legal Size",Office Supplies,East,124,4,496,563,68
11/25/2016,Konica Minolta magicolor 1690MF Multifunction Printer,Technology,East,25,8,202,320,118
3/3/2017,Imation Bio 2GB USB Flash Drive Imation Corp,Technology,West,76,8,609,1049,441
3/3/2017,Novimex Turbo Task Chair,Furniture,West,62,3,187,170,17
12/6/2015,AT&T CL82213,Technology,South,21,6,123,174,50
8/25/2014,Polycom VVX 310 VoIP phone,Technology,West,133,7,932,1008,76
10/22/2016,Xerox 1986,Office Supplies,West,3,1,3,7,3
10/22/2016,Prang Drawing Pencil Set,Office Supplies,West,2,3,6,8,2
10/22/2016,"Linden 12"" Wall Clock With Oak Frame",Furniture,West,24,3,71,102,31
8/7/2016,Logitech Illuminated - Keyboard,Technology,West,31,3,94,180,86
7/21/2017,Berol Giant Pencil Sharpener,Office Supplies,South,12,6,72,102,30
7/21/2017,Nortel Networks T7316 E Nt8 B27,Technology,South,51,4,204,272,68
7/21/2017,Regeneration Desk Collection,Furniture,South,1,5,5,9,4
7/21/2017,Newell 35,Office Supplies,South,2,6,14,20,6
7/21/2017,"Bush Westfield Collection Bookcases, Fully Assembled",Furniture,South,78,3,233,303,70
7/21/2017,Cardinal Holdit Business Card Pockets,Office Supplies,South,3,3,8,15,7
7/21/2017,Premier Electric Letter Opener,Office Supplies,South,110,2,220,232,12
3/23/2014,Avery 476,Office Supplies,South,2,3,7,10,3
4/30/2015,Newell 324,Office Supplies,West,8,3,25,35,10
4/30/2015,Cush Cases Heavy Duty Rugged Cover Case for Samsung Galaxy S5 - Purple,Technology,West,4,5,18,20,2
6/13/2016,Premium Transparent Presentation Covers by GBC,Office Supplies,East,11,2,22,34,12
5/4/2015,Model L Table or Wall-Mount Pencil Sharpener,Office Supplies,Central,13,7,91,126,35
4/23/2017,XtraLife ClearVue Slant-D Ring Binders by Cardinal,Office Supplies,East,4,5,20,12,8
4/23/2017,Xerox 195,Office Supplies,East,3,1,3,5,2
6/6/2014,Presstex Flexible Ring Binders,Office Supplies,South,2,1,2,1,1
6/6/2014,Xerox 1944,Office Supplies,South,20,2,40,62,22
12/2/2014,"DAX Metal Frame, Desktop, Stepped-Edge",Furniture,East,12,3,37,61,24
12/2/2014,Xerox 1942,Office Supplies,East,24,3,73,147,73
12/2/2014,"Global Stack Chair with Arms, Black",Furniture,East,22,8,175,240,65
12/2/2014,Avery 509,Office Supplies,East,1,6,8,16,7
6/17/2017,Carina Media Storage Towers in Natural & Black,Office Supplies,West,60,3,179,146,33
5/26/2016,"Alliance Big Bands Rubber Bands, 12/Pack",Office Supplies,West,2,3,6,6,0
5/26/2016,Xerox 1946,Office Supplies,West,3,7,24,45,22
5/26/2016,Cisco SPA508G,Technology,West,47,4,187,211,24
5/26/2016,Global Low Back Tilter Chair,Furniture,West,95,6,570,485,85
5/26/2016,Fellowes Powershred HS-440 4-Sheet High Security Shredder,Technology,West,85,3,256,372,116
3/10/2015,Pizazz Global Quick File,Office Supplies,East,11,6,65,90,25
10/20/2016,"Fellowes Twister Kit, Gray/Clear, 3/pkg",Office Supplies,West,4,3,13,19,6
4/21/2015,Global Deluxe Office Fabric Chairs,Furniture,South,70,2,140,192,52
4/21/2015,"Wilson Jones Hanging View Binder, White, 1""",Office Supplies,South,4,3,12,21,10
4/21/2015,Jabra SPEAK 410,Technology,South,68,5,338,470,132
4/21/2015,"Tenex ""The Solids"" Textured Chair Mats",Furniture,South,58,3,174,210,36
6/17/2016,"Bush Heritage Pine Collection 5-Shelf Bookcase, Albany Pine Finish, *Special Order",Furniture,West,113,2,226,240,14
6/17/2016,Avery 496,Office Supplies,West,2,6,12,23,11
6/17/2016,Xerox 1914,Office Supplies,West,28,4,112,220,108
1/13/2017,Xerox 23,Office Supplies,Central,3,5,17,32,16
1/13/2017,Hunt Boston Vacuum Mount KS Pencil Sharpener,Office Supplies,Central,26,6,155,210,55
1/13/2017,Martin Yale Chadless Opener Electric Letter Opener,Office Supplies,Central,816,5,4081,4164,83
1/13/2017,"Hon Metal Bookcases, Black",Furniture,Central,53,3,160,213,53
9/6/2014,"Eldon Expressions Wood and Plastic Desk Accessories, Cherry Wood",Furniture,West,5,6,30,42,12
9/6/2014,Avery 516,Office Supplies,West,4,8,31,58,27
1/19/2015,Bevis Round Conference Table Top & Single Column Base,Furniture,Central,116,1,116,102,13
1/19/2015,Harbour Creations 67200 Series Stacking Chairs,Furniture,Central,52,4,208,199,9
12/14/2014,"HP Designjet T520 Inkjet Large Format Printer - 24"" Color",Technology,East,1190,4,4760,7000,2240
5/23/2014,Xerox 1999,Office Supplies,West,3,2,7,13,6
9/19/2015,PureGear Roll-On Screen Protector,Technology,East,10,14,146,280,134
10/2/2015,Pressboard Hanging Data Binders for Unburst Sheets,Office Supplies,South,3,5,13,7,5
12/25/2016,Global Executive Mid-Back Manager's Chair,Furniture,West,215,3,646,698,52
12/25/2016,"SAFCO PlanMaster Heigh-Adjustable Drafting Table Base, 43w x 30d x 30-37h, Black",Furniture,West,224,5,1118,1747,629
5/6/2016,Belkin 5 Outlet SurgeMaster Power Centers,Office Supplies,Central,39,1,39,54,15
10/24/2016,Razer Tiamat Over Ear 7.1 Surround Sound PC Gaming Headset,Technology,West,114,1,114,200,86
5/6/2017,Wilson Jones Century Plastic Molded Ring Binders,Office Supplies,South,11,11,121,69,53
5/6/2017,GE 30524EE4,Technology,South,139,4,557,627,71
5/6/2017,"Avery 4027 File Folder Labels for Dot Matrix Printers, 5000 Labels per Box, White",Office Supplies,South,16,5,82,122,40
11/27/2017,American Pencil,Office Supplies,East,2,3,5,7,2
11/27/2017,"Avery Flip-Chart Easel Binder, Black",Office Supplies,East,12,6,71,107,36
10/31/2014,Hon 94000 Series Round Tables,Furniture,East,270,8,2156,1422,735
8/5/2017,Premium Transparent Presentation Covers by GBC,Office Supplies,Central,11,6,65,126,60
8/5/2017,Logitech MX Performance Wireless Mouse,Technology,Central,25,2,50,80,30
8/5/2017,Avery 475,Office Supplies,Central,7,9,67,133,67
8/10/2015,AT&T 1080 Corded phone,Technology,West,100,4,400,438,38
8/10/2015,OtterBox Commuter Series Case - Samsung Galaxy S4,Technology,West,24,7,171,140,31
8/10/2015,Fellowes 8 Outlet Superior Workstation Surge Protector,Office Supplies,West,30,4,118,133,15
12/15/2016,Bretford Rectangular Conference Table Tops,Furniture,West,290,3,869,564,305
12/15/2016,Belkin 5 Outlet SurgeMaster Power Centers,Office Supplies,West,39,2,78,87,9
9/8/2017,"Premier Elliptical Ring Binder, Black",Office Supplies,Central,16,7,111,43,68
9/8/2017,Canon PC-428 Personal Copier,Technology,Central,106,2,212,320,108
9/8/2017,"Vinyl Coated Wire Paper Clips in Organizer Box, 800/Box",Office Supplies,Central,6,5,30,46,15
9/8/2017,DAX Black Cherry Wood-Tone Poster Frame,Furniture,Central,16,2,33,21,12
9/8/2017,Xerox 205,Office Supplies,Central,3,4,13,21,7
9/8/2017,"Global Armless Task Chair, Royal Blue",Furniture,Central,51,5,253,213,40
2/20/2017,Toshiba IPT2010-SD IP Telephone,Technology,West,103,3,309,334,25
2/20/2017,Microsoft Wireless Mobile Mouse 4000,Technology,West,27,1,27,32,5
2/20/2017,Fellowes Bankers Box Stor/Drawer Steel Plus,Office Supplies,West,29,2,58,51,6
2/20/2017,Letter or Legal Size Expandable Poly String Tie Envelopes,Office Supplies,West,1,5,7,11,4
2/20/2017,"Howard Miller 13"" Diameter Pewter Finish Round Wall Clock",Furniture,West,26,2,52,69,16
2/20/2017,KI Adjustable-Height Table,Furniture,West,64,9,573,387,186
8/8/2015,"Boston 1827 Commercial Additional Cutter, Drive Gear & Gear Rack for 1606",Office Supplies,East,14,2,28,40,12
8/8/2015,"Conquest 14 Commercial Heavy-Duty Upright Vacuum, Collection System, Accessory Kit",Office Supplies,East,40,2,81,114,33
8/8/2015,GBC DocuBind P50 Personal Binding Machine,Office Supplies,East,34,7,237,448,210
10/26/2017,"Lesro Sheffield Collection Coffee Table, End Table, Center Table, Corner Table",Furniture,South,59,5,296,357,61
10/26/2017,"Tyvek  Top-Opening Peel & Seel  Envelopes, Gray",Office Supplies,South,20,7,138,252,113
7/14/2016,Xerox 1914,Office Supplies,Central,28,5,140,220,80
5/12/2017,"DAX Cubicle Frames, 8-1/2 x 11",Furniture,East,5,5,27,43,15
5/12/2017,Smead Alpha-Z Color-Coded Second Alphabetical Labels and Starter Set,Office Supplies,East,2,2,3,6,3
5/12/2017,Acme Titanium Bonded Scissors,Office Supplies,East,6,2,13,17,4
5/12/2017,"Maxell Pro 80 Minute CD-R, 10/Pack",Technology,East,10,5,52,87,35
5/25/2017,Recycled Easel Ring Binders,Office Supplies,South,8,2,16,30,13
8/23/2014,GBC Linen Binding Covers,Office Supplies,West,16,2,32,50,17
9/11/2015,"Hunt PowerHouse Electric Pencil Sharpener, Blue",Office Supplies,West,27,7,186,266,80
9/5/2015,Tensor Brushed Steel Torchiere Floor Lamp,Furniture,South,14,4,56,68,12
11/21/2015,"Crayola Anti Dust Chalk, 12/Pack",Office Supplies,Central,1,6,6,11,5
11/21/2015,Ricoh - Ink Collector Unit for GX3000 Series Printers,Technology,Central,31,2,61,84,23
11/21/2015,"Hoover Replacement Belts For Soft Guard & Commercial Ltweight Upright Vacs, 2/Pk",Office Supplies,Central,3,5,15,20,5
11/21/2015,Imation Bio 2GB USB Flash Drive Imation Corp,Technology,Central,76,3,228,394,165
10/10/2014,Westinghouse Clip-On Gooseneck Lamps,Furniture,West,6,7,43,47,4
9/2/2017,Crate-A-Files,Office Supplies,East,8,1,8,11,3
9/2/2017,Xerox 191,Office Supplies,East,11,4,42,80,38
9/2/2017,Xerox 1890,Office Supplies,East,24,3,73,147,73
1/1/2017,Wilson Jones Easy Flow II Sheet Lifters,Office Supplies,Central,1,2,2,4,2
11/5/2014,OIC Stacking Trays,Furniture,West,2,6,11,20,9
12/17/2015,Tennsco Double-Tier Lockers,Office Supplies,Central,196,1,196,180,16
12/17/2015,"Howard Miller 11-1/2"" Diameter Ridgewood Wall Clock",Furniture,Central,31,2,61,42,20
12/17/2015,Newell 35,Office Supplies,Central,2,5,12,13,1
5/14/2015,"Tennsco Snap-Together Open Shelving Units, Starter Sets and Add-On Units",Office Supplies,West,266,4,1062,1118,56
3/10/2017,Maxell LTO Ultrium - 800 GB,Technology,West,23,4,91,112,21
12/2/2017,Manco Dry-Lighter Erasable Highlighter,Office Supplies,Central,2,5,10,12,2
7/31/2017,Acco 3-Hole Punch,Office Supplies,Central,2,4,9,18,8
7/31/2017,3M Office Air Cleaner,Office Supplies,Central,17,6,101,156,55
8/11/2017,Satellite Sectional Post Binders,Office Supplies,South,23,11,258,478,220
9/30/2017,Green Bar Computer Printout Paper,Office Supplies,East,28,3,84,165,81
8/26/2016,Memorex Micro Travel Drive 16 GB,Technology,Central,11,3,33,48,15
12/2/2016,Ibico EB-19 Dual Function Manual Binding System,Office Supplies,East,93,3,280,415,135
12/2/2016,"XtraLife ClearVue Slant-D Ring Binder, White, 3""",Office Supplies,East,8,3,24,35,11
12/2/2016,Green Bar Computer Printout Paper,Office Supplies,East,28,1,28,55,27
7/21/2017,"Wirebound Message Forms, Four 2 3/4 x 5 Forms per Page, Pink Paper",Office Supplies,West,4,2,9,16,8
7/21/2017,Hon Olson Stacker Stools,Furniture,West,101,2,203,225,23
7/21/2017,GBC Premium Transparent Covers with Diagonal Lined Pattern,Office Supplies,West,11,3,33,50,18
5/20/2015,"Dana Fluorescent Magnifying Lamp, White, 36""",Furniture,South,36,4,143,163,20
5/20/2015,Pressboard Data Binders by Wilson Jones,Office Supplies,South,3,4,11,6,5
6/23/2015,"Plantronics CS 50-USB - headset - Convertible, Monaural",Technology,West,99,2,199,218,19
6/23/2015,Assorted Color Push Pins,Office Supplies,West,1,3,4,5,2
6/23/2015,JBL Micro Wireless Portable Bluetooth Speaker,Technology,West,45,3,135,144,9
9/10/2016,Geemarc AmpliPOWER60,Technology,South,66,7,461,520,58
4/13/2014,Avery 479,Office Supplies,East,1,3,4,8,4
11/14/2015,SAFCO Arco Folding Chair,Furniture,West,196,4,784,884,99
11/14/2015,Global Deluxe Office Fabric Chairs,Furniture,West,70,3,210,230,20
12/9/2016,"Wilson Jones Elliptical Ring 3 1/2"" Capacity Binders, 800 sheets",Office Supplies,West,22,8,175,274,99
8/18/2017,Newell 325,Office Supplies,East,3,3,9,10,1
12/14/2017,"Rubbermaid ClusterMat Chairmats, Mat Size- 66"" x 60"", Lip 20"" x 11"" -90 Degree Angle",Furniture,Central,93,6,559,266,293
12/14/2017,"Howard Miller 13"" Diameter Goldtone Round Wall Clock",Furniture,Central,28,3,83,56,27
12/14/2017,Logitech Desktop MK120 Mouse and keyboard Combo,Technology,Central,15,3,44,39,5
12/14/2017,Prismacolor Color Pencil Set,Office Supplies,Central,12,6,70,95,25
4/8/2016,Advantus Plastic Paper Clips,Office Supplies,South,3,6,16,30,14
4/8/2016,Xerox 1993,Office Supplies,South,3,4,13,26,13
4/8/2016,Eldon Radial Chair Mat for Low to Medium Pile Carpets,Furniture,South,32,4,128,160,32
12/16/2016,Acco 6 Outlet Guardian Premium Surge Suppressor,Office Supplies,South,11,3,32,35,3
9/19/2017,Microsoft Natural Ergonomic Keyboard 4000,Technology,West,24,5,118,150,31
9/19/2017,Boston 16765 Mini Stand Up Battery Pencil Sharpener,Office Supplies,West,9,2,17,23,6
9/19/2017,Newell 33,Office Supplies,West,4,3,12,17,5
9/4/2017,Staples,Office Supplies,East,1,6,8,15,7
9/12/2016,OIC Bulk Pack Metal Binder Clips,Office Supplies,West,2,3,6,10,5
9/12/2016,Avery 487,Office Supplies,West,2,3,6,11,5
9/12/2016,GBC Instant Report Kit,Office Supplies,West,3,4,13,21,8
8/10/2017,Xerox 1906,Office Supplies,Central,19,5,94,177,83
11/4/2016,Ultra Door Pull Handle,Furniture,South,7,6,42,50,8
6/18/2015,Avery Self-Adhesive Photo Pockets for Polaroid Photos,Office Supplies,South,4,3,11,6,4
6/18/2015,"Global Leather Highback Executive Chair with Pneumatic Height Adjustment, Black",Furniture,South,147,4,587,643,56
6/18/2015,Xerox 21,Office Supplies,South,3,4,13,21,7
7/4/2014,Xerox 194,Office Supplies,West,29,4,115,178,62
7/4/2014,Fellowes Mighty 8 Compact Surge Protector,Office Supplies,West,15,2,29,32,3
12/20/2015,Avery 486,Office Supplies,South,4,2,8,12,4
4/10/2016,3M Replacement Filter for Office Air Cleaner for 20' x 33' Room,Office Supplies,West,23,3,69,114,44
4/10/2016,Fellowes Staxonsteel Drawer Files,Office Supplies,West,166,3,498,580,81
4/10/2016,Rogers Profile Extra Capacity Storage Tub,Office Supplies,West,16,9,145,151,6
4/10/2016,"GBC Prepunched Paper, 19-Hole, for Binding Systems, 24-lb",Office Supplies,West,8,4,32,48,16
5/26/2014,"SAFCO Mobile Desk Side File, Wire Frame",Office Supplies,Central,32,3,95,103,8
5/26/2014,Global Commerce Series Low-Back Swivel/Tilt Chairs,Furniture,Central,182,2,365,360,5
5/26/2014,DIXON Ticonderoga Erasable Checking Pencils,Office Supplies,Central,3,3,10,13,3
7/6/2017,"Global Task Chair, Black",Furniture,West,45,3,136,122,14
2/16/2015,Xerox 1920,Office Supplies,East,3,6,20,36,16
6/16/2017,Logitech Wireless Performance Mouse MX for PC and Mac,Technology,East,62,6,372,480,108
6/16/2017,Newell 330,Office Supplies,East,4,5,22,24,2
11/13/2017,Nokia Lumia 925,Technology,East,93,5,466,630,164
12/11/2017,Clear Mylar Reinforcing Strips,Office Supplies,East,10,1,10,15,5
12/11/2017,Xerox 1895,Office Supplies,East,3,3,10,18,8
12/11/2017,Dexim XPower Skin Super-Thin Power Case for iPhone 5 - Black,Technology,East,44,2,88,117,29
6/28/2016,"Global Armless Task Chair, Royal Blue",Furniture,East,51,2,101,122,21
6/28/2016,Disposable Triple-Filter Dust Bags,Office Supplies,East,3,2,6,9,2
6/28/2016,Xerox 1960,Office Supplies,East,17,2,34,62,28
6/28/2016,Ibico Presentation Index for Binding Systems,Office Supplies,East,2,2,4,8,4
6/28/2016,"Holmes Replacement Filter for HEPA Air Cleaner, Very Large Room, HEPA Filter",Office Supplies,East,39,4,154,275,121
9/15/2017,"DAX Two-Tone Rosewood/Black Document Frame, Desktop, 5 x 7",Furniture,East,6,5,28,47,19
9/15/2017,SAFCO Folding Chair Trolley,Furniture,East,92,4,369,513,144
9/15/2017,Plantronics 81402,Technology,East,49,6,293,396,103
9/15/2017,"Contico 72""H Heavy-Duty Storage System",Office Supplies,East,41,2,82,82,0
12/2/2017,Sanford 52201 APSCO Electric Pencil Sharpener,Office Supplies,South,30,1,30,33,2
6/26/2017,Safco Industrial Wire Shelving System,Office Supplies,East,91,3,273,273,0
7/24/2016,Office Star - Contemporary Swivel Chair with Padded Adjustable Arms and Flex Back,Furniture,East,111,2,223,254,31
9/2/2016,Self-Adhesive Address Labels for Typewriters by Universal,Office Supplies,Central,4,5,19,29,10
9/2/2016,Rogers Deluxe File Chest,Office Supplies,Central,22,2,44,35,8
9/2/2016,Okidata C610n Printer,Technology,Central,461,3,1382,1363,19
4/20/2017,DMI Arturo Collection Mission-style Design Wood Chair,Furniture,Central,112,3,335,317,18
4/20/2017,Lumber Crayons,Office Supplies,Central,6,2,12,16,4
4/20/2017,"Master Caster Door Stop, Large Neon Orange",Furniture,Central,4,5,21,15,6
8/12/2014,"Performers Binder/Pad Holder, Black",Office Supplies,East,14,7,98,196,98
9/19/2017,SANFORD Major Accent Highlighters,Office Supplies,South,4,5,22,35,13
12/9/2017,Multicolor Computer Printout Paper,Office Supplies,West,55,5,273,419,147
12/9/2017,"Acco Recycled 2"" Capacity Laser Printer Hanging Data Binders",Office Supplies,West,8,3,23,13,10
11/4/2016,Tuff Stuff Recycled Round Ring Binders,Office Supplies,West,2,2,5,8,3
11/4/2016,Acco Economy Flexible Poly Round Ring Binder,Office Supplies,West,3,1,3,4,1
11/4/2016,Xerox 229,Office Supplies,West,3,6,20,39,19
3/29/2015,"Ampad Gold Fibre Wirebound Steno Books, 6"" x 9"", Gregg Ruled",Office Supplies,East,2,4,10,18,8
9/5/2016,"Eldon Base for stackable storage shelf, platinum",Office Supplies,Central,37,3,111,93,18
1/28/2017,Plantronics Audio 478 Stereo USB Headset,Technology,East,32,9,292,450,157
9/3/2016,"Sauder Camden County Collection Libraries, Planked Cherry Finish",Furniture,East,105,3,314,345,31
9/3/2016,"Eldon Expressions Wood Desk Accessories, Oak",Furniture,East,5,2,10,15,4
9/3/2016,Acco Expandable Hanging Binders,Office Supplies,East,3,2,7,13,6
9/3/2016,Avery 486,Office Supplies,East,4,8,31,58,27
7/25/2017,Eldon 200 Class Desk Accessories,Furniture,East,4,4,17,20,3
7/25/2017,Acme Galleria Hot Forged Steel Scissors with Colored Handles,Office Supplies,East,11,3,34,38,4
7/25/2017,"Bush Cubix Conference Tables, Fully Assembled",Furniture,East,173,1,173,139,35
7/25/2017,Fellowes Bankers Box Staxonsteel Drawer File/Stacking System,Office Supplies,East,57,5,286,260,26
7/25/2017,Xerox 216,Office Supplies,East,3,4,13,21,7
9/13/2015,Eldon Advantage Chair Mats for Low to Medium Pile Carpets,Furniture,South,39,3,117,130,13
9/13/2015,Xerox 1948,Office Supplies,South,5,7,38,70,31
9/7/2015,Boston 1645 Deluxe Heavier-Duty Electric Pencil Sharpener,Office Supplies,South,32,4,128,141,12
11/16/2016,Round Ring Binders,Office Supplies,West,1,5,6,8,3
11/10/2016,"Eldon Expressions Wood and Plastic Desk Accessories, Oak",Furniture,West,7,1,7,10,3
8/15/2014,Premium Transparent Presentation Covers by GBC,Office Supplies,East,11,3,33,63,30
11/16/2015,"Neat Ideas Personal Hanging Folder Files, Black",Office Supplies,Central,10,2,20,21,2
11/16/2015,HTC One,Technology,Central,71,3,213,240,27
11/16/2015,"Howard Miller 11-1/2"" Diameter Brentwood Wall Clock",Furniture,Central,25,2,50,35,16
8/25/2015,"Eldon Executive Woodline II Desk Accessories, Mahogany",Furniture,Central,18,2,37,20,17
8/25/2015,Poly Designer Cover & Back,Office Supplies,Central,10,1,10,4,6
8/25/2015,Nu-Dell EZ-Mount Plastic Wall Frames,Furniture,Central,2,5,12,8,4
12/25/2016,KI Conference Tables,Furniture,West,60,1,60,35,24
12/25/2016,Panasonic KX MC6040 Color Laser Multifunction Printer,Technology,West,328,2,657,270,387
12/25/2016,Imation Clip USB flash drive - 8 GB,Technology,West,18,3,53,45,8
12/25/2016,Hypercom P1300 Pinpad,Technology,West,40,2,79,101,21
12/25/2016,"Global Stack Chair with Arms, Black",Furniture,West,22,2,44,48,4
10/5/2014,Plantronics Audio 478 Stereo USB Headset,Technology,West,32,2,65,100,35
11/22/2014,Hammermill CopyPlus Copy Paper (20Lb. and 84 Bright),Office Supplies,South,3,2,5,10,5
12/25/2017,Tuff Stuff Recycled Round Ring Binders,Office Supplies,West,2,1,2,4,1
3/31/2015,"White Dual Perf Computer Printout Paper, 2700 Sheets, 1 Part, Heavyweight, 20 lbs., 14 7/8 x 11",Office Supplies,Central,21,3,63,98,36
3/31/2015,3M Polarizing Light Filter Sleeves,Furniture,Central,10,3,30,22,8
9/14/2017,GBC Instant Report Kit,Office Supplies,East,3,2,6,4,3
9/14/2017,Ricoh - Ink Collector Unit for GX3000 Series Printers,Technology,East,31,1,31,13,18
9/14/2017,Office Star - Ergonomically Designed Knee Chair,Furniture,East,71,2,143,113,29
9/14/2017,Aluminum Screw Posts,Office Supplies,East,8,4,31,18,12
9/14/2017,Tensor Track Tree Floor Lamp,Furniture,East,15,8,123,128,5
9/14/2017,Lexmark MarkNet N8150 Wireless Print Server,Technology,East,205,2,410,241,169
6/17/2014,Eldon Wave Desk Accessories,Furniture,West,1,3,4,6,3
6/17/2014,OIC Binder Clips,Office Supplies,West,2,5,9,18,9
6/17/2014,GBC DocuBind P400 Electric Binding System,Office Supplies,West,735,3,2205,3266,1062
12/28/2017,Computer Printout Index Tabs,Office Supplies,Central,1,5,4,2,3
12/28/2017,G.E. Longer-Life Indoor Recessed Floodlight Bulbs,Furniture,Central,3,3,10,8,2
12/28/2017,"Padded Folding Chairs, Black, 4/Carton",Furniture,Central,58,2,117,113,3
12/28/2017,3M Hangers With Command Adhesive,Furniture,Central,2,2,4,3,1
11/2/2017,Fellowes 8 Outlet Superior Workstation Surge Protector w/o Phone/Fax/Modem Protection,Office Supplies,West,25,5,124,168,44
7/25/2015,"White Business Envelopes with Contemporary Seam, Recycled White Business Envelopes",Office Supplies,South,5,9,49,98,49
7/25/2015,"Bevis Round Conference Table Top, X-Base",Furniture,South,160,2,319,359,39
10/2/2016,Acco Perma 4000 Stacking Storage Drawers,Office Supplies,Central,14,2,28,32,5
10/2/2016,Canon imageCLASS 2200 Advanced Copier,Technology,Central,1820,5,9100,17500,8400
10/2/2016,Ibico Ibimaster 300 Manual Binding System,Office Supplies,Central,202,2,405,736,331
10/2/2016,"Acco Pressboard Covers with Storage Hooks, 14 7/8"" x 11"", Light Blue",Office Supplies,Central,3,7,18,34,17
10/2/2016,Stanley Bostitch Contemporary Electric Pencil Sharpeners,Office Supplies,Central,12,2,24,34,10
12/24/2016,Samsung Rugby III,Technology,East,48,3,145,198,53
7/21/2017,"Eureka Sanitaire  Multi-Pro Heavy-Duty Upright, Disposable Bags",Office Supplies,East,3,4,13,17,5
10/10/2015,Avery Fluorescent Highlighter Four-Color Set,Office Supplies,Central,2,3,7,8,1
9/8/2016,"Lesro Round Back Collection Coffee Table, End Table",Furniture,West,159,1,159,146,13
11/20/2016,Sony Micro Vault Click 4 GB USB 2.0 Flash Drive,Technology,West,12,2,24,28,4
10/15/2017,"Avery 4027 File Folder Labels for Dot Matrix Printers, 5000 Labels per Box, White",Office Supplies,West,16,5,82,153,70
10/15/2017,"Executive Impressions 14"" Two-Color Numerals Wall Clock",Furniture,West,13,1,13,23,9
7/6/2015,Newell 333,Office Supplies,East,2,4,8,11,3
2/5/2017,"Sanyo Counter Height Refrigerator with Crisper, 3.6 Cubic Foot, Stainless Steel/Black",Office Supplies,West,236,5,1181,1641,459
2/5/2017,Geemarc AmpliPOWER60,Technology,West,66,5,329,371,42
12/6/2015,Ibico Standard Transparent Covers,Office Supplies,East,8,3,25,15,10
9/12/2016,Imation 30456 USB Flash Drive 8GB,Technology,South,6,3,19,21,2
9/12/2016,Staples,Office Supplies,South,2,3,6,11,5
9/12/2016,"Rogers Jumbo File, Granite",Office Supplies,South,13,5,67,68,1
9/12/2016,Hon Olson Stacker Chairs,Furniture,South,188,4,752,1059,307
7/6/2014,Global Comet Stacking Armless Chair,Furniture,West,215,2,431,478,48
5/9/2016,"TOPS Money Receipt Book, Consecutively Numbered in Red,",Office Supplies,West,4,4,18,32,14
7/18/2016,iHome FM Clock Radio with Lightning Dock,Technology,West,52,1,52,56,3
6/18/2016,Xerox 1937,Office Supplies,Central,25,2,50,77,27
4/20/2014,"GE 4 Foot Flourescent Tube, 40 Watt",Furniture,West,8,4,32,60,28
1/8/2016,"Atlantic Metals Mobile 3-Shelf Bookcases, Custom Colors",Furniture,Central,193,6,1159,1566,407
1/8/2016,Plastic Binding Combs,Office Supplies,Central,8,7,56,106,50
12/23/2017,"Personal Filing Tote with Lid, Black/Gray",Office Supplies,South,11,4,45,62,17
12/23/2017,"Ativa D5772 2-Line 5.8GHz Digital Expandable Corded/Cordless Phone System with Answering & Caller ID/Call Waiting, Black/Silver",Technology,South,115,3,346,495,148
12/23/2017,"Gould Plastics 18-Pocket Panel Bin, 34w x 5-1/4d x 20-1/2h",Office Supplies,South,88,4,353,368,15
12/23/2017,"Ink Jet Note and Greeting Cards, 8-1/2"" x 5-1/2"" Card Size",Office Supplies,South,12,2,24,45,21
12/23/2017,"Tyvek Interoffice Envelopes, 9 1/2"" x 12 1/2"", 100/Box",Office Supplies,South,32,3,97,183,86
4/17/2017,"Rediform S.O.S. 1-Up Phone Message Bk, 4-1/4x3-1/16 Bk, 1 Form/Pg, 40 Messages/Bk, 3/Pk",Office Supplies,West,5,3,15,28,14
4/17/2017,Avery 517,Office Supplies,West,2,2,4,7,3
4/17/2017,Stockwell Push Pins,Office Supplies,West,1,5,7,11,4
4/17/2017,Logitech Wireless Touch Keyboard K400,Technology,West,21,11,228,275,47
4/17/2017,Avery 474,Office Supplies,West,1,8,12,23,11
4/17/2017,"Global Wood Trimmed Manager's Task Chair, Khaki",Furniture,West,79,3,237,218,19
12/1/2017,Xerox 201,Office Supplies,Central,3,2,7,10,4
8/21/2016,Avery Durable Slant Ring Binders,Office Supplies,West,4,2,8,13,5
8/21/2016,Motorola HK250 Universal Bluetooth Headset,Technology,West,23,5,113,92,21
8/21/2016,Logitech Gaming G510s - Keyboard,Technology,West,54,3,163,255,92
8/21/2016,Anker Astro Mini 3000mAh Ultra-Compact Portable Charger,Technology,West,20,2,40,32,8
8/21/2016,Bretford CR8500 Series Meeting Room Furniture,Furniture,West,301,9,2707,2887,180
8/21/2016,Xerox 1997,Office Supplies,West,3,2,7,13,6
8/21/2016,Xerox 1928,Office Supplies,West,3,9,26,48,21
12/5/2016,Avery 483,Office Supplies,Central,3,3,8,12,4
12/16/2015,Xerox 190,Office Supplies,West,3,1,3,5,2
10/17/2014,"GBC Standard Recycled Report Covers, Clear Plastic Sheets",Office Supplies,Central,6,5,28,11,17
10/17/2014,Case Logic 2.4GHz Wireless Keyboard,Technology,Central,46,3,138,120,18
9/5/2016,Avery 50,Office Supplies,South,7,2,13,25,12
9/5/2016,"Chromcraft Bull-Nose Wood 48"" x 96"" Rectangular Conference Tables",Furniture,South,446,3,1339,1653,314
10/15/2015,"C-Line Cubicle Keepers Polyproplyene Holder w/Velcro Back, 8-1/2x11, 25/Bx",Furniture,Central,38,6,227,131,95
10/15/2015,Xerox 1986,Office Supplies,Central,3,1,3,5,2
12/1/2015,Global Troy Executive Leather Low-Back Tilter,Furniture,West,376,5,1879,2004,125
12/1/2015,Xerox 219,Office Supplies,West,3,5,17,32,16
12/1/2015,Bush Advantage Collection Round Conference Table,Furniture,West,168,9,1512,1913,402
12/1/2015,Tennsco Industrial Shelving,Office Supplies,West,48,3,144,147,3
12/1/2015,"Xerox Color Copier Paper, 11"" x 17"", Ream",Office Supplies,West,12,5,62,114,53
5/31/2015,Hon Pagoda Stacking Chairs,Furniture,Central,225,8,1797,2568,770
9/10/2017,Memorex Mini Travel Drive 8 GB USB 2.0 Flash Drive,Technology,East,7,4,28,37,9
9/10/2017,Cisco IP Phone 7961G-GE VoIP phone,Technology,East,158,2,316,260,56
4/25/2017,"Telephone Message Books with Fax/Mobile Section, 5 1/2"" x 3 3/16""",Office Supplies,West,3,3,10,19,9
4/25/2017,Surelock Post Binders,Office Supplies,West,15,3,46,73,28
9/18/2017,I Need's 3d Hello Kitty Hybrid Silicone Case Cover for HTC One X 4g with 3d Hello Kitty Stylus Pen Green/pink,Technology,South,9,8,69,96,27
9/18/2017,"Post-it “Important Message” Note Pad, Neon Colors, 50 Sheets/Pad",Office Supplies,South,4,7,26,51,24
9/18/2017,"Hunt PowerHouse Electric Pencil Sharpener, Blue",Office Supplies,South,27,3,80,114,34
9/18/2017,Xerox 1997,Office Supplies,South,3,4,13,26,12
9/18/2017,"Master Caster Door Stop, Gray",Furniture,South,3,4,13,20,7
9/18/2017,AT&T CL83451 4-Handset Telephone,Technology,South,146,2,293,412,119
9/18/2017,"Fiskars 8"" Scissors, 2/Pack",Office Supplies,South,12,2,24,34,10
9/18/2017,Xerox 1917,Office Supplies,South,26,5,130,245,115
8/18/2017,GBC Personal VeloBind Strips,Office Supplies,East,6,3,19,11,8
5/24/2015,"Global High-Back Leather Tilter, Burgundy",Furniture,Central,109,7,766,603,164
5/24/2015,Avery Heavy-Duty EZD View Binder with Locking Rings,Office Supplies,Central,3,6,21,8,13
9/7/2015,Razer Kraken PRO Over Ear PC and Music Headset,Technology,East,56,7,392,560,168
7/24/2017,Hewlett Packard LaserJet 3310 Copier,Technology,West,312,5,1560,2400,840
9/2/2017,Advantus Plastic Paper Clips,Office Supplies,Central,3,4,10,16,6
9/2/2017,Belkin 7-Outlet SurgeMaster Home Series,Office Supplies,Central,10,2,21,6,15
9/2/2017,"Belkin 19"" Center-Weighted Shelf, Gray",Office Supplies,Central,56,5,280,236,44
12/6/2017,Staple magnet,Office Supplies,West,8,1,8,11,3
5/20/2017,"Square Ring Data Binders, Rigid 75 Pt. Covers, 11"" x 14-7/8""",Office Supplies,Central,11,2,21,41,20
9/27/2016,Samsung Galaxy S4,Technology,West,438,2,876,1002,125
12/10/2017,"Eldon Expressions Wood Desk Accessories, Oak",Furniture,South,5,2,10,15,4
9/13/2014,Acco Suede Grain Vinyl Round Ring Binder,Office Supplies,East,2,3,5,3,2
7/29/2017,"Bush Westfield Collection Bookcases, Medium Cherry Finish",Furniture,West,45,2,90,116,26
8/1/2017,"Fellowes Mobile File Cart, Black",Office Supplies,West,45,3,136,187,50
5/2/2017,Logitech MX Performance Wireless Mouse,Technology,West,25,4,101,160,59
6/12/2015,Speck Products Candyshell Flip Case,Technology,South,26,2,52,56,4
12/22/2014,Economy Rollaway Files,Office Supplies,Central,122,1,122,132,10
12/22/2014,Recycled Easel Ring Binders,Office Supplies,Central,8,6,49,18,31
12/22/2014,White Computer Printout Paper by Universal,Office Supplies,Central,20,4,79,124,45
12/16/2014,Office Star - Professional Matrix Back Chair with 2-to-1 Synchro Tilt and Mesh Fabric Seat,Furniture,West,267,5,1334,1404,70
4/16/2016,Stiletto Hand Letter Openers,Office Supplies,West,9,3,28,29,1
5/21/2015,"Wilson Jones Ledger-Size, Piano-Hinge Binder, 2"", Blue",Office Supplies,East,21,2,43,25,18
2/26/2017,Tripp Lite TLP810NET Broadband Surge for Modem/Fax,Office Supplies,West,37,7,257,357,100
4/4/2017,Brown Kraft Recycled Envelopes,Office Supplies,East,8,1,8,17,8
3/16/2015,"Dot Matrix Printer Tape Reel Labels, White, 5000/Box",Office Supplies,South,50,5,251,492,241
3/16/2015,Colored Envelopes,Office Supplies,South,2,2,4,7,3
11/30/2015,Avoid Verbal Orders Carbonless Minifold Book,Office Supplies,East,2,7,13,24,11
11/30/2015,"Hon Metal Bookcases, Black",Furniture,East,53,12,639,681,43
7/28/2016,Avery 495,Office Supplies,West,3,3,10,19,9
6/23/2016,Mobile Personal File Cube,Office Supplies,West,17,4,68,94,25
6/23/2016,Avery 516,Office Supplies,West,4,3,12,22,10
6/23/2016,Nortel Meridian M3904 Professional Digital phone,Technology,West,109,7,765,862,97
6/23/2016,Xerox 1884,Office Supplies,West,11,1,11,20,9
7/14/2014,Griffin GC36547 PowerJolt SE Lightning Charger,Technology,East,16,1,16,13,2
7/14/2014,iOttie HLCRIO102 Car Mount,Technology,East,19,2,38,24,14
7/14/2014,Tensor Track Tree Floor Lamp,Furniture,East,15,2,31,32,1
7/14/2014,"BOSTON Ranger #55 Pencil Sharpener, Black",Office Supplies,East,18,2,37,42,5
11/30/2017,SanDisk Ultra 64 GB MicroSDHC Class 10 Memory Card,Technology,Central,36,3,107,96,11
9/2/2016,Deflect-o DuraMat Antistatic Studded Beveled Mat for Medium Pile Carpeting,Furniture,Central,80,2,160,84,76
6/15/2014,Xerox 1902,Office Supplies,Central,12,2,25,37,12
11/5/2016,Cherry 142-key Programmable Keyboard,Technology,West,107,4,427,480,53
6/26/2017,GBC ProClick Punch Binding System,Office Supplies,East,33,2,65,102,37
6/26/2017,Acme Preferred Stainless Steel Scissors,Office Supplies,East,4,5,20,28,8
6/26/2017,"Hot File 7-Pocket, Floor Stand",Office Supplies,East,125,4,500,714,214
6/26/2017,Xerox 1991,Office Supplies,East,12,3,37,69,32
7/25/2015,Motorola L703CM,Technology,West,117,5,585,624,39
9/23/2014,Wilson Jones Suede Grain Vinyl Binders,Office Supplies,East,1,4,6,11,5
9/30/2016,"O'Sullivan Elevations Bookcase, Cherry Finish",Furniture,East,110,5,550,524,26
11/9/2015,"OIC Binder Clips, Mini, 1/4"" Capacity, Black",Office Supplies,West,1,2,1,2,1
4/25/2015,"SAFCO Commercial Wire Shelving, Black",Office Supplies,Central,138,2,276,221,55
4/25/2015,"Global Armless Task Chair, Royal Blue",Furniture,Central,51,3,152,128,24
11/19/2017,"Acco Data Flex Cable Posts For Top & Bottom Load Binders, 6"" Capacity",Office Supplies,East,6,7,40,58,18
11/19/2017,Hon 61000 Series Interactive Training Tables,Furniture,East,36,3,109,80,29
11/20/2015,NeatDesk Desktop Scanner & Digital Filing System,Technology,Central,212,2,424,480,56
10/2/2015,Pressboard Hanging Data Binders for Unburst Sheets,Office Supplies,West,3,3,8,12,4
10/2/2015,GBC Poly Designer Binding Covers,Office Supplies,West,9,4,34,54,19
10/2/2015,HTC One Mini,Technology,West,91,5,454,504,50
4/25/2015,Laser & Ink Jet Business Envelopes,Office Supplies,West,6,2,12,21,10
7/14/2016,Cardinal Holdit Data Disk Pockets,Office Supplies,South,4,5,19,36,17
7/14/2016,"Howard Miller 13-3/4"" Diameter Brushed Chrome Round Wall Clock",Furniture,South,36,1,36,52,16
9/27/2015,"Personal Filing Tote with Lid, Black/Gray",Office Supplies,West,11,1,11,16,4
9/27/2015,Xerox 1916,Office Supplies,West,24,3,73,147,73
9/27/2015,Xerox 226,Office Supplies,West,3,2,7,13,6
11/10/2017,12 Colored Short Pencils,Office Supplies,West,2,3,6,8,2
7/16/2016,Poly String Tie Envelopes,Office Supplies,South,1,5,5,10,5
7/16/2016,"Eberhard Faber 3 1/2"" Golf Pencils",Office Supplies,South,6,3,17,22,6
7/16/2016,Wilson Jones Turn Tabs Binder Tool for Ring Binders,Office Supplies,South,3,5,13,24,11
7/16/2016,Imation Secure Drive + Hardware Encrypted USB flash drive - 16 GB,Technology,South,29,2,58,76,18
7/16/2016,Recycled Pressboard Report Cover with Reinforced Top Hinge,Office Supplies,South,2,2,3,6,3
7/16/2016,HP Office Paper (20Lb. and 87 Bright),Office Supplies,South,3,9,31,60,29
10/16/2015,Mitel MiVoice 5330e IP Phone,Technology,East,203,3,610,825,214
1/10/2016,"DAX Value U-Channel Document Frames, Easel Back",Furniture,West,3,5,17,25,8
9/19/2017,Akro Stacking Bins,Office Supplies,West,8,2,15,13,3
9/19/2017,Sony Micro Vault Click 16 GB USB 2.0 Flash Drive,Technology,West,43,2,85,90,4
9/19/2017,Polycom VoiceStation 500 Conference phone,Technology,West,221,2,442,472,29
9/19/2017,Plastic Binding Combs,Office Supplies,West,8,4,32,18,14
9/15/2017,Prismacolor Color Pencil Set,Office Supplies,Central,12,2,23,32,8
6/28/2015,Avery 501,Office Supplies,West,2,2,4,6,2
6/28/2015,Electrix Halogen Magnifier Lamp,Furniture,West,144,4,575,622,47
11/25/2016,OtterBox Defender Series Case - Samsung Galaxy S4,Technology,South,21,2,42,60,18
11/25/2017,"Wirebound Message Book, 4 per Page",Office Supplies,South,3,9,25,49,24
1/14/2017,Xerox 19,Office Supplies,West,17,5,85,155,70
11/7/2014,Binder Clips by OIC,Office Supplies,East,1,4,3,6,3
11/7/2014,Riverleaf Stik-Withit Designer Note Cubes,Office Supplies,East,5,3,16,30,14
9/1/2016,Wilson Jones Turn Tabs Binder Tool for Ring Binders,Office Supplies,Central,3,5,13,24,11
9/1/2016,Belkin Grip Candy Sheer Case / Cover for iPhone 5 and 5S,Technology,Central,6,1,6,9,2
9/1/2016,"Eureka The Boss Plus 12-Amp Hard Box Upright Vacuum, Red",Office Supplies,Central,76,4,306,377,71
9/1/2016,GBC Plastic Binding Combs,Office Supplies,Central,4,4,15,30,14
9/1/2016,Newell 315,Office Supplies,Central,4,2,9,12,3
9/1/2016,"Wilson Jones 1"" Hanging DublLock Ring Binders",Office Supplies,Central,3,5,14,26,13
11/11/2017,Hoover Upright Vacuum With Dirt Cup,Office Supplies,South,206,5,1028,1158,130
12/11/2017,Hoover Commercial Lightweight Upright Vacuum,Office Supplies,Central,3,2,5,1,4
11/8/2015,"Holmes Replacement Filter for HEPA Air Cleaner, Large Room",Office Supplies,South,9,3,26,44,19
11/8/2015,AT&T 17929 Lendline Telephone,Technology,South,33,5,167,226,59
11/8/2015,Deflect-o Glass Clear Studded Chair Mats,Furniture,South,49,3,146,187,41
11/8/2015,"Hunt PowerHouse Electric Pencil Sharpener, Blue",Office Supplies,South,27,7,186,266,80
11/8/2015,Newell 314,Office Supplies,South,4,5,21,28,7
11/19/2015,Hoover Commercial Soft Guard Upright Vacuum And Disposable Filtration Bags,Office Supplies,West,6,4,23,31,8
12/23/2017,Wilson Jones International Size A4 Ring Binders,Office Supplies,Central,9,4,36,14,22
12/23/2017,Xerox 1940,Office Supplies,Central,28,4,112,176,64
9/16/2016,Xerox 1966,Office Supplies,West,3,2,7,13,6
5/26/2017,Belkin 8-Outlet Premiere SurgeMaster II Surge Protectors,Office Supplies,South,49,3,146,208,63
5/26/2017,Martin-Yale Premier Letter Opener,Office Supplies,South,12,2,25,26,1
3/30/2015,"Office Star - Contemporary Task Swivel chair with Loop Arms, Charcoal",Furniture,Central,119,4,477,367,110
8/19/2014,"Deflect-o EconoMat Studded, No Bevel Mat for Low Pile Carpeting",Furniture,West,38,7,263,289,26
8/19/2014,Satellite Sectional Post Binders,Office Supplies,West,23,2,47,69,23
12/23/2014,Xerox 2000,Office Supplies,Central,3,1,3,5,2
11/1/2015,Hon Comfortask Task/Swivel Chairs,Furniture,East,96,2,191,205,14
12/15/2014,Dana Swing-Arm Lamps,Furniture,Central,8,2,16,9,7
8/21/2015,Acco D-Ring Binder w/DublLock,Office Supplies,East,11,2,22,13,9
8/21/2015,Global Commerce Series High-Back Swivel/Tilt Chairs,Furniture,East,214,3,641,598,43
8/21/2015,Tenex Chairmats For Use with Hard Floors,Furniture,East,30,1,30,26,4
5/23/2014,Avery Non-Stick Binders,Office Supplies,East,2,5,12,18,6
5/23/2014,Letter Slitter,Office Supplies,East,2,2,5,5,0
5/23/2014,"1.7 Cubic Foot Compact ""Cube"" Office Refrigerators",Office Supplies,East,152,1,152,208,56
12/9/2017,O'Sullivan 3-Shelf Heavy-Duty Bookcases,Furniture,West,44,3,133,148,16
3/11/2014,"Fellowes Premier Superior Surge Suppressor, 10-Outlet, With Phone and Remote",Office Supplies,South,36,3,109,147,38
3/11/2014,Maxell DVD-RAM Discs,Technology,South,9,2,19,33,14
3/11/2014,Panasonic KX-TG9471B,Technology,South,141,3,423,588,165
3/11/2014,Xerox 198,Office Supplies,South,3,3,8,15,7
6/23/2016,Avery 487,Office Supplies,East,2,7,14,26,12
8/23/2014,Xerox 1976,Office Supplies,West,3,3,10,16,5
8/23/2014,Acme Titanium Bonded Scissors,Office Supplies,West,6,1,6,7,1
8/23/2014,Regeneration Desk Collection,Furniture,West,1,3,3,4,1
8/23/2014,Cisco SPA525G2 IP Phone - Wireless,Technology,West,15,9,133,144,11
8/23/2014,Xerox 1931,Office Supplies,West,3,6,20,31,11
8/23/2014,Xerox 1988,Office Supplies,West,17,9,153,223,70
2/6/2017,Grandstream GXP1160 VoIP phone,Technology,East,27,6,161,227,66
2/6/2017,"Acco Recycled 2"" Capacity Laser Printer Hanging Data Binders",Office Supplies,East,8,4,31,46,16
1/29/2017,Permanent Self-Adhesive File Folder Labels for Typewriters by Universal,Office Supplies,East,1,2,3,5,2
12/20/2016,Strathmore Photo Mount Cards,Office Supplies,Central,4,5,18,34,16
11/11/2016,Staple magnet,Office Supplies,East,7,3,20,28,8
11/11/2016,KeyTronic E03601U1 - Keyboard - Beige,Technology,East,15,2,30,36,6
11/11/2016,"Boston School Pro Electric Pencil Sharpener, 1670",Office Supplies,East,23,3,68,93,25
11/11/2016,"Global Wood Trimmed Manager's Task Chair, Khaki",Furniture,East,79,3,237,246,8
11/11/2016,Deluxe Heavy-Duty Vinyl Round Ring Binder,Office Supplies,East,13,3,38,55,17
11/11/2016,"XtraLife ClearVue Slant-D Ring Binder, White, 3""",Office Supplies,East,8,3,24,35,11
11/9/2017,"Lifetime Advantage Folding Chairs, 4/Carton",Furniture,West,157,3,471,523,52
5/2/2014,Brother DCP1000 Digital 3 in 1 Multifunction Machine,Technology,South,195,2,390,480,90
9/22/2017,Xerox 219,Office Supplies,South,3,2,7,13,6
9/22/2017,"Stride Job 150 Highlighters, Chisel Tip, Assorted Colors",Office Supplies,South,4,3,11,18,6
12/17/2017,Safco Steel Mobile File Cart,Office Supplies,East,63,2,125,167,42
12/17/2017,GBC Wire Binding Combs,Office Supplies,East,5,3,16,25,8
12/17/2017,Deflect-o Glass Clear Studded Chair Mats,Furniture,East,49,2,97,124,27
7/18/2017,Canon PC-428 Personal Copier,Technology,East,106,5,530,600,70
7/18/2017,"Situations Contoured Folding Chairs, 4/Set",Furniture,East,53,4,213,199,14
7/18/2017,Acme Kleencut Forged Steel Scissors,Office Supplies,East,4,2,8,9,1
11/3/2016,Xerox 1978,Office Supplies,Central,3,2,6,9,3
4/8/2014,Bevis 36 x 72 Conference Tables,Furniture,West,97,1,97,100,2
4/8/2014,Logitech Wireless Headset h800,Technology,West,65,4,260,400,140
8/14/2016,Xerox 200,Office Supplies,South,3,3,10,16,5
9/25/2014,Dixon Ticonderoga Core-Lock Colored Pencils,Office Supplies,West,6,2,12,15,2
12/11/2016,Ibico Laser Imprintable Binding System Covers,Office Supplies,West,28,5,141,210,68
12/11/2016,Boston 16765 Mini Stand Up Battery Pencil Sharpener,Office Supplies,West,9,2,17,23,6
12/11/2016,"IBM Multi-Purpose Copy Paper, 8 1/2 x 11"", Case",Office Supplies,West,17,1,17,31,14
12/11/2016,Microsoft Natural Ergonomic Keyboard 4000,Technology,West,24,4,95,120,25
12/11/2016,"Global Wood Trimmed Manager's Task Chair, Khaki",Furniture,West,79,5,396,364,32
12/11/2016,Recycled Easel Ring Binders,Office Supplies,West,8,3,25,36,11
12/11/2016,GBC Recycled VeloBinder Covers,Office Supplies,West,9,9,83,123,40
12/11/2016,Hon Non-Folding Utility Tables,Furniture,West,112,7,781,892,112
12/11/2016,Rogers Profile Extra Capacity Storage Tub,Office Supplies,West,16,3,48,50,2
12/11/2016,Fellowes 8 Outlet Superior Workstation Surge Protector,Office Supplies,West,30,2,59,83,24
12/11/2016,"Black Avery Memo-Size 3-Ring Binder, 5 1/2"" x 8 1/2""",Office Supplies,West,2,2,4,6,2
2/3/2015,Wilson Jones Standard D-Ring Binders,Office Supplies,West,3,3,8,12,4
12/29/2016,"Peel & Seel Recycled Catalog Envelopes, Brown",Office Supplies,West,6,3,17,28,10
8/31/2017,Acme Kleen Earth Office Shears,Office Supplies,West,3,2,6,6,1
2/4/2017,Belkin 6 Outlet Metallic Surge Strip,Office Supplies,East,8,3,24,33,8
12/6/2014,Standard Rollaway File with Lock,Office Supplies,West,133,7,933,1261,328
5/30/2016,Xerox 228,Office Supplies,West,3,6,20,39,19
5/21/2016,"Pressboard Covers with Storage Hooks, 9 1/2"" x 11"", Light Blue",Office Supplies,Central,3,2,5,2,3
5/21/2016,Southworth 100% Cotton The Best Paper,Office Supplies,Central,6,9,52,83,31
8/9/2014,Great White Multi-Use Recycled Paper (20Lb. and 84 Bright),Office Supplies,West,3,1,3,6,3
9/5/2016,Xerox 196,Office Supplies,Central,3,2,6,9,3
7/23/2016,Newell 339,Office Supplies,Central,2,2,4,4,0
7/23/2016,Xerox 231,Office Supplies,Central,3,1,3,5,2
7/23/2016,Boston 1645 Deluxe Heavier-Duty Electric Pencil Sharpener,Office Supplies,Central,32,5,161,176,15
7/23/2016,Storex Dura Pro Binders,Office Supplies,Central,3,4,13,5,8
7/23/2016,Acme Elite Stainless Steel Scissors,Office Supplies,Central,6,2,12,13,1
5/12/2016,"Manila Recycled Extra-Heavyweight Clasp Envelopes, 6"" x 9""",Office Supplies,West,6,5,28,55,27
9/2/2016,Heavy-Duty E-Z-D Binders,Office Supplies,South,6,7,40,23,18
9/2/2016,Belkin F9M820V08 8 Outlet Surge,Office Supplies,South,31,9,275,309,35
9/2/2016,Zebra Zazzle Fluorescent Highlighters,Office Supplies,South,4,4,16,19,3
9/2/2016,Hon Racetrack Conference Tables,Furniture,South,207,3,622,473,150
9/2/2016,Plantronics Savi W720 Multi-Device Wireless Headset System,Technology,South,236,3,709,1013,304
9/2/2016,GBC Plasticlear Binding Covers,Office Supplies,South,6,5,30,17,13
7/21/2017,Nontoxic Chalk,Office Supplies,West,1,2,2,4,2
7/21/2017,Polycom SoundPoint IP 450 VoIP phone,Technology,West,167,9,1504,1626,122
9/25/2017,Avery Metallic Poly Binders,Office Supplies,East,3,5,15,9,6
9/25/2017,Compact Automatic Electric Letter Opener,Office Supplies,East,117,2,234,191,43
8/3/2017,Fellowes Bases and Tops For Staxonsteel/High-Stak Systems,Office Supplies,West,25,3,76,100,24
10/25/2015,Newell 319,Office Supplies,West,14,4,56,79,24
6/15/2017,Panasonic KX T7736-B Digital phone,Technology,West,112,1,112,120,7
1/9/2015,Easy-staple paper,Office Supplies,South,19,3,56,106,50
1/9/2015,Belkin 5 Outlet SurgeMaster Power Centers,Office Supplies,South,39,3,118,163,46
1/9/2015,Boston 1730 StandUp Electric Pencil Sharpener,Office Supplies,South,16,2,32,43,11
1/9/2015,"Speediset Carbonless Redi-Letter 7"" x 8 1/2""",Office Supplies,South,5,5,27,52,24
2/9/2015,Logitech Wireless Headset h800,Technology,Central,65,6,390,480,90
8/19/2016,Surelock Post Binders,Office Supplies,East,15,6,92,147,55
8/19/2016,Ibico EB-19 Dual Function Manual Binding System,Office Supplies,East,93,2,187,277,90
8/19/2016,"Cardinal HOLDit! Binder Insert Strips,Extra Strips",Office Supplies,East,3,5,16,25,9
11/6/2017,Xerox 1906,Office Supplies,East,19,9,169,319,150
12/26/2015,Xerox 1906,Office Supplies,East,19,6,113,213,100
11/23/2014,Staple envelope,Office Supplies,West,5,3,15,23,9
8/1/2016,Easy-staple paper,Office Supplies,Central,7,2,13,20,7
9/21/2014,"Angle-D Binders with Locking Rings, Label Holders",Office Supplies,East,4,3,12,7,5
9/4/2017,"24 Capacity Maxi Data Binder Racks, Pearl",Office Supplies,West,158,2,316,421,105
6/19/2017,Global Ergonomic Managers Chair,Furniture,East,134,6,804,760,43
6/19/2017,Contemporary Wood/Metal Frame,Furniture,East,11,3,32,39,7
6/19/2017,"Memorex 25GB 6X Branded Blu-Ray Recordable Disc, 15/Pack",Technology,East,13,9,121,122,2
4/19/2016,Gear Head AU3700S Headset,Technology,East,13,2,25,26,1
4/19/2016,BIC Brite Liner Grip Highlighters,Office Supplies,East,1,2,2,3,1
4/19/2016,Space Solutions HD Industrial Steel Shelving.,Office Supplies,East,112,4,446,460,14
4/19/2016,Acme Kleen Earth Office Shears,Office Supplies,East,3,2,6,8,2
4/19/2016,Panasonic KP-380BK Classic Electric Pencil Sharpener,Office Supplies,East,27,2,54,72,18
4/19/2016,Fiskars Softgrip Scissors,Office Supplies,East,8,5,40,55,15
4/19/2016,"Wilson Jones Clip & Carry Folder Binder Tool for Ring Binders, Clear",Office Supplies,East,3,2,6,9,3
5/5/2016,Global Adaptabilities Conference Tables,Furniture,West,228,6,1366,1686,320
5/5/2016,Avery Poly Binder Pockets,Office Supplies,West,2,2,4,6,2
10/18/2014,Xerox 1925,Office Supplies,West,17,2,34,62,28
10/18/2014,Computer Printout Index Tabs,Office Supplies,West,1,1,1,1,0
2/13/2017,Xerox 1903,Office Supplies,East,3,3,9,18,9
11/17/2017,"Cardinal Slant-D Ring Binder, Heavy Gauge Vinyl",Office Supplies,West,5,2,9,14,5
1/20/2014,GBC DocuBind TL200 Manual Binding Machine,Office Supplies,South,119,1,119,67,52
12/1/2017,Xerox 1947,Office Supplies,West,3,7,23,42,19
12/1/2017,"Hon Metal Bookcases, Putty",Furniture,West,50,2,101,142,41
8/9/2015,OIC Stacking Trays,Furniture,East,2,3,6,10,4
8/9/2015,Xerox 1885,Office Supplies,East,25,3,75,144,69
9/27/2016,Xerox 1965,Office Supplies,South,3,3,9,18,9
9/27/2016,"Binney & Smith Crayola Metallic Colored Pencils, 8-Color Set",Office Supplies,South,3,3,9,14,5
11/14/2016,Tops Wirebound Message Log Books,Office Supplies,East,2,5,9,16,8
11/14/2016,Stacking Trays by OIC,Furniture,East,3,4,13,20,7
4/16/2016,Memorex Froggy Flash Drive 4 GB,Technology,South,7,4,27,35,8
4/16/2016,Standard Line “While You Were Out” Hardbound Telephone Message Book,Office Supplies,South,12,7,83,123,40
11/26/2017,KI Adjustable-Height Table,Furniture,Central,64,3,191,258,67
11/26/2017,Samsung Galaxy S4 Mini,Technology,Central,334,4,1335,1880,545
11/26/2017,DAX Wood Document Frame,Furniture,Central,9,2,18,27,10
11/26/2017,Innergie mMini Combo Duo USB Travel Charging Kit,Technology,Central,23,2,47,90,43
11/26/2017,SAFCO Arco Folding Chair,Furniture,Central,196,3,588,829,240
11/20/2015,Wilson Jones Turn Tabs Binder Tool for Ring Binders,Office Supplies,South,3,5,13,7,6
11/20/2015,Crate-A-Files,Office Supplies,South,8,2,16,17,1
11/20/2015,Ibico Laser Imprintable Binding System Covers,Office Supplies,South,28,4,113,63,50
11/20/2015,O'Sullivan Living Dimensions 2-Shelf Bookcases,Furniture,South,109,3,327,290,36
9/7/2017,Maxell 4.7GB DVD-R,Technology,Central,17,4,67,114,47
9/7/2017,"DataProducts Ampli Magnifier Task Lamp, Black,",Furniture,Central,19,5,97,135,38
11/24/2014,"Executive Impressions 14""",Furniture,South,12,5,62,111,49
3/11/2017,Nortel Meridian M5316 Digital phone,Technology,East,192,5,958,777,181
3/11/2017,"Avery Trapezoid Ring Binder, 3"" Capacity, Black, 1040 sheets",Office Supplies,East,21,1,21,12,9
3/11/2017,KI Adjustable-Height Table,Furniture,East,67,3,201,155,46
3/11/2017,Desktop 3-Pocket Hot File,Office Supplies,East,40,1,40,43,3
6/12/2016,"IBM Multi-Purpose Copy Paper, 8 1/2 x 11"", Case",Office Supplies,East,17,3,51,93,42
6/12/2016,Bionaire 99.97% HEPA Air Cleaner,Office Supplies,East,11,3,34,53,18
6/26/2015,Polycom SoundStation2 EX Conference phone,Technology,Central,288,3,863,972,109
12/22/2017,"Situations Contoured Folding Chairs, 4/Set",Furniture,South,53,2,106,142,35
12/22/2017,"Lesro Round Back Collection Coffee Table, End Table",Furniture,West,159,2,318,183,135
10/9/2014,"Eaton Premium Continuous-Feed Paper, 25% Cotton, Letter Size, White, 1000 Shts/Box",Office Supplies,South,29,2,58,89,31
12/10/2015,3M Replacement Filter for Office Air Cleaner for 20' x 33' Room,Office Supplies,Central,23,7,162,53,109
12/25/2015,Tenex B1-RE Series Chair Mats for Low Pile Carpets,Furniture,South,38,6,229,276,47
12/25/2015,Tuf-Vin Binders,Office Supplies,South,17,5,84,158,74
4/29/2017,Color-Coded Legal Exhibit Labels,Office Supplies,East,3,1,3,5,2
3/28/2016,Rogers Deluxe File Chest,Office Supplies,West,22,4,87,88,1
3/28/2016,Xerox 1983,Office Supplies,West,3,1,3,6,3
5/13/2015,Toshiba IPT2010-SD IP Telephone,Technology,Central,103,2,206,222,17
5/13/2015,Advantus Plastic Paper Clips,Office Supplies,Central,3,4,10,16,6
7/4/2014,Southworth Structures Collection,Office Supplies,South,4,3,11,22,11
7/4/2014,Zipper Ring Binder Pockets,Office Supplies,South,2,5,8,16,8
4/22/2014,Staple envelope,Office Supplies,East,16,8,126,248,121
4/22/2014,"ACCOHIDE 3-Ring Binder, Blue, 1""",Office Supplies,East,2,3,7,10,3
9/19/2016,Home/Office Personal File Carts,Office Supplies,East,26,2,52,70,17
7/22/2014,Newell 32,Office Supplies,West,2,4,8,12,3
7/22/2014,Global Comet Stacking Armless Chair,Furniture,West,215,3,646,718,72
7/22/2014,Eldon Mobile Mega Data Cart  Mega Stackable  Add-On Trays,Office Supplies,West,17,10,168,237,69
7/22/2014,Safco Drafting Table,Furniture,West,50,3,151,170,19
10/8/2017,Office Star - Ergonomically Designed Knee Chair,Furniture,East,71,2,143,146,3
4/25/2017,Sony 64GB Class 10 Micro SDHC R40 Memory Card,Technology,West,28,3,85,108,23
3/26/2017,Sony 64GB Class 10 Micro SDHC R40 Memory Card,Technology,Central,28,5,142,144,2
3/26/2017,Canon PC1080F Personal Copier,Technology,Central,366,5,1830,2400,570
3/26/2017,Xerox 1951,Office Supplies,Central,17,3,51,74,23
3/26/2017,Belkin 5 Outlet SurgeMaster Power Centers,Office Supplies,Central,39,8,314,87,227
3/26/2017,"Neat Ideas Personal Hanging Folder Files, Black",Office Supplies,Central,10,3,30,32,2
5/4/2017,"Black Avery Memo-Size 3-Ring Binder, 5 1/2"" x 8 1/2""",Office Supplies,East,2,2,4,2,2
5/4/2017,"Avery 3 1/2"" Diskette Storage Pages, 10/Pack",Office Supplies,East,6,3,17,9,8
11/14/2016,"BlueLounge Milo Smartphone Stand, White/Metallic",Technology,East,22,3,65,90,25
1/6/2014,"Dixon Prang Watercolor Pencils, 10-Color Set with Brush",Office Supplies,South,3,3,8,13,5
12/27/2016,Micro Innovations USB RF Wireless Keyboard with Mouse,Technology,East,20,2,40,40,1
4/30/2017,Fellowes Black Plastic Comb Bindings,Office Supplies,West,3,5,16,23,8
4/21/2017,"Global Fabric Manager's Chair, Dark Gray",Furniture,East,76,9,682,909,227
8/17/2017,Acco Side-Punched Conventional Columnar Pads,Office Supplies,Central,3,2,7,6,1
8/17/2017,Avery Fluorescent Highlighter Four-Color Set,Office Supplies,Central,2,3,7,8,1
8/17/2017,SAFCO Optional Arm Kit for Workspace Cribbage Stacking Chair,Furniture,Central,19,4,77,75,2
8/17/2017,36X48 HARDFLOOR CHAIRMAT,Furniture,Central,20,2,39,17,22
8/17/2017,Belkin Premiere Surge Master II 8-outlet surge protector,Office Supplies,Central,34,4,138,39,99
11/12/2016,Panasonic KX TS3282W Corded phone,Technology,West,59,3,178,204,25
11/12/2016,Global Adaptabilities Conference Tables,Furniture,West,228,3,683,674,8
10/1/2016,Avery Non-Stick Binders,Office Supplies,South,2,4,10,5,4
10/1/2016,Staples in misc. colors,Office Supplies,South,3,8,26,31,5
2/12/2016,Tennsco Double-Tier Lockers,Office Supplies,South,196,6,1175,1350,176
2/12/2016,"Avery Durable Slant Ring Binders, No Labels",Office Supplies,South,2,4,8,16,7
11/13/2016,DAX Solid Wood Frames,Furniture,West,6,2,12,20,7
4/26/2014,Newell 347,Office Supplies,West,3,5,15,21,6
4/26/2014,Avery 495,Office Supplies,West,3,2,7,13,6
8/11/2015,Newell 330,Office Supplies,East,4,2,9,12,3
8/11/2015,AT&T 841000 Phone,Technology,East,52,2,104,138,35
11/27/2016,Wi-Ex zBoost YX540 Cellular Phone Signal Booster,Technology,South,102,1,102,117,15
11/27/2016,KI Adjustable-Height Table,Furniture,South,64,7,445,331,114
10/28/2016,"Tenex Chairmat w/ Average Lip, 45"" x 53""",Furniture,East,136,5,681,757,76
12/29/2014,"Master Caster Door Stop, Large Brown",Furniture,Central,5,3,14,9,5
9/10/2015,Manco Dry-Lighter Erasable Highlighter,Office Supplies,East,2,2,4,6,2
10/2/2017,Dax Clear Box Frame,Furniture,West,6,2,12,17,6
10/2/2017,Ricoh - Ink Collector Unit for GX3000 Series Printers,Technology,West,31,11,337,369,32
9/11/2016,"Crayola Anti Dust Chalk, 12/Pack",Office Supplies,West,1,2,2,3,1
9/11/2016,Xerox 1976,Office Supplies,West,3,4,13,21,7
9/11/2016,Great White Multi-Use Recycled Paper (20Lb. and 84 Bright),Office Supplies,West,3,2,7,10,3
6/2/2016,Riverleaf Stik-Withit Designer Note Cubes,Office Supplies,West,5,3,16,30,14
6/2/2016,"Acco PRESSTEX Data Binder with Storage Hooks, Dark Blue, 14 7/8"" X 11""",Office Supplies,West,3,12,33,52,19
6/2/2016,Acco Translucent Poly Ring Binders,Office Supplies,West,2,3,7,11,4
10/15/2017,Avery 478,Office Supplies,West,3,3,8,15,7
9/27/2015,Newell 321,Office Supplies,Central,2,5,12,16,5
9/27/2015,Xerox 1996,Office Supplies,Central,3,4,13,26,12
5/3/2015,Newell 317,Office Supplies,West,2,3,6,9,3
5/3/2015,Ibico Recycled Linen-Style Covers,Office Supplies,West,20,2,41,62,22
5/3/2015,Logitech Gaming G510s - Keyboard,Technology,West,54,4,218,340,122
5/3/2015,GBC Linen Binding Covers,Office Supplies,West,16,2,32,50,17
1/9/2017,Ibico Hi-Tech Manual Binding System,Office Supplies,East,168,3,503,274,229
1/27/2017,Jensen SMPS-640 - speaker phone,Technology,East,34,3,102,138,36
9/2/2017,Kingston Digital DataTraveler 32GB USB 2.0,Technology,Central,16,3,48,41,7
7/14/2016,Panasonic Kx-TS550,Technology,West,33,3,98,110,12
7/14/2016,Holmes 99% HEPA Air Purifier,Office Supplies,West,15,7,102,152,50
7/14/2016,Deflect-O Glasstique Clear Desk Accessories,Furniture,West,5,4,21,31,10
2/24/2017,Xerox 1988,Office Supplies,East,17,5,85,124,39
2/24/2017,Plantronics CS510 - Over-the-Head monaural Wireless Headset System,Technology,East,221,5,1105,1320,214
7/20/2014,Clear Mylar Reinforcing Strips,Office Supplies,West,10,6,59,90,30
7/20/2014,"Wirebound Message Books, Two 4 1/4"" x 5"" Forms per Page",Office Supplies,West,4,3,12,23,11
3/13/2017,GBC VeloBind Cover Sets,Office Supplies,East,8,2,15,31,15
3/13/2017,Hoover Commercial Lightweight Upright Vacuum with E-Z Empty Dirt Cup,Office Supplies,East,172,2,344,465,121
3/13/2017,Strathmore Photo Mount Cards,Office Supplies,East,4,4,15,27,12
3/8/2016,Coloredge Poster Frame,Furniture,East,9,8,69,114,44
3/8/2016,Xerox 1993,Office Supplies,East,3,2,7,13,6
3/8/2016,Satellite Sectional Post Binders,Office Supplies,East,23,2,47,69,23
12/7/2014,Newell 32,Office Supplies,West,2,3,6,9,2
7/10/2016,"Brother MFC-9340CDW LED All-In-One Printer, Copier Scanner",Technology,East,220,3,661,342,319
12/24/2016,"Eldon 200 Class Desk Accessories, Smoke",Furniture,West,4,7,25,44,18
12/24/2016,Staple envelope,Office Supplies,West,3,7,21,40,19
4/23/2017,"DAX Two-Tone Rosewood/Black Document Frame, Desktop, 5 x 7",Furniture,West,6,7,40,66,27
4/23/2017,GBC Durable Plastic Covers,Office Supplies,West,10,6,63,93,30
4/23/2017,Eldon 500 Class Desk Accessories,Furniture,West,8,2,16,24,8
8/17/2017,HON 5400 Series Task Chairs for Big and Tall,Furniture,East,561,9,5047,4416,631
5/22/2017,SANFORD Major Accent Highlighters,Office Supplies,West,4,7,31,50,19
2/9/2017,Sensible Storage WireTech Storage Systems,Office Supplies,West,67,5,337,355,18
3/3/2014,Avery 495,Office Supplies,East,3,3,10,15,5
3/3/2014,O'Sullivan 4-Shelf Bookcase in Odessa Pine,Furniture,East,100,5,502,302,200
3/3/2014,Eldon Shelf Savers Cubes and Bins,Office Supplies,East,7,8,55,45,10
6/4/2015,Logitech Wireless Anywhere Mouse MX for PC and Mac,Technology,West,42,2,84,120,36
6/4/2015,Logitech Z-906 Speaker sys - home theater - 5.1-CH,Technology,West,198,3,594,990,396
8/27/2016,Avery 484,Office Supplies,South,1,4,6,9,3
9/12/2016,Xerox 1991,Office Supplies,Central,12,3,37,69,32
5/30/2016,"Acco 7-Outlet Masterpiece Power Center, Wihtout Fax/Phone Line Protection",Office Supplies,Central,85,3,255,365,109
5/30/2016,"DAX Charcoal/Nickel-Tone Document Frame, 5 x 7",Furniture,Central,5,5,26,47,21
5/30/2016,Eldon Simplefile Box Office,Office Supplies,Central,9,4,36,50,14
5/30/2016,Newell 333,Office Supplies,Central,2,2,4,6,1
5/30/2016,Xerox 1915,Office Supplies,Central,55,6,327,629,302
5/30/2016,Newell 343,Office Supplies,Central,2,5,11,15,4
5/30/2016,Xerox 217,Office Supplies,Central,3,7,24,45,22
5/30/2016,VTech DS6151,Technology,Central,91,1,91,126,35
6/10/2017,"Sanford EarthWrite Recycled Pencils, Medium Soft, #2",Office Supplies,West,2,7,11,15,4
10/22/2017,"LF Elite 3D Dazzle Designer Hard Case Cover, Lf Stylus Pen and Wiper For Apple Iphone 5c Mini Lite",Technology,East,8,5,39,33,7
10/22/2017,#6 3/4 Gummed Flap White Envelopes,Office Supplies,East,5,4,21,32,11
6/13/2017,Boston 1799 Powerhouse Electric Pencil Sharpener,Office Supplies,South,19,7,131,182,51
11/23/2014,Office Star Flex Back Scooter Chair with White Frame,Furniture,Central,95,2,191,155,36
8/16/2017,Recycled Easel Ring Binders,Office Supplies,South,8,3,25,13,11
8/16/2017,Acco Perma 3000 Stacking Storage Drawers,Office Supplies,South,17,4,68,67,1
1/14/2016,Xerox 1882,Office Supplies,South,29,2,57,90,32
1/14/2016,Electrix Fluorescent Magnifier Lamps & Weighted Base,Furniture,South,36,8,284,316,32
9/16/2016,"Sauder Forest Hills Library with Doors, Woodland Oak Finish",Furniture,West,143,2,287,274,13
9/16/2016,"Eureka Sanitaire  Multi-Pro Heavy-Duty Upright, Disposable Bags",Office Supplies,West,3,4,13,17,5
10/10/2016,Martin-Yale Premier Letter Opener,Office Supplies,South,12,2,25,21,4
10/10/2016,Presstex Flexible Ring Binders,Office Supplies,South,2,3,7,4,3
11/13/2015,Panasonic KX TS3282W Corded phone,Technology,West,59,5,297,340,42
11/13/2015,"Eldon Stackable Tray, Side-Load, Legal, Smoke",Furniture,West,6,7,42,64,22
11/2/2014,Razer Kraken 7.1 Surround Sound Over Ear USB Gaming Headset,Technology,South,56,10,560,800,240
7/19/2016,Griffin GC36547 PowerJolt SE Lightning Charger,Technology,West,16,2,31,36,4
7/19/2016,Logitech G35 7.1-Channel Surround Sound Headset,Technology,West,86,3,257,390,133
5/14/2016,Imation 16GB Mini TravelDrive USB 2.0 Flash Drive,Technology,West,20,7,137,186,49
2/21/2015,Fellowes PB500 Electric Punch Plastic Comb Binding Machine with Manual Bind,Office Supplies,East,635,2,1271,2542,1271
10/16/2017,Swingline SM12-08 MicroCut Jam Free Shredder,Technology,West,216,5,1080,600,480
6/22/2017,Wilson Jones Standard D-Ring Binders,Office Supplies,Central,3,3,8,3,5
9/9/2017,"BIC Brite Liner Highlighters, Chisel Tip",Office Supplies,East,4,5,22,26,4
9/9/2017,"Deflect-o EconoMat Studded, No Bevel Mat for Low Pile Carpeting",Furniture,East,38,2,75,66,9
10/14/2017,"Verbatim 25 GB 6x Blu-ray Single Layer Recordable Disc, 10/Pack",Technology,West,8,4,31,46,15
6/20/2016,Imation 30456 USB Flash Drive 8GB,Technology,Central,6,1,6,7,1
6/20/2016,"Executive Impressions 13"" Clairmont Wall Clock",Furniture,Central,11,3,34,58,24
9/2/2014,Epson TM-T88V Direct Thermal Printer - Monochrome - Desktop,Technology,Central,227,3,681,560,121
1/30/2016,"File Shuttle II and Handi-File, Black",Office Supplies,West,25,9,229,305,76
1/30/2016,GBC Wire Binding Strips,Office Supplies,West,17,2,33,51,18
1/30/2016,Avery 512,Office Supplies,West,2,9,14,26,12
12/4/2017,Okidata C610n Printer,Technology,South,461,2,922,649,273
1/23/2016,"DAX Cubicle Frames, 8-1/2 x 11",Furniture,West,5,7,38,60,22
5/26/2015,"DAX Metal Frame, Desktop, Stepped-Edge",Furniture,West,12,1,12,20,8
5/4/2014,Boston Home & Office Model 2000 Electric Pencil Sharpeners,Office Supplies,Central,18,2,35,38,3
5/4/2014,OIC Thumb-Tacks,Office Supplies,Central,1,6,4,5,2
2/10/2015,Eldon ProFile File 'N Store Portable File Tub Letter/Legal Size Black,Office Supplies,East,14,5,70,77,8
11/18/2014,BPI Conference Tables,Furniture,Central,117,4,467,292,175
11/18/2014,Dana Swing-Arm Lamps,Furniture,Central,8,2,16,9,7
11/18/2014,Hon 4-Shelf Metal Bookcases,Furniture,Central,76,6,454,424,30
11/18/2014,Wilson Jones Turn Tabs Binder Tool for Ring Binders,Office Supplies,Central,3,3,8,3,5
11/18/2014,Fellowes Stor/Drawer Steel Plus Storage Drawers,Office Supplies,Central,90,5,449,382,67
9/4/2017,"Global Value Steno Chair, Gray",Furniture,South,46,2,91,97,6
9/4/2017,Xerox 213,Office Supplies,South,3,2,7,10,4
3/29/2014,Bush Advantage Collection Racetrack Conference Table,Furniture,Central,348,3,1044,891,153
11/5/2016,KeyTronic E03601U1 - Keyboard - Beige,Technology,West,15,4,59,72,13
11/5/2016,Harbour Creations 67200 Series Stacking Chairs,Furniture,West,52,2,104,114,10
11/5/2016,"Strathmore #10 Envelopes, Ultimate White",Office Supplies,West,27,3,81,158,77
6/10/2017,Plymouth Boxed Rubber Bands by Plymouth,Office Supplies,East,4,3,13,14,1
8/10/2015,GBC Binding covers,Office Supplies,Central,7,5,36,65,29
10/9/2015,Zipper Ring Binder Pockets,Office Supplies,South,2,2,3,2,1
10/9/2015,Clear Mylar Reinforcing Strips,Office Supplies,South,10,2,20,11,9
10/9/2015,Avery Hi-Liter Smear-Safe Highlighters,Office Supplies,South,4,8,30,37,7
5/28/2016,Wilson Electronics DB Pro Signal Booster,Technology,Central,261,1,261,286,25
5/11/2017,Panasonic KP-4ABK Battery-Operated Pencil Sharpener,Office Supplies,East,10,3,31,44,13
10/16/2016,Chromcraft Rectangular Conference Tables,Furniture,East,180,1,180,142,38
11/17/2017,"Wirebound Message Forms, Four 2 3/4 x 5 Forms per Page, Pink Paper",Office Supplies,West,4,3,13,20,7
11/17/2017,Avery Reinforcements for Hole-Punch Pages,Office Supplies,West,1,7,8,4,3
11/26/2017,Plantronics Calisto P620-M USB Wireless Speakerphone System,Technology,East,143,5,715,980,265
11/26/2017,"DataProducts Ampli Magnifier Task Lamp, Black,",Furniture,East,19,5,97,135,38
9/3/2017,"""While you Were Out"" Message Book, One Form per Page",Office Supplies,Central,2,3,6,9,3
9/3/2017,Hypercom P1300 Pinpad,Technology,Central,40,2,79,101,21
12/5/2017,Magnifier Swing Arm Lamp,Furniture,East,16,2,31,42,11
12/5/2017,Self-Adhesive Removable Labels,Office Supplies,East,2,3,5,9,5
11/10/2017,"Eureka The Boss Lite 10-Amp Upright Vacuum, Blue",Office Supplies,West,58,5,289,401,112
11/10/2017,GBC VeloBinder Manual Binding System,Office Supplies,West,19,1,19,29,10
3/18/2014,Eldon Cleatmat Chair Mats for Medium Pile Carpets,Furniture,West,48,2,97,111,14
3/18/2014,Swingline SM12-08 MicroCut Jam Free Shredder,Technology,West,216,4,864,1280,416
3/18/2014,Tennsco 6- and 18-Compartment Lockers,Office Supplies,West,217,7,1522,1856,334
11/12/2016,"DAX Charcoal/Nickel-Tone Document Frame, 5 x 7",Furniture,Central,5,6,31,23,9
10/26/2017,Cisco Small Business SPA 502G VoIP phone,Technology,East,75,1,75,62,13
10/26/2017,"Premium Transparent Presentation Covers, No Pattern/Clear, 8 1/2"" x 11""",Office Supplies,East,21,7,147,81,65
4/11/2015,Executive Impressions Supervisor Wall Clock,Furniture,South,29,2,57,67,10
4/11/2015,"Executive Impressions 14"" Two-Color Numerals Wall Clock",Furniture,South,13,3,40,55,14
12/25/2015,Plantronics Savi W720 Multi-Device Wireless Headset System,Technology,East,236,2,473,844,371
12/25/2015,"Atlantic Metals Mobile 4-Shelf Bookcases, Custom Colors",Furniture,East,197,2,393,450,56
9/21/2017,"Tenex Personal Filing Tote With Secure Closure Lid, Black/Frost",Office Supplies,West,12,1,12,16,4
12/20/2014,Harbour Creations 67200 Series Stacking Chairs,Furniture,East,52,3,156,192,36
7/18/2015,Newell 32,Office Supplies,East,2,2,4,6,2
7/26/2014,"Metal Folding Chairs, Beige, 4/Carton",Furniture,South,25,2,50,68,18
7/26/2014,Avery 485,Office Supplies,South,7,13,86,163,77
7/26/2014,"DAX Cubicle Frames, 8-1/2 x 11",Furniture,South,5,3,16,26,9
12/26/2014,Fellowes Bankers Box Stor/Drawer Steel Plus,Office Supplies,East,29,6,173,192,19
12/11/2017,BoxOffice By Design Rectangular and Half-Moon Meeting Room Tables,Furniture,South,190,6,1142,722,420
12/11/2017,Motorola HK250 Universal Bluetooth Headset,Technology,South,23,4,90,74,17
12/11/2017,Stanley Bostitch Contemporary Electric Pencil Sharpeners,Office Supplies,South,12,1,12,14,1
12/11/2017,"Global Geo Office Task Chair, Gray",Furniture,South,77,1,77,65,12
3/3/2014,3.6 Cubic Foot Counter Height Office Refrigerator,Office Supplies,Central,212,3,636,177,460
10/21/2017,GBC Instant Report Kit,Office Supplies,Central,3,6,19,39,19
10/21/2017,Acco 3-Hole Punch,Office Supplies,Central,2,5,11,22,11
11/10/2017,Memorex Mini Travel Drive 16 GB USB 2.0 Flash Drive,Technology,West,10,7,68,112,44
3/16/2017,Geemarc AmpliPOWER60,Technology,East,66,8,527,445,82
9/22/2016,Avery 476,Office Supplies,East,2,5,11,17,5
2/6/2017,Xerox 1947,Office Supplies,West,3,5,16,30,13
12/31/2015,Fellowes Presentation Covers for Comb Binding Machines,Office Supplies,Central,8,8,64,116,52
10/9/2016,Newell 310,Office Supplies,West,1,1,1,1,0
10/9/2016,"Tenex 46"" x 60"" Computer Anti-Static Chairmat, Rectangular Shaped",Furniture,West,85,2,170,170,0
12/30/2014,ClearSounds CSC500 Amplified Spirit Phone Corded phone,Technology,East,50,6,302,252,50
12/30/2014,Hon 5100 Series Wood Tables,Furniture,East,239,3,716,524,192
4/12/2016,Xerox 206,Office Supplies,West,3,3,10,19,9
4/12/2016,"Global Geo Office Task Chair, Gray",Furniture,West,77,3,231,194,36
4/12/2016,Aluminum Screw Posts,Office Supplies,West,8,3,23,37,14
11/28/2016,Wireless Extenders zBoost YX545 SOHO Signal Booster,Technology,East,138,3,414,340,74
11/28/2016,Translucent Push Pins by OIC,Office Supplies,East,1,8,10,13,3
11/28/2016,GBC Plasticlear Binding Covers,Office Supplies,East,6,2,12,7,5
11/28/2016,Tennsco Commercial Shelving,Office Supplies,East,20,2,40,33,8
11/28/2016,"Situations Contoured Folding Chairs, 4/Set",Furniture,East,53,7,373,348,25
4/15/2017,VariCap6 Expandable Binder,Office Supplies,South,9,3,28,16,12
3/9/2015,Avery 514,Office Supplies,South,1,2,3,5,2
10/28/2014,Digium D40 VoIP phone,Technology,Central,92,2,183,258,75
1/7/2017,Eldon Fold 'N Roll Cart System,Office Supplies,West,10,11,109,154,45
1/7/2017,Tennsco Commercial Shelving,Office Supplies,West,20,3,60,61,1
1/7/2017,Acme Galleria Hot Forged Steel Scissors with Colored Handles,Office Supplies,West,11,7,78,110,32
1/7/2017,Staples,Office Supplies,West,4,1,4,8,4
8/13/2017,"GBC Prepunched Paper, 19-Hole, for Binding Systems, 24-lb",Office Supplies,West,8,3,24,36,12
11/2/2017,Stanley Bostitch Contemporary Electric Pencil Sharpeners,Office Supplies,Central,12,4,49,54,5
9/19/2014,"Decoflex Hanging Personal Folder File, Blue",Office Supplies,West,11,6,68,93,25
5/31/2015,Newell 347,Office Supplies,South,3,3,9,10,1
9/13/2016,"Rogers Jumbo File, Granite",Office Supplies,Central,13,3,40,41,0
9/13/2016,Avery 49,Office Supplies,Central,1,5,7,14,7
9/13/2016,"BlueLounge Milo Smartphone Stand, White/Metallic",Technology,Central,22,5,108,150,42
9/13/2016,"Elite 5"" Scissors",Office Supplies,Central,6,2,12,17,5
9/13/2016,Things To Do Today Pad,Office Supplies,Central,3,3,9,18,8
9/13/2016,Harmony Air Purifier,Office Supplies,Central,121,2,242,378,136
9/13/2016,"Adams Telephone Message Book W/Dividers/Space For Phone Numbers, 5 1/4""X8 1/2"", 300/Messages",Office Supplies,Central,3,3,9,18,9
9/13/2016,"Fellowes Mobile File Cart, Black",Office Supplies,Central,45,6,272,373,101
9/13/2016,"Electrix Architect's Clamp-On Swing Arm Lamp, Black",Furniture,Central,68,14,949,1336,388
9/13/2016,Mediabridge Sport Armband iPhone 5s,Technology,Central,10,3,30,30,0
11/29/2017,"Hon Deluxe Fabric Upholstered Stacking Chairs, Rounded Back",Furniture,South,171,2,342,390,49
11/29/2017,"Executive Impressions 13"" Chairman Wall Clock",Furniture,South,16,5,82,102,19
12/4/2017,"IBM Multi-Purpose Copy Paper, 8 1/2 x 11"", Case",Office Supplies,East,17,3,51,74,23
5/2/2017,"Adams ""While You Were Out"" Message Pads",Office Supplies,West,2,5,9,16,7
5/2/2017,Newell 34,Office Supplies,West,15,3,44,60,15
5/2/2017,"Adams Phone Message Book, 200 Message Capacity, 8 1/16” x 11”",Office Supplies,West,4,5,19,34,16
12/25/2016,"Bevis Oval Conference Table, Walnut",Furniture,East,217,2,433,313,120
12/25/2016,Hon 4070 Series Pagoda Round Back Stacking Chairs,Furniture,East,231,3,693,867,173
9/30/2014,Eureka Sanitaire  Commercial Upright,Office Supplies,East,123,6,736,795,60
7/12/2014,Xerox 1949,Office Supplies,Central,3,9,23,36,13
7/12/2014,"Verbatim 25 GB 6x Blu-ray Single Layer Recordable Disc, 1/Pack",Technology,Central,5,4,21,24,3
9/8/2016,"Howard Miller 11-1/2"" Diameter Grantwood Wall Clock",Furniture,West,28,1,28,43,15
9/8/2016,"Ampad Gold Fibre Wirebound Steno Books, 6"" x 9"", Gregg Ruled",Office Supplies,West,2,7,17,31,14
8/6/2017,"Acme 10"" Easy Grip Assistive Scissors",Office Supplies,East,12,4,49,70,21
5/14/2015,"Bush Andora Bookcase, Maple/Graphite Gray Finish",Furniture,West,94,5,468,510,42
5/14/2015,Dana Halogen Swing-Arm Architect Lamp,Furniture,West,29,3,88,123,34
5/14/2015,Novimex Fabric Task Chair,Furniture,West,52,2,104,98,6
5/14/2015,"Global Leather and Oak Executive Chair, Black",Furniture,West,214,3,641,722,81
1/20/2017,Avery File Folder Labels,Office Supplies,Central,1,5,7,12,4
5/30/2016,36X48 HARDFLOOR CHAIRMAT,Furniture,West,20,8,156,168,12
4/8/2014,Riverside Furniture Stanwyck Manor Table Series,Furniture,East,267,1,267,172,95
7/23/2014,Case Logic 2.4GHz Wireless Keyboard,Technology,East,46,2,92,100,8
5/30/2017,LG G3,Technology,West,139,1,139,157,18
5/30/2017,SanDisk Ultra 32 GB MicroSDHC Class 10 Memory Card,Technology,West,19,2,38,35,3
5/30/2017,Tensor Brushed Steel Torchiere Floor Lamp,Furniture,West,14,1,14,14,0
3/13/2016,SAFCO Arco Folding Chair,Furniture,East,196,2,392,387,6
3/13/2016,Kensington Expert Mouse Optical USB Trackball for PC or Mac,Technology,East,66,5,332,380,47
3/13/2016,Polycom CX600 IP Phone VoIP phone,Technology,East,219,3,657,540,117
3/13/2016,"Speediset Carbonless Redi-Letter 7"" x 8 1/2""",Office Supplies,East,5,5,27,41,14
3/13/2016,Ibico EB-19 Dual Function Manual Binding System,Office Supplies,East,93,1,93,52,42
3/13/2016,"SAFCO Commercial Wire Shelving, Black",Office Supplies,East,138,5,691,553,138
3/13/2016,GBC VeloBind Cover Sets,Office Supplies,East,8,5,39,23,15
3/13/2016,Space Solutions Industrial Galvanized Steel Shelving.,Office Supplies,East,77,2,154,126,28
3/13/2016,Okidata MB491 Multifunction Printer,Technology,East,364,3,1093,449,644
4/10/2017,Tripp Lite Isotel 6 Outlet Surge Protector with Fax/Modem Protection,Office Supplies,East,43,4,173,195,22
4/10/2017,"Linden 10"" Round Wall Clock, Black",Furniture,East,10,3,30,37,6
6/25/2016,"Global Value Mid-Back Manager's Chair, Gray",Furniture,Central,46,2,91,85,6
6/25/2016,Eldon Executive Woodline II Cherry Finish Desk Accessories,Furniture,Central,29,2,59,33,26
3/17/2014,"Acco Pressboard Covers with Storage Hooks, 9 1/2"" x 11"", Executive Red",Office Supplies,South,2,3,6,11,5
3/17/2014,"GBC Twin Loop Wire Binding Elements, 9/16"" Spine, Black",Office Supplies,South,8,2,16,30,15
3/17/2014,Xerox 1957,Office Supplies,South,3,2,7,13,6
3/17/2014,EcoTones Memo Sheets,Office Supplies,South,2,4,8,16,8
3/17/2014,Belkin 6 Outlet Metallic Surge Strip,Office Supplies,South,8,3,24,33,8
8/9/2014,"Super Bands, 12/Pack",Office Supplies,West,2,3,5,4,1
8/9/2014,Avery Hole Reinforcements,Office Supplies,West,3,5,16,9,7
7/26/2015,"Acco Pressboard Covers with Storage Hooks, 9 1/2"" x 11"", Executive Red",Office Supplies,West,2,3,6,9,3
7/26/2015,Tuff Stuff Recycled Round Ring Binders,Office Supplies,West,2,6,15,23,8
7/26/2015,Newell 334,Office Supplies,West,15,5,73,99,26
2/15/2014,Pressboard Data Binders by Wilson Jones,Office Supplies,West,3,5,14,21,7
3/24/2015,"Eldon Expressions Punched Metal & Wood Desk Accessories, Black & Cherry",Furniture,West,7,5,34,47,13
9/2/2017,Acco Translucent Poly Ring Binders,Office Supplies,West,2,5,12,19,7
9/2/2017,Hon 2111 Invitation Series Straight Table,Furniture,West,120,2,239,237,3
11/16/2015,Avery 51,Office Supplies,West,3,3,10,19,9
12/9/2014,Xerox 195,Office Supplies,Central,3,2,7,11,4
12/9/2014,"Recycled Data-Pak for Archival Bound Computer Printouts, 12-1/2 x 12-1/2 x 16",Office Supplies,Central,72,3,216,237,21
2/3/2017,Xerox 2,Office Supplies,Central,3,1,3,5,2
2/3/2017,Xerox 1893,Office Supplies,Central,21,2,42,66,24
2/3/2017,Eldon Cleatmat Chair Mats for Medium Pile Carpets,Furniture,Central,48,1,48,22,26
2/3/2017,Xerox 189,Office Supplies,Central,55,5,273,419,147
11/11/2017,"Executive Impressions 14"" Contract Wall Clock",Furniture,South,15,5,74,89,14
9/17/2017,Newell Chalk Holder,Office Supplies,Central,2,3,7,10,3
9/17/2017,"Global Wood Trimmed Manager's Task Chair, Khaki",Furniture,Central,79,5,396,318,77
9/17/2017,Wilson Jones “Snap” Scratch Pad Binder Tool for Ring Binders,Office Supplies,Central,3,5,16,6,10
9/17/2017,Polycom VoiceStation 500 Conference phone,Technology,Central,221,6,1327,1416,88
6/25/2017,Geemarc AmpliPOWER60,Technology,Central,66,2,132,148,17
7/30/2016,Avery 498,Office Supplies,Central,2,4,6,9,3
7/30/2016,Tennsco 16-Compartment Lockers with Coat Rack,Office Supplies,Central,492,2,985,1037,52
4/16/2015,Konftel 250 Conference phone - Charcoal black,Technology,South,211,2,422,570,148
4/16/2015,Cardinal EasyOpen D-Ring Binders,Office Supplies,South,5,1,5,9,5
4/16/2015,Tenex Antistatic Computer Chair Mats,Furniture,South,154,7,1077,1197,120
4/16/2015,O'Sullivan 3-Shelf Heavy-Duty Bookcases,Furniture,South,44,9,398,523,126
4/11/2015,Canon PC-428 Personal Copier,Technology,West,106,4,424,640,216
4/11/2015,Easy-staple paper,Office Supplies,West,14,2,28,53,24
2/27/2015,Microsoft Natural Keyboard Elite,Technology,West,51,9,458,539,81
9/8/2016,"Eberhard Faber 3 1/2"" Golf Pencils",Office Supplies,West,6,2,11,15,4
9/8/2016,Xerox 1900,Office Supplies,West,2,8,19,34,15
9/8/2016,"Mini 13-1/2 Capacity Data Binder Rack, Pearl",Office Supplies,West,98,2,196,262,65
5/19/2016,Staple holder,Office Supplies,West,8,8,64,88,24
11/11/2017,Dax Clear Box Frame,Furniture,West,6,4,23,35,12
9/15/2014,Easy-staple paper,Office Supplies,East,3,3,8,15,7
9/15/2014,"Master Caster Door Stop, Large Neon Orange",Furniture,East,4,2,8,15,6
9/15/2015,Avery Hidden Tab Dividers for Binding Systems,Office Supplies,East,2,4,6,4,3
9/15/2015,"Gould Plastics 18-Pocket Panel Bin, 34w x 5-1/4d x 20-1/2h",Office Supplies,East,88,2,177,147,29
7/1/2016,Hewlett Packard 310 Color Digital Copier,Technology,West,210,5,1050,1500,450
4/10/2016,"BIC Brite Liner Grip Highlighters, Assorted, 5/Pack",Office Supplies,Central,3,4,10,14,3
1/6/2014,Global Deluxe High-Back Manager's Chair,Furniture,South,203,9,1827,2574,746
1/6/2014,Ibico Hi-Tech Manual Binding System,Office Supplies,South,168,2,335,610,274
1/6/2014,Rogers Handheld Barrel Pencil Sharpener,Office Supplies,South,2,2,4,5,1
1/6/2014,GE 30524EE4,Technology,South,139,2,278,392,114
1/6/2014,Wireless Extenders zBoost YX545 SOHO Signal Booster,Technology,South,138,4,552,756,204
1/6/2014,"Alliance Super-Size Bands, Assorted Sizes",Office Supplies,South,8,4,31,31,0
1/6/2014,Southworth 25% Cotton Granite Paper & Envelopes,Office Supplies,South,4,1,4,7,3
9/1/2016,Globe Weis Peel & Seel First Class Envelopes,Office Supplies,West,7,1,7,13,6
9/23/2014,Avery Binding System Hidden Tab Executive Style Index Sets,Office Supplies,East,3,4,12,18,7
12/15/2014,"Global Wood Trimmed Manager's Task Chair, Khaki",Furniture,East,79,7,554,446,108
12/28/2017,Staples in misc. colors,Office Supplies,Central,2,1,2,2,1
12/28/2017,Wilson Jones Impact Binders,Office Supplies,Central,3,5,13,26,13
12/19/2015,Xerox 1903,Office Supplies,East,3,5,15,30,15
12/19/2015,Logitech diNovo Edge Keyboard,Technology,East,192,9,1732,2250,517
12/19/2015,Bretford Rectangular Conference Table Tops,Furniture,East,290,4,1158,1053,105
11/5/2017,Xerox 1996,Office Supplies,West,3,2,7,13,6
9/10/2015,"Seth Thomas 13 1/2"" Wall Clock",Furniture,West,12,6,74,107,33
11/16/2017,iOttie HLCRIO102 Car Mount,Technology,East,19,6,114,120,6
9/11/2017,Xerox 1953,Office Supplies,Central,2,3,7,10,3
9/11/2017,Bevis Round Conference Table Top & Single Column Base,Furniture,Central,116,5,578,512,66
9/11/2017,"Commercial WindTunnel Clean Air Upright Vacuum, Replacement Belts, Filtration Bags",Office Supplies,Central,3,2,6,2,4
7/14/2017,Acco Suede Grain Vinyl Round Ring Binder,Office Supplies,West,2,2,3,4,1
7/14/2017,"Deflect-o RollaMat Studded, Beveled Mat for Medium Pile Carpeting",Furniture,West,76,3,227,277,50
7/14/2017,"OIC Binder Clips, Mini, 1/4"" Capacity, Black",Office Supplies,West,1,4,3,5,2
7/14/2017,"BOSTON Model 1800 Electric Pencil Sharpeners, Putty/Woodgrain",Office Supplies,West,13,4,51,72,21
7/14/2017,"Eldon 200 Class Desk Accessories, Burgundy",Furniture,West,4,3,11,19,8
7/14/2017,Sony Micro Vault Click 8 GB USB 2.0 Flash Drive,Technology,West,40,3,121,141,20
7/14/2017,GE 30524EE4,Technology,West,139,3,417,470,53
3/30/2017,Manco Dry-Lighter Erasable Highlighter,Office Supplies,West,2,2,4,6,2
3/30/2017,AT&T CL83451 4-Handset Telephone,Technology,West,146,1,146,165,19
1/31/2016,Staple envelope,Office Supplies,East,6,2,12,23,12
6/8/2017,"GBC Twin Loop Wire Binding Elements, 9/16"" Spine, Black",Office Supplies,Central,8,4,31,12,19
11/2/2014,AT&T CL82213,Technology,West,21,2,41,46,5
11/2/2014,Adjustable Depth Letter/Legal Cart,Office Supplies,West,129,2,258,363,105
7/14/2017,Xerox 1950,Office Supplies,East,3,2,6,9,3
7/14/2017,Samsung Galaxy S III - 16GB - pebble blue (T-Mobile),Technology,East,252,9,2268,1890,378
7/14/2017,"Tenex File Box, Personal Filing Tote with Lid, Black",Office Supplies,East,11,5,57,62,5
7/14/2017,"GE 48"" Fluorescent Tube, Cool White Energy Saver, 34 Watts, 30/Box",Furniture,East,50,5,248,397,149
7/14/2017,"SAFCO Mobile Desk Side File, Wire Frame",Office Supplies,East,32,7,221,239,18
7/14/2017,Crayola Colored Pencils,Office Supplies,East,2,5,11,13,2
12/9/2017,"XtraLife ClearVue Slant-D Ring Binder, White, 3""",Office Supplies,South,8,2,16,29,14
12/9/2017,Belkin F9M820V08 8 Outlet Surge,Office Supplies,South,31,5,153,215,62
12/9/2017,"Avery Durable Slant Ring Binders, No Labels",Office Supplies,South,2,4,8,16,7
12/9/2017,Logitech ClearChat Comfort/USB Headset H390,Technology,South,20,5,98,146,48
12/9/2017,Eldon Gobal File Keepers,Office Supplies,South,15,1,15,15,1
12/9/2017,Avery 492,Office Supplies,South,2,2,3,6,3
12/9/2017,Canon Imageclass D680 Copier / Fax,Technology,South,385,2,770,1400,630
9/5/2016,Recycled Easel Ring Binders,Office Supplies,East,8,2,16,9,7
9/5/2016,Pressboard Hanging Data Binders for Unburst Sheets,Office Supplies,East,3,6,15,9,6
9/5/2016,"Global Push Button Manager's Chair, Indigo",Furniture,East,43,2,86,85,1
9/10/2014,Peel & Seel Envelopes,Office Supplies,West,2,7,14,22,8
9/10/2014,GuestStacker Chair with Chrome Finish Legs,Furniture,West,268,5,1338,1487,149
9/26/2017,Staple envelope,Office Supplies,West,6,6,39,72,33
9/26/2017,Stackable Trays,Furniture,West,2,3,6,9,3
9/26/2017,Xerox 1895,Office Supplies,West,3,6,20,36,16
9/26/2017,"Wilson Jones Hanging View Binder, White, 1""",Office Supplies,West,4,3,12,17,6
9/26/2017,Fellowes PB300 Plastic Comb Binding Machine,Office Supplies,West,206,3,617,931,314
6/17/2016,"Rubbermaid ClusterMat Chairmats, Mat Size- 66"" x 60"", Lip 20"" x 11"" -90 Degree Angle",Furniture,West,93,3,280,266,13
6/17/2016,"Global Manager's Adjustable Task Chair, Storm",Furniture,West,107,4,429,483,54
2/25/2017,"Global High-Back Leather Tilter, Burgundy",Furniture,South,109,2,219,197,22
2/25/2017,"Bush Westfield Collection Bookcases, Medium Cherry Finish",Furniture,South,45,5,226,232,6
3/31/2017,Acme Tagit Stainless Steel Antibacterial Scissors,Office Supplies,West,7,3,22,30,8
12/3/2017,Tensor Brushed Steel Torchiere Floor Lamp,Furniture,Central,14,2,28,14,14
2/19/2016,Xerox 1880,Office Supplies,West,19,2,38,71,33
12/2/2017,Letter Size Cart,Office Supplies,West,101,1,101,114,13
12/2/2017,Aluminum Screw Posts,Office Supplies,West,8,8,61,37,24
12/2/2017,Hon 4-Shelf Metal Bookcases,Furniture,West,76,8,606,242,364
12/2/2017,Seidio BD2-HK3IPH5-BK DILEX Case and Holster Combo for Apple iPhone 5/5s - Black,Technology,West,22,2,45,50,5
12/2/2017,"Tenex 46"" x 60"" Computer Anti-Static Chairmat, Rectangular Shaped",Furniture,West,85,6,509,509,0
12/2/2017,Macally Suction Cup Mount,Technology,West,12,6,72,57,14
12/2/2017,Hon GuestStacker Chair,Furniture,West,168,5,839,907,68
10/10/2014,Motorola Droid Maxx,Technology,Central,108,6,648,720,72
10/10/2014,Cisco 8x8 Inc. 6753i IP Business Phone System,Technology,Central,99,7,690,756,66
10/10/2014,GBC Personal VeloBind Strips,Office Supplies,Central,6,5,31,12,19
10/10/2014,Avery Non-Stick Binders,Office Supplies,Central,2,1,2,1,2
9/5/2016,"Executive Impressions 12"" Wall Clock",Furniture,Central,11,3,33,21,12
11/20/2014,"Peel & Seel Recycled Catalog Envelopes, Brown",Office Supplies,East,6,3,17,35,17
11/20/2014,Toshiba IPT2010-SD IP Telephone,Technology,East,103,6,617,834,217
11/20/2014,3M Organizer Strips,Office Supplies,East,3,3,8,13,5
11/20/2014,Xerox 2000,Office Supplies,East,3,4,13,26,12
5/10/2014,Bestar Classic Bookcase,Furniture,East,81,7,567,350,217
5/10/2014,DIXON Ticonderoga Erasable Checking Pencils,Office Supplies,East,3,5,17,22,5
11/27/2017,Xerox 1909,Office Supplies,Central,14,6,85,158,73
11/27/2017,GBC DocuBind P100 Manual Binding Machine,Office Supplies,Central,91,3,274,498,224
11/1/2014,Kensington 7 Outlet MasterPiece Power Center,Office Supplies,East,126,3,379,534,155
11/1/2014,Xerox 1934,Office Supplies,East,29,3,86,168,82
11/1/2014,"Master Big Foot Doorstop, Beige",Furniture,East,4,6,22,32,10
12/30/2016,"Hon Deluxe Fabric Upholstered Stacking Chairs, Rounded Back",Furniture,East,171,1,171,171,0
9/3/2016,"Safco Value Mate Steel Bookcase, Baked Enamel Finish on Steel, Black",Furniture,Central,50,4,199,199,0
10/5/2017,Logitech MX Performance Wireless Mouse,Technology,West,25,2,50,64,14
1/30/2016,Global Deluxe High-Back Office Chair in Storm,Furniture,West,124,4,495,435,60
1/30/2016,O'Sullivan 2-Shelf Heavy-Duty Bookcases,Furniture,West,41,1,41,49,8
4/21/2017,Logitech LS21 Speaker System - PC Multimedia - 2.1-CH - Wired,Technology,Central,13,3,40,48,8
4/21/2017,Xerox 230,Office Supplies,Central,3,4,13,21,7
12/5/2014,Prang Colored Pencils,Office Supplies,West,2,9,15,26,12
12/5/2014,Xerox 1933,Office Supplies,West,7,4,26,49,23
12/5/2014,Advantus Plastic Paper Clips,Office Supplies,West,3,3,8,15,7
10/21/2014,"Eldon Base for stackable storage shelf, platinum",Office Supplies,South,37,5,185,195,10
10/21/2014,Hon 2111 Invitation Series Straight Table,Furniture,South,120,4,479,591,112
10/21/2014,SANFORD Liquid Accent Tank-Style Highlighters,Office Supplies,South,2,1,2,3,1
12/8/2015,"Stur-D-Stor Shelving, Vertical 5-Shelf: 72""H x 36""W x 18 1/2""D",Office Supplies,West,109,2,218,222,4
12/8/2015,WD My Passport Ultra 500GB Portable External Hard Drive,Technology,West,49,4,196,236,40
11/2/2014,"Maxell 74 Minute CD-R Spindle, 50/Pack",Technology,West,13,2,27,42,15
11/2/2014,Samsung Rugby III,Technology,West,48,1,48,53,5
12/18/2016,Hon Every-Day Series Multi-Task Chairs,Furniture,Central,150,3,451,564,113
11/23/2015,"Sanyo Counter Height Refrigerator with Crisper, 3.6 Cubic Foot, Stainless Steel/Black",Office Supplies,East,236,8,1890,2625,735
11/23/2015,Newell 315,Office Supplies,East,4,3,13,18,4
8/13/2015,Fellowes High-Stak Drawer Files,Office Supplies,East,136,3,407,423,16
4/16/2015,Novimex Turbo Task Chair,Furniture,East,62,2,125,128,3
3/21/2014,Samsung Galaxy S4 Active,Technology,South,370,7,2590,3500,910
3/21/2014,Avery 492,Office Supplies,South,2,5,8,14,7
3/21/2014,Xerox 1919,Office Supplies,South,21,3,63,123,60
3/21/2014,American Pencil,Office Supplies,South,2,4,7,9,3
3/21/2014,"Wilson Jones Ledger-Size, Piano-Hinge Binder, 2"", Blue",Office Supplies,South,21,3,64,123,59
11/16/2017,DAX Cubicle Frames - 8x10,Furniture,West,4,3,12,17,5
9/25/2015,Boston KS Multi-Size Manual Pencil Sharpener,Office Supplies,Central,17,7,116,129,13
9/5/2016,"6"" Cubicle Wall Clock, Black",Furniture,East,5,9,47,58,12
9/5/2016,"Global Task Chair, Black",Furniture,East,45,2,91,71,19
9/5/2016,Newell 329,Office Supplies,East,2,3,7,8,1
9/5/2016,Global Comet Stacking Arm Chair,Furniture,East,317,3,951,887,63
4/20/2017,Premium Transparent Presentation Covers by GBC,Office Supplies,Central,11,7,76,147,70
4/20/2017,Cardinal EasyOpen D-Ring Binders,Office Supplies,Central,5,4,18,37,18
6/15/2015,Jabra SPEAK 410,Technology,West,68,3,203,226,23
9/17/2014,Newell 313,Office Supplies,West,2,2,5,5,0
9/17/2014,Boston 16701 Slimline Battery Pencil Sharpener,Office Supplies,West,11,3,33,38,5
9/17/2014,Riverleaf Stik-Withit Designer Note Cubes,Office Supplies,West,5,5,27,40,13
9/17/2014,Plantronics Single Ear Headset,Technology,West,10,5,52,30,22
9/17/2014,Xerox 1960,Office Supplies,West,17,6,102,149,46
9/17/2014,"Verbatim 25 GB 6x Blu-ray Single Layer Recordable Disc, 3/Pack",Technology,West,4,10,39,56,17
7/8/2016,Xerox 213,Office Supplies,East,3,2,7,13,6
5/27/2016,36X48 HARDFLOOR CHAIRMAT,Furniture,Central,20,3,59,25,33
5/27/2016,G.E. Halogen Desk Lamp Bulbs,Furniture,Central,4,2,7,6,2
5/27/2016,Standard Rollaway File with Lock,Office Supplies,Central,133,9,1200,1297,97
12/24/2017,Economy Rollaway Files,Office Supplies,Central,122,2,244,264,20
5/3/2017,Xerox 2,Office Supplies,West,3,4,13,26,12
5/3/2017,Newell 350,Office Supplies,West,2,7,16,23,7
2/22/2014,Xerox 220,Office Supplies,West,3,3,10,19,9
2/8/2015,"Wirebound Message Books, Four 2 3/4 x 5 Forms per Page, 200 Sets per Book",Office Supplies,Central,3,2,5,10,4
2/8/2015,"Advantus Push Pins, Aluminum Head",Office Supplies,Central,4,1,4,6,2
2/8/2015,"Sanford Colorific Colored Pencils, 12/Box",Office Supplies,Central,2,2,4,6,2
8/24/2015,"DAX Value U-Channel Document Frames, Easel Back",Furniture,East,3,3,10,15,5
11/30/2014,"Avery Triangle Shaped Sheet Lifters, Black, 2/Pack",Office Supplies,South,1,9,11,7,4
12/10/2016,"Wirebound Message Books, Four 2 3/4"" x 5"" Forms per Page, 600 Sets per Book",Office Supplies,East,5,2,10,19,9
12/10/2016,Fellowes PB200 Plastic Comb Binding Machine,Office Supplies,East,92,5,459,680,221
10/27/2017,Chromcraft Rectangular Conference Tables,Furniture,West,180,1,180,190,9
10/27/2017,Griffin GC17055 Auxiliary Audio Cable,Technology,West,13,5,65,72,7
11/25/2014,Logitech Mobile Speakerphone P710e - speaker phone,Technology,West,99,5,493,540,47
11/25/2014,Hon GuestStacker Chair,Furniture,West,168,4,671,725,54
11/25/2014,Staples in misc. colors,Office Supplies,West,2,3,5,7,3
7/14/2014,Belkin 7 Outlet SurgeMaster II,Office Supplies,East,28,1,28,39,11
5/23/2015,Harmony Air Purifier,Office Supplies,Central,121,5,605,851,246
5/23/2015,Westinghouse Clip-On Gooseneck Lamps,Furniture,Central,6,9,56,75,20
11/21/2015,Fellowes Command Center 5-outlet power strip,Office Supplies,West,50,6,297,326,28
11/21/2015,Belkin Standard 104 key USB Keyboard,Technology,West,12,2,25,23,1
11/21/2015,Avery 506,Office Supplies,West,2,5,11,17,5
3/30/2014,Airmail Envelopes,Office Supplies,Central,44,5,222,336,113
3/30/2014,Innergie mMini Combo Duo USB Travel Charging Kit,Technology,Central,23,7,164,252,88
3/30/2014,"Global Stack Chair without Arms, Black",Furniture,Central,19,7,136,127,9
12/29/2017,DMI Arturo Collection Mission-style Design Wood Chair,Furniture,South,112,8,894,1208,314
12/29/2017,GBC ProClick Spines for 32-Hole Punch,Office Supplies,South,7,1,7,13,6
12/29/2017,Panasonic KP-350BK Electric Pencil Sharpener with Auto Stop,Office Supplies,South,25,1,25,35,10
12/29/2017,"Global Leather and Oak Executive Chair, Black",Furniture,South,214,1,214,301,87
12/29/2017,Harbour Creations Steel Folding Chair,Furniture,South,60,3,181,259,78
3/2/2017,Newell 34,Office Supplies,East,15,3,44,60,15
3/2/2017,Staple envelope,Office Supplies,East,4,7,31,58,27
3/2/2017,"Bush Cubix Collection Bookcases, Fully Assembled",Furniture,East,170,2,340,442,102
3/2/2017,Easy-staple paper,Office Supplies,East,6,6,35,68,33
10/6/2016,Zebra GK420t Direct Thermal/Thermal Transfer Printer,Technology,West,274,6,1642,704,938
10/6/2016,Recycled Easel Ring Binders,Office Supplies,West,8,4,33,18,15
10/6/2016,"Avery Framed View Binder, EZD Ring (Locking), Navy, 1 1/2""",Office Supplies,West,5,4,21,12,9
10/6/2016,"Memorex 25GB 6X Branded Blu-Ray Recordable Disc, 15/Pack",Technology,West,13,5,67,68,1
4/5/2015,GuestStacker Chair with Chrome Finish Legs,Furniture,West,268,3,803,892,89
9/9/2014,"3D Systems Cube Printer, 2nd Generation, White",Technology,South,936,2,1872,1300,572
3/15/2016,Avery Round Ring Poly Binders,Office Supplies,West,1,2,3,5,2
3/15/2016,Global Comet Stacking Arm Chair,Furniture,West,317,4,1268,1352,85
12/27/2015,"Riverside Furniture Oval Coffee Table, Oval End Table, End Table with Drawer",Furniture,East,224,9,2014,1549,465
12/27/2015,Staple envelope,Office Supplies,East,4,3,13,20,7
8/7/2017,Logitech K350 2.4Ghz Wireless Keyboard,Technology,Central,44,3,133,119,13
8/7/2017,Safco Industrial Shelving,Office Supplies,Central,72,2,143,118,25
3/22/2015,Newell 316,Office Supplies,South,4,4,14,20,5
11/30/2015,"DAX Contemporary Wood Frame with Silver Metal Mat, Desktop, 11 x 14 Size",Furniture,West,13,4,52,81,29
11/30/2015,Xerox 1997,Office Supplies,West,3,4,13,26,12
4/15/2014,Belkin F9G930V10-GRY 9 Outlet Surge,Office Supplies,West,38,2,76,107,31
4/15/2014,"Howard Miller 13"" Diameter Goldtone Round Wall Clock",Furniture,West,28,4,111,188,77
7/30/2017,GBC ProClick Punch Binding System,Office Supplies,East,33,4,131,77,54
6/1/2017,"GBC Standard Recycled Report Covers, Clear Plastic Sheets",Office Supplies,Central,6,5,28,54,26
1/7/2014,"Howard Miller 14-1/2"" Diameter Chrome Round Wall Clock",Furniture,Central,43,3,130,77,54
1/7/2014,"Acco Four Pocket Poly Ring Binder with Label Holder, Smoke, 1""",Office Supplies,Central,4,7,29,10,18
9/29/2017,Newell 334,Office Supplies,West,15,5,73,99,26
9/13/2017,Fluorescent Highlighters by Dixon,Office Supplies,South,3,5,13,16,3
10/22/2014,Tenex Chairmats For Use with Hard Floors,Furniture,South,30,4,120,130,10
10/4/2016,Ibico Plastic Spiral Binding Combs,Office Supplies,East,16,1,16,30,14
10/4/2016,Hewlett Packard LaserJet 3310 Copier,Technology,East,312,9,2808,5400,2592
10/4/2016,Letter Size File,Office Supplies,East,28,3,85,119,35
11/27/2015,Xerox 1977,Office Supplies,East,3,6,21,40,19
11/27/2015,Xerox 1884,Office Supplies,East,11,3,32,60,28
11/27/2015,Logitech G35 7.1-Channel Surround Sound Headset,Technology,East,86,2,172,260,88
11/27/2015,"Rush Hierlooms Collection 1"" Thick Stackable Bookcases",Furniture,East,138,1,138,171,32
11/27/2015,"Tensor ""Hersey Kiss"" Styled Floor Lamp",Furniture,East,11,3,34,39,5
11/27/2015,Xerox 197,Office Supplies,East,17,5,85,155,70
11/27/2015,Hon Non-Folding Utility Tables,Furniture,East,112,4,446,446,0
5/6/2017,Eureka The Boss Cordless Rechargeable Stick Vac,Office Supplies,West,37,3,112,153,41
10/8/2014,"Maxell 74 Minute CDR, 10/Pack",Technology,South,6,3,18,23,5
12/31/2014,Xerox 1917,Office Supplies,East,26,4,104,196,92
12/31/2014,Xerox 1970,Office Supplies,East,3,3,8,15,7
12/31/2014,Plantronics Savi W720 Multi-Device Wireless Headset System,Technology,East,236,4,945,1688,743
12/31/2014,Sauder Inglewood Library Bookcases,Furniture,East,132,2,263,342,79
12/31/2014,"Global Fabric Manager's Chair, Dark Gray",Furniture,East,76,6,454,606,151
4/28/2015,Kensington 7 Outlet MasterPiece Power Center with Fax/Phone Line Protection,Office Supplies,Central,145,1,145,187,41
4/28/2015,Fellowes PB500 Electric Punch Plastic Comb Binding Machine with Manual Bind,Office Supplies,Central,635,3,1906,3813,1906
2/14/2015,"Black Avery Memo-Size 3-Ring Binder, 5 1/2"" x 8 1/2""",Office Supplies,East,2,9,17,26,10
2/14/2015,Samsung Galaxy S4,Technology,East,438,1,438,626,188
11/25/2016,Chromcraft Round Conference Tables,Furniture,Central,138,9,1239,1569,329
11/25/2016,Wilson Jones International Size A4 Ring Binders,Office Supplies,Central,9,1,9,17,8
11/25/2016,Memorex Mini Travel Drive 32 GB USB 2.0 Flash Drive,Technology,Central,12,8,98,160,62
7/15/2017,Belkin 8 Outlet SurgeMaster II Gold Surge Protector,Office Supplies,South,43,3,130,180,50
7/15/2017,Hon 5100 Series Wood Tables,Furniture,South,239,3,716,873,157
7/15/2017,Xerox 1999,Office Supplies,South,3,2,7,13,6
12/29/2014,Alphabetical Labels for Top Tab Filing,Office Supplies,West,7,6,44,89,44
12/29/2014,HTC One,Technology,West,71,4,284,320,36
3/22/2016,"Global Stack Chair with Arms, Black",Furniture,West,22,7,153,168,15
7/2/2017,"White Dual Perf Computer Printout Paper, 2700 Sheets, 1 Part, Heavyweight, 20 lbs., 14 7/8 x 11",Office Supplies,Central,21,5,105,164,59
7/2/2017,Wilson Jones Four-Pocket Poly Binders,Office Supplies,Central,3,4,13,5,8
12/14/2017,Canon PC1080F Personal Copier,Technology,East,366,2,732,1200,468
12/14/2017,Safco Industrial Shelving,Office Supplies,East,72,1,72,74,2
12/14/2017,Acme Office Executive Series Stainless Steel Trimmers,Office Supplies,East,6,3,19,26,7
12/14/2017,"Acco Banker's Clasps, 5 3/4""-Long",Office Supplies,East,2,6,9,17,8
12/14/2017,Bretford Rectangular Conference Table Tops,Furniture,East,290,2,579,527,53
8/26/2016,Xerox 1950,Office Supplies,Central,3,2,6,12,6
8/26/2016,ClearSounds CSC500 Amplified Spirit Phone Corded phone,Technology,Central,50,3,151,210,59
8/26/2016,Hon 4060 Series Tables,Furniture,Central,87,4,349,448,99
8/26/2016,NETGEAR AC1750 Dual Band Gigabit Smart WiFi Router,Technology,Central,106,3,317,480,163
8/26/2016,Newell 335,Office Supplies,Central,2,3,6,9,3
10/15/2017,Avery Hi-Liter Smear-Safe Highlighters,Office Supplies,West,4,2,7,12,4
10/25/2014,"Memorex 25GB 6X Branded Blu-Ray Recordable Disc, 15/Pack",Technology,East,13,3,40,41,1
10/25/2014,"GBC Twin Loop Wire Binding Elements, 9/16"" Spine, Black",Office Supplies,East,8,3,23,14,10
4/2/2015,Samsung HM1900 Bluetooth Headset,Technology,West,11,5,55,88,33
10/28/2017,"Computer Room Manger, 14""",Furniture,South,21,3,62,78,16
10/28/2017,"Gould Plastics 18-Pocket Panel Bin, 34w x 5-1/4d x 20-1/2h",Office Supplies,South,88,2,177,147,29
10/28/2017,Xerox 1936,Office Supplies,South,11,3,32,48,16
12/5/2014,Fellowes 8 Outlet Superior Workstation Surge Protector,Office Supplies,West,30,6,178,250,73
11/3/2017,"Memorex 25GB 6X Branded Blu-Ray Recordable Disc, 15/Pack",Technology,East,13,3,40,41,1
1/6/2015,"It's Hot Message Books with Stickers, 2 3/4"" x 5""",Office Supplies,West,4,5,20,30,9
1/6/2015,Recycled Pressboard Report Cover with Reinforced Top Hinge,Office Supplies,West,2,2,3,2,1
9/9/2017,Microsoft Wireless Mobile Mouse 4000,Technology,West,27,4,109,160,51
1/5/2015,Newell 34,Office Supplies,East,15,3,44,60,15
1/5/2015,"#10- 4 1/8"" x 9 1/2"" Recycled Envelopes",Office Supplies,East,5,2,9,17,8
1/5/2015,Wilson Jones data.warehouse D-Ring Binders with DublLock,Office Supplies,East,4,2,9,13,5
4/16/2017,Hoover Commercial SteamVac,Office Supplies,West,10,3,29,41,12
9/10/2015,Global Commerce Series Low-Back Swivel/Tilt Chairs,Furniture,Central,182,1,182,180,3
9/25/2016,Hoover Shoulder Vac Commercial Portable Vacuum,Office Supplies,East,268,1,268,286,18
9/25/2016,Eldon Gobal File Keepers,Office Supplies,East,15,2,29,24,5
9/25/2016,"SAFCO Commercial Wire Shelving, Black",Office Supplies,East,138,3,414,332,83
3/16/2015,Avery Hi-Liter Smear-Safe Highlighters,Office Supplies,East,4,3,11,18,6
11/26/2016,DIXON Ticonderoga Erasable Checking Pencils,Office Supplies,Central,3,4,14,18,4
9/26/2016,Logitech VX Revolution Cordless Laser Mouse for Notebooks (Black),Technology,South,169,3,508,432,76
6/13/2017,"Global Wood Trimmed Manager's Task Chair, Khaki",Furniture,West,79,4,317,291,25
9/18/2017,Jet-Pak Recycled Peel 'N' Seal Padded Mailers,Office Supplies,Central,20,4,79,115,36
6/2/2017,Xerox 1977,Office Supplies,Central,3,2,7,11,4
5/15/2016,"TOPS Voice Message Log Book, Flash Format",Office Supplies,East,2,4,10,15,6
9/15/2017,BIC Brite Liner Highlighters,Office Supplies,West,2,3,7,12,5
8/22/2016,Xerox 202,Office Supplies,West,3,3,10,19,9
5/30/2014,Wilson Jones Legal Size Ring Binders,Office Supplies,East,11,4,44,70,26
12/18/2017,Newell 310,Office Supplies,South,1,9,11,13,1
7/30/2017,invisibleSHIELD by ZAGG Smudge-Free Screen Protector,Technology,East,9,5,47,90,43
11/21/2014,Tops Wirebound Message Log Books,Office Supplies,West,2,2,4,7,3
11/21/2014,Kensington Expert Mouse Optical USB Trackball for PC or Mac,Technology,West,66,1,66,95,28
9/24/2015,Samsung HM1900 Bluetooth Headset,Technology,West,11,2,22,35,13
8/20/2017,Xerox 203,Office Supplies,West,3,4,13,26,12
6/17/2016,Ibico Presentation Index for Binding Systems,Office Supplies,East,2,2,4,8,4
6/17/2016,Wireless Extenders zBoost YX545 SOHO Signal Booster,Technology,East,138,3,414,567,153
6/17/2016,Newell 35,Office Supplies,East,2,3,7,10,3
12/19/2015,Maxell 4.7GB DVD+RW 3/Pack,Technology,Central,10,2,21,25,5
5/31/2015,Bagged Rubber Bands,Office Supplies,East,1,6,7,8,0
6/18/2015,"Seth Thomas 8 1/2"" Cubicle Clock",Furniture,South,14,3,41,61,19
6/18/2015,Tennsco Double-Tier Lockers,Office Supplies,South,196,2,392,450,59
6/18/2015,Wilson Jones International Size A4 Ring Binders,Office Supplies,South,9,2,18,35,17
6/18/2015,Cisco SPA301,Technology,South,109,3,328,468,140
6/18/2015,JM Magazine Binder,Office Supplies,South,9,2,17,33,16
11/30/2015,Dana Swing-Arm Lamps,Furniture,South,8,2,16,17,1
12/21/2015,"OIC #2 Pencils, Medium Soft",Office Supplies,East,1,2,3,3,0
11/17/2017,Xerox 1938,Office Supplies,South,25,7,174,268,94
11/17/2017,Plantronics S12 Corded Telephone Headset System,Technology,South,65,5,323,431,108
11/13/2017,"LF Elite 3D Dazzle Designer Hard Case Cover, Lf Stylus Pen and Wiper For Apple Iphone 5c Mini Lite",Technology,East,8,4,31,44,12
11/13/2017,"Deflect-o EconoMat Nonstudded, No Bevel Mat",Furniture,East,41,3,124,155,31
10/24/2016,"Eureka Recycled Copy Paper 8 1/2"" x 11"", Ream",Office Supplies,Central,3,3,10,16,5
12/6/2014,Xerox 1909,Office Supplies,South,14,2,28,42,14
12/3/2017,Xerox 1998,Office Supplies,Central,3,2,7,10,4
9/26/2017,Prang Drawing Pencil Set,Office Supplies,West,2,1,2,2,1
2/3/2015,Staple envelope,Office Supplies,South,4,9,39,75,35
8/12/2017,Newell 312,Office Supplies,East,4,3,12,18,5
8/12/2017,Hon 4700 Series Mobuis Mid-Back Task Chairs with Adjustable Arms,Furniture,East,281,5,1406,1780,374
8/12/2017,Boston 1645 Deluxe Heavier-Duty Electric Pencil Sharpener,Office Supplies,East,32,5,161,220,59
8/24/2015,"Premium Writing Pencils, Soft, #2 by Central Association for the Blind",Office Supplies,West,2,3,6,7,1
11/12/2017,Xerox 1968,Office Supplies,South,3,5,17,27,9
8/1/2016,Apple iPhone 5,Technology,West,474,2,949,1040,91
8/1/2016,Belkin F5C206VTEL 6 Outlet Surge,Office Supplies,West,16,2,32,46,14
11/25/2016,GBC Ibimaster 500 Manual ProClick Binding System,Office Supplies,East,380,2,761,457,304
11/25/2016,Cubify CubeX 3D Printer Double Head Print,Technology,East,2220,5,11100,4500,6600
11/25/2016,NETGEAR RangeMax WNR1000 Wireless Router,Technology,East,16,3,48,60,12
4/13/2016,Poly String Tie Envelopes,Office Supplies,West,1,3,3,6,3
12/27/2014,Staple holder,Office Supplies,West,8,1,8,11,3
12/27/2014,Staples,Office Supplies,West,1,3,4,8,4
12/27/2014,Advantus Rolling Storage Box,Office Supplies,West,13,3,38,51,14
12/27/2014,GBC VeloBind Cover Sets,Office Supplies,West,8,3,23,37,14
4/18/2016,Eureka The Boss Cordless Rechargeable Stick Vac,Office Supplies,South,37,4,149,204,55
4/18/2016,"SKILCRAFT Telephone Shoulder Rest, 2"" x 6.5"" x 2.5"", Black",Technology,South,5,4,22,30,8
3/8/2015,Avery Premier Heavy-Duty Binder with Round Locking Rings,Office Supplies,Central,8,3,23,9,15
11/4/2016,Eldon Portable Mobile Manager,Office Supplies,South,21,2,41,45,4
11/4/2016,BPI Conference Tables,Furniture,South,117,10,1168,876,292
11/4/2016,Premier Electric Letter Opener,Office Supplies,South,110,2,220,185,35
11/29/2014,Avery 485,Office Supplies,East,7,2,13,25,12
5/17/2016,"Acco Recycled 2"" Capacity Laser Printer Hanging Data Binders",Office Supplies,Central,8,1,8,3,5
5/17/2016,Acco Hot Clips Clips to Go,Office Supplies,Central,2,3,5,8,2
5/17/2016,Flat Face Poster Frame,Furniture,Central,11,3,33,23,10
5/17/2016,"Wirebound Message Books, Four 2 3/4 x 5 Forms per Page, 200 Sets per Book",Office Supplies,Central,3,8,21,31,10
9/19/2017,"Acco PRESSTEX Data Binder with Storage Hooks, Dark Blue, 9 1/2"" X 11""",Office Supplies,East,3,3,8,5,3
12/19/2016,Wilson Jones Easy Flow II Sheet Lifters,Office Supplies,Central,1,5,5,2,3
10/12/2017,Logitech Wireless Touch Keyboard K400,Technology,Central,21,2,41,40,1
12/12/2015,Xerox 1930,Office Supplies,West,3,5,17,32,16
12/12/2015,Xerox 1916,Office Supplies,West,24,2,49,98,49
7/12/2015,Vtech CS6719,Technology,Central,69,4,276,307,31
10/2/2015,"Acco PRESSTEX Data Binder with Storage Hooks, Dark Blue, 14 7/8"" X 11""",Office Supplies,East,3,5,14,27,13
3/24/2017,"#10 White Business Envelopes,4 1/8 x 9 1/2",Office Supplies,East,8,3,25,47,22
3/24/2017,Samsung Galaxy S4 Mini,Technology,East,334,1,334,470,136
3/24/2017,Global Deluxe Steno Chair,Furniture,East,69,3,206,208,2
6/1/2017,"Tennsco Stur-D-Stor Boltless Shelving, 5 Shelves, 24"" Deep, Sand",Office Supplies,East,134,3,402,325,77
3/24/2014,"DAX Contemporary Wood Frame with Silver Metal Mat, Desktop, 11 x 14 Size",Furniture,West,13,2,26,40,15
9/22/2015,Avery 510,Office Supplies,South,2,4,8,12,4
9/22/2015,Tennsco Double-Tier Lockers,Office Supplies,South,196,4,783,720,63
9/22/2015,"Safco Wire Cube Shelving System, For Use as 4 or 5 14"" Cubes, Black",Office Supplies,South,30,1,30,25,5
9/22/2015,Newell 310,Office Supplies,South,1,2,2,3,0
9/22/2015,"Pressboard Data Binder, Crimson, 12"" X 8 1/2""",Office Supplies,South,3,2,6,3,3
1/8/2016,"XtraLife ClearVue Slant-D Ring Binder, White, 3""",Office Supplies,South,8,7,55,31,25
1/8/2016,Newell 319,Office Supplies,South,14,3,42,48,6
1/8/2016,Avaya 5410 Digital phone,Technology,South,49,2,98,109,11
2/14/2016,"Wirebound Message Books, Four 2 3/4 x 5 Forms per Page, 200 Sets per Book",Office Supplies,East,3,1,3,5,2
2/14/2016,Economy #2 Pencils,Office Supplies,East,2,3,6,8,2
2/14/2016,Bevis Boat-Shaped Conference Table,Furniture,East,199,3,598,550,47
2/14/2016,Regeneration Desk Collection,Furniture,East,1,6,6,11,5
6/8/2017,"Riverside Palais Royal Lawyers Bookcase, Royale Cherry Finish",Furniture,West,678,2,1357,1498,141
6/8/2017,Shocksock Galaxy S4 Armband,Technology,West,11,2,21,18,4
10/21/2016,Panasonic KP-150 Electric Pencil Sharpener,Office Supplies,West,28,3,84,113,29
10/21/2016,Xerox 193,Office Supplies,West,3,6,18,36,18
10/21/2016,Ibico EPK-21 Electric Binding System,Office Supplies,West,964,3,2892,4536,1644
1/26/2017,Binder Clips by OIC,Office Supplies,West,1,8,6,12,6
12/8/2017,"Recycled Data-Pak for Archival Bound Computer Printouts, 12-1/2 x 12-1/2 x 16",Office Supplies,East,72,6,433,593,160
10/21/2016,"Tenex Personal Filing Tote With Secure Closure Lid, Black/Frost",Office Supplies,South,12,9,105,112,7
8/26/2014,Newell 340,Office Supplies,East,2,3,6,9,3
8/26/2014,Plantronics Audio 478 Stereo USB Headset,Technology,East,32,3,97,150,52
5/16/2014,"Iceberg Nesting Folding Chair, 19w x 6d x 43h",Furniture,West,43,5,215,233,17
2/3/2015,"Global Fabric Manager's Chair, Dark Gray",Furniture,East,76,1,76,91,15
10/31/2017,ClearOne Communications CHAT 70 OC Speaker Phone,Technology,Central,118,4,471,509,38
10/31/2017,"#10 Gummed Flap White Envelopes, 100/Box",Office Supplies,Central,2,3,7,10,3
4/26/2015,SAFCO Optional Arm Kit for Workspace Cribbage Stacking Chair,Furniture,West,19,3,58,64,6
4/26/2015,Newell 345,Office Supplies,West,15,3,44,60,15
4/26/2015,RCA ViSYS 25825 Wireless digital phone,Technology,West,91,3,273,312,39
4/26/2015,GBC Premium Transparent Covers with Diagonal Lined Pattern,Office Supplies,West,11,3,33,50,18
5/9/2016,I Need's 3d Hello Kitty Hybrid Silicone Case Cover for HTC One X 4g with 3d Hello Kitty Stylus Pen Green/pink,Technology,Central,9,2,17,19,2
1/24/2015,Crayola Colored Pencils,Office Supplies,South,2,5,11,13,2
4/13/2015,"Iceberg OfficeWorks 42"" Round Tables",Furniture,West,128,2,257,242,15
4/13/2015,Polycom CX600 IP Phone VoIP phone,Technology,West,219,2,438,480,42
9/25/2015,Global Super Steno Chair,Furniture,West,80,4,319,307,12
9/25/2015,"Permanent Self-Adhesive File Folder Labels for Typewriters, 1 1/8 x 3 1/2, White",Office Supplies,West,3,2,7,13,6
9/25/2015,Logitech G602 Wireless Gaming Mouse,Technology,West,51,2,102,160,58
3/28/2014,Poly String Tie Envelopes,Office Supplies,Central,1,3,3,6,3
3/28/2014,Hon 94000 Series Round Tables,Furniture,Central,270,4,1078,1185,107
7/17/2016,Belkin F5C206VTEL 6 Outlet Surge,Office Supplies,East,16,2,32,46,14
4/19/2014,GBC Durable Plastic Covers,Office Supplies,South,10,3,31,58,27
4/19/2014,Xerox 232,Office Supplies,South,3,11,37,71,34
7/21/2017,Hon 61000 Series Interactive Training Tables,Furniture,Central,36,4,146,124,21
9/27/2015,Xerox 1988,Office Supplies,South,17,5,85,155,70
9/27/2015,Cisco SPA301,Technology,South,109,12,1310,1872,562
2/27/2016,DAX Two-Tone Silver Metal Document Frame,Furniture,Central,12,2,23,16,7
5/2/2016,Akro Stacking Bins,Office Supplies,Central,8,3,23,19,4
5/2/2016,Sterilite Show Offs Storage Containers,Office Supplies,Central,5,3,16,13,3
5/2/2016,Avery 502,Office Supplies,Central,2,2,3,5,2
12/9/2014,Astroparche Fine Business Paper,Office Supplies,Central,3,2,5,8,3
12/9/2014,Tripp Lite TLP810NET Broadband Surge for Modem/Fax,Office Supplies,Central,37,2,73,20,53
12/25/2015,Xerox 1949,Office Supplies,West,3,2,5,10,5
12/7/2017,"Eureka The Boss Lite 10-Amp Upright Vacuum, Blue",Office Supplies,South,58,4,231,321,90
12/7/2017,Memorex Micro Travel Drive 8 GB,Technology,South,7,4,29,52,23
5/30/2014,"GBC Pre-Punched Binding Paper, Plastic, White, 8-1/2"" x 11""",Office Supplies,East,8,2,17,26,9
5/30/2014,Geemarc AmpliPOWER60,Technology,East,66,5,329,464,135
5/30/2014,Honeywell Quietcare HEPA Air Cleaner,Office Supplies,East,53,3,158,236,78
5/30/2014,Xerox 1948,Office Supplies,East,5,4,22,40,18
3/2/2017,GBC VeloBind Cover Sets,Office Supplies,East,8,4,31,19,12
10/12/2015,Kingston Digital DataTraveler 16GB USB 2.0,Technology,West,7,2,14,18,3
10/12/2015,"Contico 72""H Heavy-Duty Storage System",Office Supplies,West,41,2,82,82,0
7/14/2015,SAFCO Boltless Steel Shelving,Office Supplies,West,113,3,338,273,65
7/14/2015,Xerox 1899,Office Supplies,West,3,4,12,18,7
7/14/2015,SAFCO Arco Folding Chair,Furniture,West,196,2,392,442,50
7/14/2015,"Hon Metal Bookcases, Black",Furniture,West,53,6,319,128,192
11/19/2014,Xerox 1888,Office Supplies,West,29,3,87,166,80
5/27/2016,"Wirebound Message Books, Four 2 3/4 x 5 White Forms per Page",Office Supplies,West,4,2,7,13,6
7/3/2017,Imation 8gb Micro Traveldrive Usb 2.0 Flash Drive,Technology,South,13,2,27,24,3
9/25/2017,Security-Tint Envelopes,Office Supplies,East,4,4,16,24,9
10/3/2016,Smead Alpha-Z Color-Coded Second Alphabetical Labels and Starter Set,Office Supplies,West,2,2,3,6,3
10/3/2016,Global Deluxe High-Back Manager's Chair,Furniture,West,203,4,812,915,103
10/3/2016,Xerox 1900,Office Supplies,West,2,2,5,9,4
10/3/2016,Xerox 1891,Office Supplies,West,26,2,52,98,46
9/9/2017,Xerox 1930,Office Supplies,West,3,6,20,31,11
9/9/2017,Belkin 7-Outlet SurgeMaster Home Series,Office Supplies,West,10,1,10,11,1
3/12/2015,Avery 518,Office Supplies,South,2,2,3,5,2
11/29/2016,"Tenex Chairmat w/ Average Lip, 45"" x 53""",Furniture,Central,136,4,545,242,303
6/14/2016,Global Adaptabilities Conference Tables,Furniture,East,228,2,455,337,118
12/3/2017,Newell 344,Office Supplies,West,2,6,12,13,1
12/3/2017,Memorex Micro Travel Drive 16 GB,Technology,West,11,6,66,77,11
12/3/2017,Memorex Micro Travel Drive 16 GB,Technology,West,11,8,88,102,14
12/3/2017,"Wirebound Four 2-3/4 x 5 Forms per Page, 400 Sets per Book",Office Supplies,West,3,2,7,10,4
12/3/2017,"Elite 5"" Scissors",Office Supplies,West,6,7,41,47,6
12/3/2017,Staple-based wall hangings,Furniture,West,5,3,16,23,7
12/3/2017,"Eldon Image Series Desk Accessories, Burgundy",Furniture,West,3,5,13,17,3
12/3/2017,DAX Two-Tone Silver Metal Document Frame,Furniture,West,12,1,12,16,5
8/16/2016,Xerox 1931,Office Supplies,West,3,5,17,32,16
12/25/2016,Newell 327,Office Supplies,South,2,9,15,20,5
12/25/2016,Razer Tiamat Over Ear 7.1 Surround Sound PC Gaming Headset,Technology,South,114,2,228,400,172
12/25/2016,"Howard Miller 13-1/2"" Diameter Rosebrook Wall Clock",Furniture,South,41,5,206,344,138
12/25/2016,Xerox 1906,Office Supplies,South,19,3,56,106,50
7/23/2017,Wilson Jones “Snap” Scratch Pad Binder Tool for Ring Binders,Office Supplies,East,3,3,10,14,4
6/21/2017,Ibico Standard Transparent Covers,Office Supplies,East,8,5,42,82,40
6/21/2017,Zipper Ring Binder Pockets,Office Supplies,East,2,2,3,6,3
6/21/2017,Xerox 1908,Office Supplies,East,29,8,228,448,219
8/13/2017,Belkin Premiere Surge Master II 8-outlet surge protector,Office Supplies,South,34,7,241,272,31
8/13/2017,GBC DocuBind TL300 Electric Binding System,Office Supplies,South,475,6,2852,1615,1238
8/13/2017,Staples,Office Supplies,South,3,5,15,24,9
8/13/2017,Maxell 4.7GB DVD-R 5/Pack,Technology,South,1,2,1,2,0
8/13/2017,Eldon Radial Chair Mat for Low to Medium Pile Carpets,Furniture,South,32,1,32,32,0
8/13/2017,Colored Envelopes,Office Supplies,South,2,5,10,15,5
8/13/2017,Hon Olson Stacker Chairs,Furniture,South,188,2,376,424,48
11/7/2015,Xerox 1886,Office Supplies,Central,25,2,50,77,27
10/15/2015,Staple envelope,Office Supplies,Central,3,1,3,4,2
10/15/2015,Avery Reinforcements for Hole-Punch Pages,Office Supplies,Central,1,10,11,4,7
7/30/2016,Hoover Shoulder Vac Commercial Portable Vacuum,Office Supplies,West,268,2,537,716,179
12/3/2016,Hon 4060 Series Tables,Furniture,West,87,3,262,269,7
12/3/2016,Rogers Handheld Barrel Pencil Sharpener,Office Supplies,West,2,8,16,22,6
12/3/2016,Acco Perma 4000 Stacking Storage Drawers,Office Supplies,West,14,3,41,49,7
12/3/2016,O'Sullivan Living Dimensions 2-Shelf Bookcases,Furniture,West,109,2,218,206,12
4/28/2016,"Eldon Delta Triangular Chair Mat, 52"" x 58"", Clear",Furniture,Central,31,2,62,30,32
8/25/2017,"Letter/Legal File Tote with Clear Snap-On Lid, Black Granite",Office Supplies,East,12,2,24,26,2
6/17/2017,Hewlett-Packard Desktjet 6988DT Refurbished Printer,Technology,East,347,5,1736,3405,1668
6/17/2017,Kingston Digital DataTraveler 64GB USB 2.0,Technology,East,31,3,93,101,8
11/20/2015,"Global High-Back Leather Tilter, Burgundy",Furniture,East,109,4,438,344,93
9/4/2017,"Hunt PowerHouse Electric Pencil Sharpener, Blue",Office Supplies,Central,27,1,27,30,4
7/4/2015,Avery Premier Heavy-Duty Binder with Round Locking Rings,Office Supplies,West,8,2,15,23,7
9/15/2017,Eldon ProFile File 'N Store Portable File Tub Letter/Legal Size Black,Office Supplies,East,14,2,28,39,11
9/15/2017,Micro Innovations Wireless Classic Keyboard with Mouse,Technology,East,25,2,49,60,11
3/13/2017,Avery Arch Ring Binders,Office Supplies,East,31,3,92,174,82
9/24/2017,Vtech CS6719,Technology,South,69,5,346,384,38
9/24/2017,Wilson Jones International Size A4 Ring Binders,Office Supplies,South,9,3,27,16,11
8/13/2016,Avery Heavy-Duty EZD  Binder With Locking Rings,Office Supplies,South,3,4,12,22,11
8/13/2016,Alphabetical Labels for Top Tab Filing,Office Supplies,South,7,7,52,104,52
11/20/2017,Maxell 4.7GB DVD+R 5/Pack,Technology,East,1,3,2,3,1
11/20/2017,Apple iPhone 5S,Technology,East,399,1,399,570,171
11/20/2017,Tensor Brushed Steel Torchiere Floor Lamp,Furniture,East,14,3,42,51,9
7/25/2017,Safco Drafting Table,Furniture,Central,50,6,302,298,4
3/25/2016,Newell 319,Office Supplies,East,14,3,42,60,18
7/15/2016,Bevis Steel Folding Chairs,Furniture,West,69,3,207,230,23
7/15/2016,Xerox 1909,Office Supplies,West,14,5,71,106,34
8/17/2017,Staple envelope,Office Supplies,West,6,2,12,23,12
8/17/2017,OtterBox Defender Series Case - Samsung Galaxy S4,Technology,West,21,3,63,72,9
8/17/2017,Xerox 1962,Office Supplies,West,2,2,5,9,4
8/17/2017,"Wilson Jones Clip & Carry Folder Binder Tool for Ring Binders, Clear",Office Supplies,West,3,3,9,14,5
8/17/2017,Sanyo 2.5 Cubic Foot Mid-Size Office Refrigerators,Office Supplies,West,207,9,1864,2518,655
8/17/2017,Standard Rollaway File with Lock,Office Supplies,West,133,3,400,541,141
8/17/2017,GBC Recycled Grain Textured Covers,Office Supplies,West,18,8,144,221,77
12/14/2016,"Global Task Chair, Black",Furniture,West,45,2,91,81,9
12/14/2016,"Tenex Personal Project File with Scoop Front Design, Black",Office Supplies,West,10,10,100,135,35
12/25/2017,Wilson Jones Legal Size Ring Binders,Office Supplies,Central,11,9,99,40,59
12/25/2017,Staple remover,Office Supplies,Central,6,7,40,45,5
12/25/2017,Newell 34,Office Supplies,Central,15,2,29,32,2
12/25/2017,"Wilson Jones Ledger-Size, Piano-Hinge Binder, 2"", Blue",Office Supplies,Central,21,5,107,41,66
12/25/2017,"Wilson Jones 1"" Hanging DublLock Ring Binders",Office Supplies,Central,3,3,8,3,5
3/1/2014,Plymouth Boxed Rubber Bands by Plymouth,Office Supplies,Central,4,5,22,19,4
3/1/2014,Harbour Creations Steel Folding Chair,Furniture,Central,60,6,362,362,0
3/1/2014,DAX Black Cherry Wood-Tone Poster Frame,Furniture,Central,16,6,99,64,35
3/1/2014,Fellowes Bankers Box Recycled Super Stor/Drawer,Office Supplies,Central,51,3,152,130,23
11/19/2015,Accohide Poly Flexible Ring Binders,Office Supplies,East,2,2,4,6,2
11/19/2015,Aastra 6757i CT Wireless VoIP phone,Technology,East,153,4,612,862,250
4/1/2014,Rogers Profile Extra Capacity Storage Tub,Office Supplies,East,16,4,64,67,3
4/1/2014,Zipper Ring Binder Pockets,Office Supplies,East,2,2,3,6,3
10/5/2017,Global Deluxe High-Back Office Chair in Storm,Furniture,West,124,4,495,435,60
10/5/2017,Staples,Office Supplies,West,2,5,8,15,7
10/5/2017,"Hoover Replacement Belts For Soft Guard & Commercial Ltweight Upright Vacs, 2/Pk",Office Supplies,West,3,4,12,16,4
10/5/2017,DAX Clear Channel Poster Frame,Furniture,West,9,5,46,73,27
10/5/2017,KI Adjustable-Height Table,Furniture,West,67,3,201,206,5
10/5/2017,"Square Credit Card Reader, 4 1/2"" x 4 1/2"" x 1"", White",Technology,West,5,1,5,8,3
11/18/2017,Tennsco Commercial Shelving,Office Supplies,South,20,5,101,81,19
11/18/2017,Ibico Plastic and Wire Spiral Binding Combs,Office Supplies,South,5,8,36,20,16
11/18/2017,"Acco 7-Outlet Masterpiece Power Center, Wihtout Fax/Phone Line Protection",Office Supplies,South,85,4,340,389,49
11/18/2017,Xerox 221,Office Supplies,South,3,4,13,21,7
11/18/2017,Xerox 211,Office Supplies,South,3,8,27,41,15
3/23/2015,"REDIFORM Incoming/Outgoing Call Register, 11"" X 8 1/2"", 100 Messages",Office Supplies,West,4,4,17,33,17
10/10/2016,"Bush Westfield Collection Bookcases, Dark Cherry Finish, Fully Assembled",Furniture,West,94,3,282,91,191
10/10/2016,iOttie HLCRIO102 Car Mount,Technology,West,19,1,19,16,3
10/10/2016,"Global Manager's Adjustable Task Chair, Storm",Furniture,West,107,1,107,121,14
8/16/2015,Cisco IP Phone 7961G-GE VoIP phone,Technology,East,158,4,632,520,113
8/16/2015,SanDisk Ultra 16 GB MicroSDHC Class 10 Memory Card,Technology,East,12,3,37,31,5
8/16/2015,Xerox 227,Office Supplies,East,3,2,7,10,4
8/16/2015,"Avery Durable Plastic 1"" Binders",Office Supplies,East,2,2,5,3,2
8/16/2015,"Tenex 46"" x 60"" Computer Anti-Static Chairmat, Rectangular Shaped",Furniture,East,85,3,254,254,0
8/16/2015,Avery Durable Slant Ring Binders With Label Holder,Office Supplies,East,2,3,7,4,3
8/16/2015,Xerox 199,Office Supplies,East,2,3,7,10,3
5/31/2014,Samsung Galaxy Note 3,Technology,South,154,3,462,660,198
5/31/2014,Grandstream GXP1160 VoIP phone,Technology,South,27,3,81,114,33
8/27/2015,Avery Heavy-Duty EZD View Binder with Locking Rings,Office Supplies,West,3,1,3,5,2
1/3/2014,"Message Book, Wirebound, Four 5 1/2"" X 4"" Forms/Pg., 200 Dupl. Sets/Book",Office Supplies,Central,5,2,11,16,6
9/10/2014,Kensington 6 Outlet Guardian Standard Surge Protector,Office Supplies,East,15,4,60,82,22
9/10/2014,"Dana Fluorescent Magnifying Lamp, White, 36""",Furniture,East,36,5,178,255,76
1/22/2017,Staples,Office Supplies,Central,2,5,10,15,5
1/22/2017,Newell 348,Office Supplies,Central,2,3,7,8,1
4/21/2016,Round Ring Binders,Office Supplies,West,1,5,6,8,3
7/20/2016,invisibleSHIELD by ZAGG Smudge-Free Screen Protector,Technology,East,9,5,47,90,43
8/23/2016,"Permanent Self-Adhesive File Folder Labels for Typewriters, 1 1/8 x 3 1/2, White",Office Supplies,Central,3,4,14,25,12
8/23/2016,Avery 515,Office Supplies,Central,7,3,20,38,18
8/23/2016,Pizazz Global Quick File,Office Supplies,Central,11,1,11,15,4
8/23/2016,Maxell 4.7GB DVD+R 5/Pack,Technology,Central,1,2,1,2,1
6/14/2016,GBC Twin Loop Wire Binding Elements,Office Supplies,South,17,4,67,40,27
6/14/2016,"Verbatim Slim CD and DVD Storage Cases, 50/Pack",Technology,South,8,2,16,18,2
11/20/2015,Wilson Jones Custom Binder Spines & Labels,Office Supplies,West,3,3,8,5,3
11/20/2015,Sauder Barrister Bookcases,Furniture,West,66,6,394,146,248
11/20/2015,Wilson Jones 14 Line Acrylic Coated Pressboard Data Binders,Office Supplies,West,3,6,17,10,7
11/3/2017,Microsoft Sculpt Comfort Mouse,Technology,West,22,5,112,200,88
11/3/2017,Chromcraft Round Conference Tables,Furniture,West,138,12,1652,1673,21
5/4/2014,"Eldon Regeneration Recycled Desk Accessories, Smoke",Furniture,West,1,7,8,12,4
5/4/2014,Holmes Odor Grabber,Office Supplies,West,10,4,39,58,19
11/8/2015,Cisco SPA508G,Technology,Central,47,4,187,264,77
12/12/2015,Logitech Wireless Marathon Mouse M705,Technology,West,28,6,171,300,129
12/12/2015,Staple remover,Office Supplies,West,4,7,25,26,1
12/1/2014,Cisco IP Phone 7961G VoIP phone - Dark gray,Technology,East,97,2,193,272,79
12/1/2014,"Linden 10"" Round Wall Clock, Black",Furniture,East,10,3,30,46,16
12/1/2014,Ultra Door Push Plate,Furniture,East,3,2,7,10,3
10/7/2016,"Alliance Super-Size Bands, Assorted Sizes",Office Supplies,West,8,12,92,93,1
11/17/2015,"Tennsco Stur-D-Stor Boltless Shelving, 5 Shelves, 24"" Deep, Sand",Office Supplies,Central,134,4,536,541,5
11/17/2015,Easy-staple paper,Office Supplies,Central,19,3,56,106,50
11/17/2015,Hon Olson Stacker Chairs,Furniture,Central,188,5,940,1324,384
3/17/2014,Xerox 1909,Office Supplies,East,14,6,85,127,41
6/20/2015,Griffin GC36547 PowerJolt SE Lightning Charger,Technology,West,16,7,110,126,16
5/25/2017,GBC DocuBind P100 Manual Binding Machine,Office Supplies,East,91,5,456,664,207
5/25/2017,Imation 8gb Micro Traveldrive Usb 2.0 Flash Drive,Technology,East,13,8,107,120,13
5/25/2017,Acco Hot Clips Clips to Go,Office Supplies,East,2,1,2,3,1
5/25/2017,Eldon 200 Class Desk Accessories,Furniture,East,4,3,13,19,6
9/9/2014,Nu-Dell Executive Frame,Furniture,East,8,6,48,61,13
9/9/2014,Newell 320,Office Supplies,East,3,9,28,31,3
10/17/2017,Panasonic KX-TG6844B Expandable Digital Cordless Telephone,Technology,West,48,1,48,53,5
11/2/2017,Black & Decker Filter for Double Action Dustbuster Cordless Vac BLDV7210,Office Supplies,Central,6,10,63,84,21
11/2/2017,"Adams Telephone Message Book W/Dividers/Space For Phone Numbers, 5 1/4""X8 1/2"", 300/Messages",Office Supplies,Central,3,2,6,12,6
7/21/2014,Acco 6 Outlet Guardian Basic Surge Suppressor,Office Supplies,Central,6,3,18,5,13
7/21/2014,"Inter-Office Recycled Envelopes, Brown Kraft, Button-String,10"" x 13"" , 100/Box",Office Supplies,Central,12,5,58,88,30
7/21/2014,Hon Every-Day Series Multi-Task Chairs,Furniture,Central,150,5,752,658,94
7/21/2014,Acco Economy Flexible Poly Round Ring Binder,Office Supplies,Central,3,1,3,1,2
9/11/2015,Deflect-o DuraMat Antistatic Studded Beveled Mat for Medium Pile Carpeting,Furniture,East,80,2,160,211,51
9/11/2015,Space Solutions Industrial Galvanized Steel Shelving.,Office Supplies,East,77,1,77,79,2
9/11/2015,Logitech LS21 Speaker System - PC Multimedia - 2.1-CH - Wired,Technology,East,13,1,13,20,7
9/11/2015,Fellowes Staxonsteel Drawer Files,Office Supplies,East,166,4,665,773,108
10/21/2016,SanDisk Ultra 32 GB MicroSDHC Class 10 Memory Card,Technology,Central,19,6,115,106,9
1/7/2016,"Executive Impressions 13"" Clairmont Wall Clock",Furniture,Central,11,3,34,23,11
1/7/2016,Xerox 212,Office Supplies,Central,3,5,17,26,9
6/25/2015,Xerox 1884,Office Supplies,Central,11,3,32,48,16
6/25/2015,"Avery Triangle Shaped Sheet Lifters, Black, 2/Pack",Office Supplies,Central,1,2,2,1,1
6/25/2015,"GE General Use Halogen Bulbs, 100 Watts, 1 Bulb per Pack",Furniture,Central,11,9,96,75,21
6/25/2015,Avery File Folder Labels,Office Supplies,Central,1,2,3,5,2
9/20/2015,GBC Standard Plastic Binding Systems' Combs,Office Supplies,East,3,6,21,38,17
7/10/2017,Belkin 7-Outlet SurgeMaster Home Series,Office Supplies,South,10,3,31,42,11
6/30/2017,"Sauder Facets Collection Library, Sky Alder Finish",Furniture,West,144,3,431,436,5
8/21/2017,"Padded Folding Chairs, Black, 4/Carton",Furniture,West,58,6,350,389,39
8/21/2017,Fellowes Stor/Drawer Steel Plus Storage Drawers,Office Supplies,West,90,6,538,573,34
8/21/2017,Kensington K72356US Mouse-in-a-Box USB Desktop Mouse,Technology,West,11,2,22,33,12
3/11/2017,Memorex Mini Travel Drive 16 GB USB 2.0 Flash Drive,Technology,East,10,4,39,64,25
3/11/2017,"Executive Impressions 16-1/2"" Circular Wall Clock",Furniture,East,15,1,15,27,12
9/15/2017,"Avery Trapezoid Ring Binder, 3"" Capacity, Black, 1040 sheets",Office Supplies,West,21,9,188,295,107
9/20/2016,Honeywell Quietcare HEPA Air Cleaner,Office Supplies,East,53,5,263,393,130
12/15/2016,"Avery Triangle Shaped Sheet Lifters, Black, 2/Pack",Office Supplies,East,1,3,4,2,1
11/3/2017,Strathmore Photo Mount Cards,Office Supplies,South,4,3,11,16,5
7/3/2016,Avanti 1.7 Cu. Ft. Refrigerator,Office Supplies,East,73,7,509,707,198
9/26/2014,"Avery Durable Slant Ring Binders, No Labels",Office Supplies,East,2,5,11,6,5
9/26/2014,DAX Black Cherry Wood-Tone Poster Frame,Furniture,East,16,1,16,21,5
9/26/2014,"Acco Six-Outlet Power Strip, 4' Cord Length",Office Supplies,East,6,6,38,41,3
7/14/2014,Newell 315,Office Supplies,East,4,3,13,18,4
9/28/2017,GBC Standard Plastic Binding Systems Combs,Office Supplies,East,5,1,5,3,2
8/28/2015,"Hot File 7-Pocket, Floor Stand",Office Supplies,West,125,5,625,892,268
8/28/2015,O'Sullivan 2-Door Barrister Bookcase in Odessa Pine,Furniture,West,139,2,279,308,29
8/28/2015,Carina Double Wide Media Storage Towers in Natural & Black,Office Supplies,West,78,9,700,729,29
8/28/2015,GBC Wire Binding Combs,Office Supplies,West,5,5,27,41,14
8/28/2015,invisibleSHIELD by ZAGG Smudge-Free Screen Protector,Technology,West,9,3,28,43,15
8/28/2015,Eldon Wave Desk Accessories,Furniture,West,1,2,2,4,2
9/20/2015,Xerox 1881,Office Supplies,East,7,5,33,61,29
9/20/2015,Recycled Premium Regency Composition Covers,Office Supplies,East,8,2,16,24,9
11/7/2016,AT&T SB67148 SynJ,Technology,East,48,4,193,264,71
11/7/2016,Jabra Supreme Plus Driver Edition Headset,Technology,East,86,3,259,360,101
11/7/2016,Xerox 23,Office Supplies,East,3,2,7,13,6
11/7/2016,"Eldon Base for stackable storage shelf, platinum",Office Supplies,East,37,3,111,117,6
11/7/2016,Ibico EB-19 Dual Function Manual Binding System,Office Supplies,East,93,2,187,277,90
10/20/2015,Logitech G602 Wireless Gaming Mouse,Technology,West,51,3,154,240,86
10/20/2015,Acrylic Self-Standing Desk Frames,Furniture,West,2,6,10,16,6
1/1/2017,SAFCO Boltless Steel Shelving,Office Supplies,Central,113,5,563,455,108
1/1/2017,"Tenex Carpeted, Granite-Look or Clear Contemporary Contour Shape Chair Mats",Furniture,Central,66,5,329,141,187
1/1/2017,Office Star - Contemporary Task Swivel Chair,Furniture,Central,84,4,337,311,27
1/1/2017,Fluorescent Highlighters by Dixon,Office Supplies,Central,3,4,11,13,2
1/1/2017,GBC Instant Report Kit,Office Supplies,Central,3,5,16,6,10
1/1/2017,"Pressboard Covers with Storage Hooks, 9 1/2"" x 11"", Light Blue",Office Supplies,Central,3,14,36,14,23
1/1/2017,Fellowes Superior 10 Outlet Split Surge Protector,Office Supplies,Central,27,2,54,15,39
6/23/2015,"Eldon Stackable Tray, Side-Load, Legal, Smoke",Furniture,South,6,3,18,27,9
6/23/2015,GBC DocuBind P100 Manual Binding Machine,Office Supplies,South,91,1,91,166,75
6/23/2015,Dell Slim USB Multimedia Keyboard,Technology,South,19,3,57,75,18
11/22/2016,GBC Premium Transparent Covers with Diagonal Lined Pattern,Office Supplies,East,11,8,87,134,47
10/26/2015,Avery 477,Office Supplies,West,16,6,99,147,48
10/26/2015,Xerox 1914,Office Supplies,West,28,3,84,132,48
10/26/2015,Tripp Lite TLP810NET Broadband Surge for Modem/Fax,Office Supplies,West,37,5,183,204,20
10/26/2015,Avery Self-Adhesive Photo Pockets for Polaroid Photos,Office Supplies,West,4,7,25,14,10
10/26/2015,Fellowes Officeware Wire Shelving,Office Supplies,West,88,10,880,719,162
10/20/2016,Aluminum Document Frame,Furniture,South,9,5,43,61,18
4/28/2017,Harmony HEPA Quiet Air Purifiers,Office Supplies,South,8,3,23,28,5
9/29/2016,Newell 351,Office Supplies,West,2,4,9,10,1
7/10/2015,Large Capacity Hanging Post Binders,Office Supplies,West,13,2,27,40,13
8/7/2015,"Acco Six-Outlet Power Strip, 4' Cord Length",Office Supplies,East,6,9,57,78,20
12/7/2014,Advantus Rolling Drawer Organizers,Office Supplies,West,28,7,199,269,70
12/10/2015,Avery File Folder Labels,Office Supplies,West,1,2,3,6,3
11/8/2017,Panasonic KP-310 Heavy-Duty Electric Pencil Sharpener,Office Supplies,East,15,5,77,110,33
7/27/2017,Staple-based wall hangings,Furniture,West,4,3,13,24,11
7/27/2017,"Message Book, Phone, Wirebound Standard Line Memo, 2 3/4"" X 5""",Office Supplies,West,4,4,14,26,12
7/27/2017,Xerox 227,Office Supplies,West,3,2,7,13,6
7/27/2017,Sony Micro Vault Click 8 GB USB 2.0 Flash Drive,Technology,West,40,5,202,235,33
12/28/2017,Eldon Mobile Mega Data Cart  Mega Stackable  Add-On Trays,Office Supplies,West,17,5,84,118,34
12/28/2017,Xerox 1953,Office Supplies,West,2,1,2,4,2
3/10/2016,Kingston Digital DataTraveler 16GB USB 2.0,Technology,West,7,3,22,27,5
3/10/2016,Okidata MB760 Printer,Technology,West,993,3,2980,3358,378
5/22/2015,Avery 476,Office Supplies,West,2,2,4,8,4
5/22/2015,Zebra GX420t Direct Thermal/Thermal Transfer Printer,Technology,West,377,7,2639,2973,334
5/22/2015,Pizazz Global Quick File,Office Supplies,West,11,7,75,105,29
5/22/2015,Aastra 57i VoIP phone,Technology,West,120,6,718,776,58
2/17/2017,"Sauder Mission Library with Doors, Fruitwood Finish",Furniture,Central,106,1,106,89,17
2/17/2017,"Dixon Ticonderoga Core-Lock Colored Pencils, 48-Color Set",Office Supplies,Central,20,6,123,175,53
2/17/2017,Jawbone MINI JAMBOX Wireless Bluetooth Speaker,Technology,Central,132,4,526,438,88
12/8/2017,Global Deluxe Steno Chair,Furniture,East,69,4,274,216,59
11/18/2017,"Peel & Seel Recycled Catalog Envelopes, Brown",Office Supplies,Central,6,6,35,56,21
11/18/2017,Global Highback Leather Tilter in Burgundy,Furniture,Central,76,2,153,127,25
12/1/2016,"Situations Contoured Folding Chairs, 4/Set",Furniture,Central,53,5,266,248,18
12/1/2016,Acco 6 Outlet Guardian Premium Surge Suppressor,Office Supplies,Central,11,4,43,12,31
12/1/2016,"Global Push Button Manager's Chair, Indigo",Furniture,Central,43,2,86,85,1
10/3/2017,Colorific Watercolor Pencils,Office Supplies,Central,4,5,18,21,2
8/29/2017,Electrix Fluorescent Magnifier Lamps & Weighted Base,Furniture,West,36,3,107,148,41
11/24/2017,Fellowes Bases and Tops For Staxonsteel/High-Stak Systems,Office Supplies,Central,25,1,25,33,8
6/30/2017,Xerox 1919,Office Supplies,West,21,5,105,205,100
7/22/2017,Hon Every-Day Series Multi-Task Chairs,Furniture,Central,150,4,602,526,75
11/11/2016,Magnifier Swing Arm Lamp,Furniture,West,16,2,31,42,11
11/11/2016,Hon Every-Day Series Multi-Task Chairs,Furniture,West,150,3,451,451,0
11/11/2016,Avery Poly Binder Pockets,Office Supplies,West,2,11,20,32,11
12/9/2014,Globe Weis Peel & Seel First Class Envelopes,Office Supplies,East,7,3,21,31,10
12/9/2014,Canon PC940 Copier,Technology,East,238,4,954,1080,126
9/7/2017,Global Low Back Tilter Chair,Furniture,West,95,2,190,162,28
2/6/2015,UniKeep View Case Binders,Office Supplies,Central,3,3,8,3,5
2/6/2015,Memorex Mini Travel Drive 8 GB USB 2.0 Flash Drive,Technology,Central,7,2,14,19,4
2/6/2015,"Tennsco Snap-Together Open Shelving Units, Starter Sets and Add-On Units",Office Supplies,Central,266,3,797,671,126
8/26/2017,"Seth Thomas 16"" Steel Case Clock",Furniture,Central,22,5,109,65,44
7/20/2014,"Maxell 74 Minute CD-R Spindle, 50/Pack",Technology,West,13,2,27,42,15
7/20/2014,Xerox 1965,Office Supplies,West,3,2,6,12,6
7/20/2014,Newell 348,Office Supplies,West,2,4,9,13,4
7/20/2014,"Hot File 7-Pocket, Floor Stand",Office Supplies,West,125,3,375,535,161
10/8/2015,"Tenex Traditional Chairmats for Medium Pile Carpet, Standard Lip, 36"" x 48""",Furniture,Central,48,3,144,73,71
2/16/2015,Xerox 1881,Office Supplies,West,7,3,20,37,17
2/16/2015,Avery 485,Office Supplies,West,7,7,46,88,41
8/12/2016,BPI Conference Tables,Furniture,South,117,7,818,562,256
11/9/2014,"Eldon 200 Class Desk Accessories, Black",Furniture,East,4,9,35,57,21
7/18/2016,Newell 326,Office Supplies,East,1,8,10,11,1
7/18/2016,Steel Personal Filing/Posting Tote,Office Supplies,East,26,10,259,284,25
7/18/2016,Xerox 196,Office Supplies,East,3,4,12,18,7
2/5/2016,Avery 508,Office Supplies,West,3,3,8,15,7
2/5/2016,"Fellowes Mobile File Cart, Black",Office Supplies,West,45,3,136,187,50
2/5/2016,Chromcraft Round Conference Tables,Furniture,West,138,4,551,558,7
2/5/2016,Anker Astro 15000mAh USB Portable Charger,Technology,West,48,4,192,160,32
6/20/2014,Honeywell Quietcare HEPA Air Cleaner,Office Supplies,Central,53,6,316,472,156
6/20/2014,Nontoxic Chalk,Office Supplies,Central,1,2,2,4,2
6/9/2017,Easy-staple paper,Office Supplies,South,7,4,26,49,23
12/27/2016,Avery File Folder Labels,Office Supplies,West,1,7,10,20,10
1/26/2014,Wilson Jones 14 Line Acrylic Coated Pressboard Data Binders,Office Supplies,Central,3,2,6,11,5
1/26/2014,"Safco Value Mate Series Steel Bookcases, Baked Enamel Finish on Steel, Gray",Furniture,Central,51,2,102,142,40
3/23/2017,Acco Perma 4000 Stacking Storage Drawers,Office Supplies,West,14,2,28,32,5
3/23/2017,Xerox 1898,Office Supplies,West,3,3,10,20,10
3/23/2017,Canon imageCLASS 2200 Advanced Copier,Technology,West,1820,4,7280,14000,6720
3/20/2017,WD My Passport Ultra 2TB Portable External Hard Drive,Technology,East,100,2,200,238,38
3/20/2017,Xerox 1988,Office Supplies,East,17,2,34,62,28
10/4/2016,"Bush Andora Conference Table, Maple/Graphite Gray Finish",Furniture,East,132,2,263,239,24
11/18/2016,WD My Passport Ultra 2TB Portable External Hard Drive,Technology,West,100,5,500,595,95
12/26/2017,Xerox 1959,Office Supplies,Central,3,3,10,16,6
3/9/2016,Microsoft Sculpt Comfort Mouse,Technology,East,22,5,112,200,88
2/16/2016,Hon Comfortask Task/Swivel Chairs,Furniture,East,96,2,191,228,36
9/28/2015,"Fellowes Premier Superior Surge Suppressor, 10-Outlet, With Phone and Remote",Office Supplies,East,36,6,217,294,76
9/28/2015,Nortel Meridian M3904 Professional Digital phone,Technology,East,109,2,219,308,89
11/2/2015,Contemporary Wood/Metal Frame,Furniture,West,11,6,63,97,34
11/2/2015,GBC Premium Transparent Covers with Diagonal Lined Pattern,Office Supplies,West,11,7,76,117,41
11/2/2015,Cardinal Holdit Business Card Pockets,Office Supplies,West,3,3,8,12,4
11/2/2015,O'Sullivan Living Dimensions 3-Shelf Bookcases,Furniture,West,181,3,543,512,30
7/31/2016,Laminate Occasional Tables,Furniture,West,128,7,895,863,32
11/6/2017,Hon 5100 Series Wood Tables,Furniture,West,239,7,1670,2037,367
11/6/2017,Hon 2090 “Pillow Soft” Series Mid Back Swivel/Tilt Chairs,Furniture,West,261,2,523,450,73
11/6/2017,SanDisk Cruzer 64 GB USB Flash Drive,Technology,West,25,3,76,109,33
2/14/2016,Panasonic KP-150 Electric Pencil Sharpener,Office Supplies,South,28,7,195,264,69
7/9/2014,Avery 49,Office Supplies,West,1,1,1,3,1
7/9/2014,Wilson Jones Leather-Like Binders with DublLock Round Rings,Office Supplies,West,5,6,28,42,14
7/9/2014,"Perma STOR-ALL Hanging File Box, 13 1/8""W x 12 1/4""D x 10 1/2""H",Office Supplies,West,5,4,20,24,4
1/30/2016,Xerox 1943,Office Supplies,Central,26,4,104,157,53
9/22/2016,"Sortfiler Multipurpose Personal File Organizer, Black",Office Supplies,East,15,6,91,128,37
12/22/2017,Kensington Expert Mouse Optical USB Trackball for PC or Mac,Technology,West,66,5,332,475,142
9/2/2016,Hewlett Packard 610 Color Digital Copier / Printer,Technology,West,275,2,550,1000,450
8/2/2015,Balt Split Level Computer Training Table,Furniture,West,117,4,466,278,189
11/21/2015,"Bevis Oval Conference Table, Walnut",Furniture,East,217,8,1733,1253,480
11/21/2015,"Logitech B530 USB Headset - headset - Full size, Binaural",Technology,East,27,5,135,111,24
5/18/2017,Flat Face Poster Frame,Furniture,Central,11,3,33,23,10
5/18/2017,C-Line Cubicle Keepers Polyproplyene Holder With Velcro Backings,Furniture,Central,3,1,3,2,1
7/23/2017,Xerox 1909,Office Supplies,Central,14,3,43,63,21
9/13/2015,Staple envelope,Office Supplies,Central,5,1,5,8,3
9/13/2015,"Global Value Steno Chair, Gray",Furniture,Central,46,4,182,170,12
12/10/2016,"Adams Phone Message Book, Professional, 400 Message Capacity, 5 3/6” x 11”",Office Supplies,East,4,9,33,63,30
10/2/2015,Xerox 202,Office Supplies,East,3,3,10,19,9
10/2/2015,GBC Plastic Binding Combs,Office Supplies,East,4,1,4,7,4
11/17/2017,Xerox 1905,Office Supplies,East,3,6,20,39,19
11/17/2017,"Howard Miller 13"" Diameter Goldtone Round Wall Clock",Furniture,East,28,4,111,188,77
11/30/2015,Avery Durable Binders,Office Supplies,South,1,7,10,6,4
11/30/2015,Belkin 8 Outlet Surge Protector,Office Supplies,South,30,3,89,98,10
11/30/2015,Luxo Professional Fluorescent Magnifier Lamp with Clamp-Mount Base,Furniture,South,155,2,311,336,25
12/6/2015,Spiral Phone Message Books with Labels by Adams,Office Supplies,West,2,2,5,9,4
9/5/2017,Maxell LTO Ultrium - 800 GB,Technology,South,23,4,91,90,1
9/5/2017,Model L Table or Wall-Mount Pencil Sharpener,Office Supplies,South,13,5,65,72,7
9/5/2017,Xerox 220,Office Supplies,South,3,3,10,16,5
4/24/2017,"Acco Data Flex Cable Posts For Top & Bottom Load Binders, 6"" Capacity",Office Supplies,Central,6,5,29,10,18
4/24/2017,Safco Industrial Wire Shelving System,Office Supplies,Central,91,1,91,73,18
11/8/2015,Fellowes Desktop Hanging File Manager,Office Supplies,East,10,5,50,67,17
11/8/2015,Mitel MiVoice 5330e IP Phone,Technology,East,203,2,407,550,143
11/8/2015,Nu-Dell EZ-Mount Plastic Wall Frames,Furniture,East,2,3,7,12,5
11/8/2015,Zebra ZM400 Thermal Label Printer,Technology,East,604,4,2415,4644,2229
11/8/2015,Hon 4070 Series Pagoda Round Back Stacking Chairs,Furniture,East,231,2,462,578,116
4/26/2015,Bretford CR4500 Series Slim Rectangular Table,Furniture,South,268,1,268,192,77
4/26/2015,Crayola Colored Pencils,Office Supplies,South,2,1,2,3,0
9/20/2015,GBC Ibimaster 500 Manual ProClick Binding System,Office Supplies,South,380,6,2283,1370,913
9/20/2015,"Gould Plastics 18-Pocket Panel Bin, 34w x 5-1/4d x 20-1/2h",Office Supplies,South,88,4,353,294,59
9/7/2017,Eureka The Boss Cordless Rechargeable Stick Vac,Office Supplies,South,37,2,74,82,7
11/7/2016,"Executive Impressions 14"" Contract Wall Clock with Quartz Movement",Furniture,Central,12,5,62,44,18
11/7/2016,"Mini 13-1/2 Capacity Data Binder Rack, Pearl",Office Supplies,Central,98,3,294,314,20
9/25/2015,"Wilson Jones 1"" Hanging DublLock Ring Binders",Office Supplies,South,3,4,11,6,5
9/25/2015,Advantus Motivational Note Cards,Office Supplies,South,7,1,7,10,4
9/25/2015,Wilson Jones data.warehouse D-Ring Binders with DublLock,Office Supplies,South,4,1,4,2,2
9/25/2015,Wilson Jones Custom Binder Spines & Labels,Office Supplies,South,3,2,6,3,2
10/3/2014,Colored Push Pins,Office Supplies,Central,1,3,3,4,1
10/3/2014,DAX Natural Wood-Tone Poster Frame,Furniture,Central,17,3,51,32,19
10/3/2014,Smead Alpha-Z Color-Coded Second Alphabetical Labels and Starter Set,Office Supplies,Central,2,2,3,5,2
10/3/2014,Avery Hidden Tab Dividers for Binding Systems,Office Supplies,Central,2,3,5,2,3
10/3/2014,Sterling Rubber Bands by Alliance,Office Supplies,Central,5,4,19,15,4
2/18/2014,Akro Stacking Bins,Office Supplies,Central,8,2,15,13,3
6/12/2016,"IBM Multi-Purpose Copy Paper, 8 1/2 x 11"", Case",Office Supplies,West,17,6,102,186,84
6/12/2016,Xerox 228,Office Supplies,West,3,2,7,13,6
11/1/2017,Xerox 1939,Office Supplies,East,10,10,99,190,91
11/1/2017,Xerox 1893,Office Supplies,East,21,1,21,41,20
4/4/2016,"Deflect-o EconoMat Studded, No Bevel Mat for Low Pile Carpeting",Furniture,East,38,2,75,83,7
4/4/2016,"Tenex File Box, Personal Filing Tote with Lid, Black",Office Supplies,East,11,2,23,31,8
4/4/2016,Logitech Trackman Marble Mouse,Technology,East,17,3,52,90,38
6/30/2016,Bulldog Vacuum Base Pencil Sharpener,Office Supplies,South,9,3,26,36,10
6/30/2016,O'Sullivan 2-Door Barrister Bookcase in Odessa Pine,Furniture,South,139,7,975,1267,291
9/22/2014,"File Shuttle II and Handi-File, Black",Office Supplies,West,25,5,127,169,42
9/22/2014,Tennsco Commercial Shelving,Office Supplies,West,20,2,40,41,0
5/1/2017,Kleencut Forged Office Shears by Acme United Corporation,Office Supplies,South,1,2,3,3,0
5/1/2017,Bush Advantage Collection Racetrack Conference Table,Furniture,South,348,4,1391,933,458
5/1/2017,HON 5400 Series Task Chairs for Big and Tall,Furniture,South,561,5,2804,2804,0
10/20/2017,Woodgrain Magazine Files by Perma,Office Supplies,South,3,2,6,5,1
10/20/2017,"REDIFORM Incoming/Outgoing Call Register, 11"" X 8 1/2"", 100 Messages",Office Supplies,South,4,1,4,7,3
10/20/2017,Prang Drawing Pencil Set,Office Supplies,South,2,2,3,4,1
10/20/2017,DAX Wood Document Frame.,Furniture,South,9,4,38,44,6
9/1/2014,Wilson Jones Hanging Recycled Pressboard Data Binders,Office Supplies,East,8,2,15,24,8
9/1/2014,WD My Passport Ultra 2TB Portable External Hard Drive,Technology,East,100,3,300,357,57
8/12/2014,BlackBerry Q10,Technology,West,94,8,756,806,50
8/12/2014,"Seth Thomas 14"" Day/Date Wall Clock",Furniture,West,18,3,54,85,32
8/19/2014,Space Solutions HD Industrial Steel Shelving.,Office Supplies,South,112,3,335,345,10
5/10/2015,Tripp Lite Isotel 8 Ultra 8 Outlet Metal Surge,Office Supplies,Central,53,5,263,71,192
5/10/2015,Boston KS Multi-Size Manual Pencil Sharpener,Office Supplies,Central,17,2,33,37,4
5/10/2016,ClearOne CHATAttach 160 - speaker phone,Technology,East,434,2,868,744,124
3/5/2015,"Performers Binder/Pad Holder, Black",Office Supplies,Central,14,2,28,11,17
3/5/2015,Eldon Wave Desk Accessories,Furniture,Central,3,2,7,5,2
3/5/2015,Avanti 4.4 Cu. Ft. Refrigerator,Office Supplies,Central,130,5,652,181,471
3/5/2015,"Companion Letter/Legal File, Black",Office Supplies,Central,27,2,54,60,6
8/12/2017,Hewlett Packard 310 Color Digital Copier,Technology,West,210,1,210,300,90
8/12/2017,Xerox 1937,Office Supplies,West,25,4,100,192,92
8/12/2017,Grandstream GXP1160 VoIP phone,Technology,West,27,8,215,243,27
8/12/2017,Personal File Boxes with Fold-Down Carry Handle,Office Supplies,West,12,3,35,47,12
8/12/2017,"Perixx PERIBOARD-512B, Ergonomic Split Keyboard",Technology,West,33,5,163,175,12
8/12/2017,Avery Legal 4-Ring Binder,Office Supplies,West,10,6,63,101,38
6/26/2016,"White Dual Perf Computer Printout Paper, 2700 Sheets, 1 Part, Heavyweight, 20 lbs., 14 7/8 x 11",Office Supplies,Central,21,9,188,369,181
6/26/2016,Insertable Tab Post Binder Dividers,Office Supplies,Central,4,1,4,8,4
6/26/2016,"SAFCO Mobile Desk Side File, Wire Frame",Office Supplies,Central,32,4,127,171,44
12/15/2016,Xerox 1958,Office Supplies,South,3,3,10,19,9
9/13/2015,Heavy-Duty E-Z-D Binders,Office Supplies,South,6,4,23,13,10
12/30/2014,Kensington 6 Outlet SmartSocket Surge Protector,Office Supplies,East,31,3,92,123,31
12/30/2014,"Cardinal HOLDit! Binder Insert Strips,Extra Strips",Office Supplies,East,3,7,23,35,13
4/29/2014,Square Credit Card Reader,Technology,East,7,2,15,20,5
1/30/2017,Balt Split Level Computer Training Table,Furniture,Central,117,1,117,69,47
1/30/2017,Acme Tagit Stainless Steel Antibacterial Scissors,Office Supplies,Central,7,4,29,32,3
1/30/2017,Samsung Galaxy S4,Technology,Central,438,4,1753,2003,250
1/30/2017,"Quartet Omega Colored Chalk, 12/Pack",Office Supplies,Central,3,2,6,9,3
12/25/2016,Hon 4700 Series Mobuis Mid-Back Task Chairs with Adjustable Arms,Furniture,East,281,8,2250,2563,313
10/20/2016,Hon Every-Day Chair Series Swivel Task Chairs,Furniture,West,96,4,382,387,5
6/13/2015,Newell 320,Office Supplies,East,3,1,3,3,0
6/30/2017,"Dual Level, Single-Width Filing Carts",Office Supplies,East,115,7,803,1085,282
6/26/2015,Universal Premium White Copier/Laser Paper (20Lb. and 87 Bright),Office Supplies,East,3,9,27,43,16
2/21/2016,Avery Durable Slant Ring Binders With Label Holder,Office Supplies,South,2,3,7,4,3
2/21/2016,Avery Arch Ring Binders,Office Supplies,South,31,2,62,35,27
2/21/2016,Standard Rollaway File with Lock,Office Supplies,South,133,3,400,432,32
4/22/2017,Tennsco Double-Tier Lockers,Office Supplies,South,196,3,587,675,88
5/9/2017,"Tyvek  Top-Opening Peel & Seel Envelopes, Plain White",Office Supplies,South,14,3,43,65,22
5/9/2017,Harbour Creations Steel Folding Chair,Furniture,South,60,3,181,207,26
12/21/2015,Star Micronics TSP800 TSP847IIU Receipt Printer,Technology,Central,232,2,463,601,137
12/21/2015,"Sanford Prismacolor Professional Thick Lead Art Pencils, 36-Color Set",Office Supplies,Central,23,2,46,60,14
12/21/2015,Enermax Acrylux Wireless Keyboard,Technology,Central,63,8,502,637,135
12/21/2015,"Howard Miller 11-1/2"" Diameter Grantwood Wall Clock",Furniture,Central,28,3,85,52,34
8/12/2014,Xerox 229,Office Supplies,South,3,6,20,31,11
8/12/2014,Bulldog Vacuum Base Pencil Sharpener,Office Supplies,South,9,5,44,48,4
8/12/2014,Maxell 4.7GB DVD-R,Technology,South,17,7,117,159,42
8/12/2014,Acco Smartsocket Color-Coded Six-Outlet AC Adapter Model Surge Protectors,Office Supplies,South,33,6,195,211,16
8/12/2014,Acco Side-Punched Conventional Columnar Pads,Office Supplies,South,3,2,7,6,1
8/12/2014,Avery 501,Office Supplies,South,2,1,2,3,1
12/11/2015,GBC Plasticlear Binding Covers,Office Supplies,East,6,3,18,10,8
11/3/2017,Binder Posts,Office Supplies,West,3,4,12,18,6
3/13/2017,Panasonic KX T7736-B Digital phone,Technology,East,112,2,225,300,75
5/30/2016,"Redi-Strip #10 Envelopes, 4 1/8 x 9 1/2",Office Supplies,South,2,9,14,27,13
5/30/2016,Sony Micro Vault Click 16 GB USB 2.0 Flash Drive,Technology,South,43,2,85,112,27
7/5/2015,Stackable Trays,Furniture,South,2,2,4,5,1
7/5/2015,Avery 508,Office Supplies,South,3,3,8,12,4
3/11/2014,Economy #2 Pencils,Office Supplies,West,2,3,6,8,2
4/20/2015,Tyvek Side-Opening Peel & Seel Expanding Envelopes,Office Supplies,Central,50,2,100,181,81
7/26/2017,Logitech Z-906 Speaker sys - home theater - 5.1-CH,Technology,West,198,5,990,1650,660
7/26/2017,"Global Airflow Leather Mesh Back Chair, Black",Furniture,West,106,3,317,362,45
10/31/2014,Motorola L804,Technology,West,33,2,65,74,8
11/3/2017,"SAFCO PlanMaster Boards, 60w x 37-1/2d, White Melamine",Furniture,West,112,4,450,486,36
8/11/2016,Xerox 202,Office Supplies,Central,3,5,17,32,16
8/11/2016,Avery Hanging File Binders,Office Supplies,Central,3,7,23,42,19
8/11/2016,"Premium Transparent Presentation Covers, No Pattern/Clear, 8 1/2"" x 11""",Office Supplies,Central,21,2,42,78,36
7/25/2016,Newell 325,Office Supplies,West,3,9,26,37,11
3/1/2014,Recycled Steel Personal File for Hanging File Folders,Office Supplies,Central,43,3,129,137,9
3/1/2014,Bevis Round Conference Room Tables and Bases,Furniture,Central,140,3,420,377,43
1/26/2017,Artistic Insta-Plaque,Furniture,South,10,4,38,63,24
1/26/2017,Samsung Galaxy Mega 6.3,Technology,South,311,7,2176,2940,764
7/12/2014,Hon Deluxe Fabric Upholstered Stacking Chairs,Furniture,Central,176,3,527,512,15
7/12/2014,Stockwell Push Pins,Office Supplies,Central,1,2,3,3,1
7/12/2014,Fluorescent Highlighters by Dixon,Office Supplies,Central,3,7,18,22,4
7/12/2014,Xerox 195,Office Supplies,Central,3,3,10,16,6
4/11/2017,Pencil and Crayon Sharpener,Office Supplies,South,2,1,2,2,0
4/11/2017,Newell 321,Office Supplies,South,2,8,19,21,2
11/13/2017,"Personal Folder Holder, Ebony",Office Supplies,East,8,1,8,11,3
12/5/2015,"Boston Electric Pencil Sharpener, Model 1818, Charcoal Black",Office Supplies,Central,20,2,41,45,5
9/26/2016,Ibico Recycled Linen-Style Covers,Office Supplies,Central,20,2,41,16,25
11/19/2016,Disposable Triple-Filter Dust Bags,Office Supplies,East,3,2,6,9,2
11/19/2016,"Recycled Desk Saver Line ""While You Were Out"" Book, 5 1/2"" X 4""",Office Supplies,East,5,5,24,45,21
9/8/2017,"Decoflex Hanging Personal Folder File, Blue",Office Supplies,South,11,5,56,62,5
9/8/2017,Samsung Rugby III,Technology,South,48,3,145,158,14
7/21/2017,Avery Poly Binder Pockets,Office Supplies,Central,2,4,7,3,5
7/21/2017,Catalog Binders with Expanding Posts,Office Supplies,Central,37,7,259,94,165
10/6/2017,Xerox 1886,Office Supplies,East,25,3,75,144,69
10/6/2017,Xerox 217,Office Supplies,East,3,1,3,6,3
11/7/2017,Maxell CD-R Discs,Technology,East,1,4,5,8,3
3/9/2016,"Personal Folder Holder, Ebony",Office Supplies,East,8,1,8,11,3
3/9/2016,"Situations Contoured Folding Chairs, 4/Set",Furniture,East,53,5,266,355,89
3/9/2016,Xerox 193,Office Supplies,East,3,3,9,18,9
3/9/2016,GBC Binding covers,Office Supplies,East,7,4,28,52,23
5/13/2017,GBC Twin Loop Wire Binding Elements,Office Supplies,East,17,9,150,300,150
7/2/2016,Avery Hi-Liter Pen Style Six-Color Fluorescent Set,Office Supplies,South,2,2,5,8,3
12/27/2014,Xerox 1983,Office Supplies,South,3,4,12,24,12
12/27/2014,Enermax Acrylux Wireless Keyboard,Technology,South,63,5,314,498,184
4/13/2017,"Global Wood Trimmed Manager's Task Chair, Khaki",Furniture,West,79,6,475,437,38
11/14/2014,Xerox 192,Office Supplies,South,3,5,17,32,16
6/11/2017,Kensington 6 Outlet Guardian Standard Surge Protector,Office Supplies,West,15,3,45,61,17
11/25/2016,Sterilite Officeware Hinged File Box,Office Supplies,South,8,7,54,73,20
3/21/2014,Avery 505,Office Supplies,South,7,5,37,59,22
3/21/2014,DAX Wood Document Frame,Furniture,South,9,3,26,33,7
3/21/2014,Global Highback Leather Tilter in Burgundy,Furniture,South,76,3,229,218,11
4/30/2015,"Eldon 200 Class Desk Accessories, Burgundy",Furniture,East,4,5,18,31,13
4/30/2015,"DAX Two-Tone Rosewood/Black Document Frame, Desktop, 5 x 7",Furniture,East,6,1,6,9,4
4/30/2015,"iKross Bluetooth Portable Keyboard + Cell Phone Stand Holder + Brush for Apple iPhone 5S 5C 5, 4S 4",Technology,East,15,10,151,210,59
4/30/2015,"Eldon Imàge Series Desk Accessories, Clear",Furniture,East,3,5,14,24,10
4/30/2015,Weyerhaeuser First Choice Laser/Copy Paper (20Lb. and 88 Bright),Office Supplies,East,3,1,3,6,3
5/3/2017,"Career Cubicle Clock, 8 1/4"", Black",Furniture,East,13,2,25,32,7
5/3/2017,Wilson Jones Legal Size Ring Binders,Office Supplies,East,11,4,44,26,18
5/3/2017,Bevis 36 x 72 Conference Tables,Furniture,East,97,5,486,373,112
5/3/2017,"Wilson Jones Elliptical Ring 3 1/2"" Capacity Binders, 800 sheets",Office Supplies,East,22,5,109,64,45
5/3/2017,Advantus Plastic Paper Clips,Office Supplies,East,3,2,5,8,3
8/26/2016,Deflect-o Glass Clear Studded Chair Mats,Furniture,South,49,3,146,187,41
4/11/2014,Eldon Simplefile Box Office,Office Supplies,West,9,7,63,87,24
4/11/2014,AT&T SB67148 SynJ,Technology,West,48,2,96,106,9
4/11/2014,Memorex Mini Travel Drive 64 GB USB 2.0 Flash Drive,Technology,West,21,6,126,217,91
1/2/2017,Newell 319,Office Supplies,Central,14,2,28,32,4
1/2/2017,Hoover Commercial SteamVac,Office Supplies,Central,10,2,19,5,14
1/2/2017,"Bevis Oval Conference Table, Walnut",Furniture,Central,217,5,1083,913,170
1/2/2017,"Dual Level, Single-Width Filing Carts",Office Supplies,Central,115,3,344,372,28
4/28/2017,Samsung Galaxy S4 Mini,Technology,South,334,2,667,752,85
1/30/2017,Mitel 5320 IP Phone VoIP phone,Technology,West,136,4,544,605,60
9/7/2014,"Acme Design Line 8"" Stainless Steel Bent Scissors w/Champagne Handles, 3-1/8"" Cut",Office Supplies,West,5,4,20,27,7
9/7/2014,"Message Book, Wirebound, Four 5 1/2"" X 4"" Forms/Pg., 200 Dupl. Sets/Book",Office Supplies,West,5,2,11,21,10
9/7/2014,Avery Legal 4-Ring Binder,Office Supplies,West,10,5,52,84,31
6/11/2016,Bretford Rectangular Conference Table Tops,Furniture,West,290,3,869,903,34
10/17/2016,"Safco Value Mate Steel Bookcase, Baked Enamel Finish on Steel, Black",Furniture,West,50,2,99,121,21
12/27/2014,GBC Standard Therm-A-Bind Covers,Office Supplies,Central,13,1,13,5,8
11/24/2016,Howard Miller Distant Time Traveler Alarm Clock,Furniture,West,16,3,49,82,34
11/10/2016,Acco Perma 2700 Stacking Storage Drawers,Office Supplies,West,25,1,25,30,4
1/5/2015,Acco 6 Outlet Guardian Premium Surge Suppressor,Office Supplies,West,11,6,64,87,24
1/5/2015,Fellowes Binding Cases,Office Supplies,West,6,6,39,56,18
3/21/2017,APC 7 Outlet Network SurgeArrest Surge Protector,Office Supplies,South,56,1,56,64,8
11/12/2015,"Carina 42""Hx23 3/4""W Media Storage Unit",Office Supplies,Central,79,1,79,65,15
11/12/2015,Xerox 1957,Office Supplies,Central,3,3,10,16,6
11/12/2015,"Blue String-Tie & Button Interoffice Envelopes, 10 x 13",Office Supplies,Central,22,7,154,224,70
9/9/2014,"Ampad Poly Cover Wirebound Steno Book, 6"" x 9"" Assorted Colors, Gregg Ruled",Office Supplies,Central,2,3,7,11,3
3/17/2016,i.Sound Portable Power - 8000 mAh,Technology,West,52,2,105,85,20
2/8/2016,Harbour Creations Steel Folding Chair,Furniture,Central,60,4,242,242,0
11/26/2016,Micropad Numeric Keypads,Technology,East,15,3,45,60,15
11/26/2016,Xerox 1959,Office Supplies,East,3,2,7,13,6
9/4/2017,Pressboard Hanging Data Binders for Unburst Sheets,Office Supplies,West,3,3,8,12,4
5/28/2015,Acco Perma 4000 Stacking Storage Drawers,Office Supplies,East,14,1,14,16,2
5/28/2015,"Personal Filing Tote with Lid, Black/Gray",Office Supplies,East,11,5,56,78,22
11/1/2014,Fellowes Superior 10 Outlet Split Surge Protector,Office Supplies,East,27,2,54,76,22
12/27/2016,"OIC Colored Binder Clips, Assorted Sizes",Office Supplies,East,2,6,11,17,6
12/4/2017,"Adams Telephone Message Book W/Dividers/Space For Phone Numbers, 5 1/4""X8 1/2"", 300/Messages",Office Supplies,West,3,2,6,12,6
12/23/2017,DAX Wood Document Frame,Furniture,East,9,2,18,27,10
12/1/2016,Jensen SMPS-640 - speaker phone,Technology,East,34,3,102,138,36
12/1/2016,"Executive Impressions 14""",Furniture,East,12,5,62,111,49
12/1/2016,Honeywell Enviracaire Portable HEPA Air Cleaner for 17' x 22' Room,Office Supplies,East,201,3,604,902,298
12/1/2016,Chromcraft Round Conference Tables,Furniture,East,138,3,413,366,47
6/30/2014,Xerox 1913,Office Supplies,South,29,7,202,311,109
9/3/2014,GBC VeloBinder Strips,Office Supplies,Central,4,5,19,8,12
11/2/2017,Office Star Flex Back Scooter Chair with White Frame,Furniture,East,95,2,191,155,36
4/13/2015,"Neat Ideas Personal Hanging Folder Files, Black",Office Supplies,West,10,1,10,11,1
12/5/2015,Avery Arch Ring Binders,Office Supplies,East,31,5,154,232,78
12/5/2015,"Global Armless Task Chair, Royal Blue",Furniture,East,51,3,152,165,13
12/5/2015,Xerox 188,Office Supplies,East,6,2,12,23,11
2/1/2016,Xerox 1883,Office Supplies,West,14,4,57,106,49
7/8/2017,36X48 HARDFLOOR CHAIRMAT,Furniture,East,20,4,78,84,6
7/8/2017,Maxell 4.7GB DVD-R,Technology,East,17,5,84,142,58
7/8/2017,Tensor Track Tree Floor Lamp,Furniture,East,15,2,31,40,9
7/8/2017,Newell 325,Office Supplies,East,3,7,20,29,9
7/8/2017,Hunt Boston Vacuum Mount KS Pencil Sharpener,Office Supplies,East,26,5,129,175,45
12/11/2015,GBC Recycled Grain Textured Covers,Office Supplies,West,18,4,72,111,39
11/15/2016,Hon Racetrack Conference Tables,Furniture,South,207,4,830,630,200
5/9/2016,4009 Highlighters by Sanford,Office Supplies,South,3,7,19,28,9
3/10/2017,"Bevis Traditional Conference Table Top, Plinth Base",Furniture,Central,277,4,1107,933,173
12/17/2016,Xerox 214,Office Supplies,Central,3,10,34,52,18
12/17/2016,WD My Passport Ultra 1TB Portable External Hard Drive,Technology,Central,57,3,172,166,6
4/6/2017,Easy-staple paper,Office Supplies,Central,19,3,56,106,50
5/9/2017,"GBC Velobind Prepunched Cover Sets, Regency Series",Office Supplies,West,20,5,102,148,46
5/9/2017,Home/Office Personal File Carts,Office Supplies,West,26,3,78,104,26
5/9/2017,"Riverside Furniture Oval Coffee Table, Oval End Table, End Table with Drawer",Furniture,West,224,1,224,287,63
5/9/2017,Rogers Profile Extra Capacity Storage Tub,Office Supplies,West,16,4,64,67,3
5/9/2017,Razer Kraken 7.1 Surround Sound Over Ear USB Gaming Headset,Technology,West,56,2,112,200,88
10/12/2017,Imation 8gb Micro Traveldrive Usb 2.0 Flash Drive,Technology,East,13,3,40,45,5
10/12/2017,"OIC Colored Binder Clips, Assorted Sizes",Office Supplies,East,2,5,9,18,9
10/12/2017,DAX Two-Tone Silver Metal Document Frame,Furniture,East,12,2,23,40,17
10/12/2017,"Global Adaptabilites Bookcase, Cherry/Storm Gray Finish",Furniture,East,405,5,2026,2155,129
8/28/2016,GBC VeloBinder Strips,Office Supplies,East,4,8,31,18,12
10/2/2015,"Acme Design Line 8"" Stainless Steel Bent Scissors w/Champagne Handles, 3-1/8"" Cut",Office Supplies,West,5,2,10,11,1
11/23/2017,Staple remover,Office Supplies,Central,2,2,4,4,0
11/12/2017,SanDisk Ultra 16 GB MicroSDHC Class 10 Memory Card,Technology,West,12,6,73,62,11
12/19/2016,"Eldon ""L"" Workstation Diamond Chairmat",Furniture,East,67,5,334,304,30
3/30/2014,Space Solutions Commercial Steel Shelving,Office Supplies,Central,61,2,123,129,6
11/8/2017,Howard Miller Distant Time Traveler Alarm Clock,Furniture,East,16,10,162,274,112
9/14/2014,Revere Boxed Rubber Bands by Revere,Office Supplies,Central,2,4,7,6,1
9/14/2014,Xerox 1900,Office Supplies,Central,2,2,5,7,2
9/14/2014,Stacking Trays by OIC,Furniture,Central,3,5,17,10,7
9/14/2014,Trimflex Flexible Post Binders,Office Supplies,Central,11,2,22,9,14
9/20/2015,Wilson Jones Impact Binders,Office Supplies,West,3,11,29,46,17
12/10/2015,Maxell 4.7GB DVD-RW 3/Pack,Technology,East,11,2,21,25,4
5/28/2014,"Green Canvas Binder for 8-1/2"" x 14"" Sheets",Office Supplies,West,21,4,86,137,51
3/14/2017,Seidio BD2-HK3IPH5-BK DILEX Case and Holster Combo for Apple iPhone 5/5s - Black,Technology,Central,22,2,45,50,5
12/8/2016,"Ampad Gold Fibre Wirebound Steno Books, 6"" x 9"", Gregg Ruled",Office Supplies,East,2,3,7,11,3
5/6/2017,Xerox 1883,Office Supplies,West,14,4,57,84,27
3/6/2016,Wilson SignalBoost 841262 DB PRO Amplifier Kit,Technology,East,252,2,504,432,72
3/6/2016,Avery Self-Adhesive Photo Pockets for Polaroid Photos,Office Supplies,East,4,1,4,2,1
3/6/2016,Grandstream GXP1160 VoIP phone,Technology,East,27,3,81,68,13
10/23/2017,KI Adjustable-Height Table,Furniture,East,64,4,255,241,14
10/23/2017,"Eldon 400 Class Desk Accessories, Black Carbon",Furniture,East,5,4,20,35,15
10/23/2017,Deflect-o DuraMat Antistatic Studded Beveled Mat for Medium Pile Carpeting,Furniture,East,80,2,160,211,51
10/23/2017,"Office Impressions End Table, 20-1/2""H x 24""W x 20""D",Furniture,East,255,3,765,638,128
10/23/2017,"Wirebound Message Book, 4 per Page",Office Supplies,East,3,8,22,43,21
10/23/2017,Hoover Replacement Belt for Commercial Guardsman Heavy-Duty Upright Vacuum,Office Supplies,East,2,1,2,2,1
4/28/2014,Samsung Galaxy Mega 6.3,Technology,West,311,5,1554,1680,126
4/18/2016,"Global High-Back Leather Tilter, Burgundy",Furniture,Central,109,4,438,344,93
4/18/2016,Tennsco 16-Compartment Lockers with Coat Rack,Office Supplies,Central,492,3,1477,1555,78
4/18/2016,"Howard Miller 16"" Diameter Gallery Wall Clock",Furniture,Central,39,5,195,128,67
5/22/2016,Nortel Business Series Terminal T7208 Digital phone,Technology,West,100,2,200,222,22
5/28/2017,"Global Task Chair, Black",Furniture,Central,45,3,136,107,29
5/28/2017,Storex Dura Pro Binders,Office Supplies,Central,3,3,10,4,6
8/25/2014,"Wilson Jones Elliptical Ring 3 1/2"" Capacity Binders, 800 sheets",Office Supplies,Central,22,3,65,26,40
8/25/2014,"Square Ring Data Binders, Rigid 75 Pt. Covers, 11"" x 14-7/8""",Office Supplies,Central,11,3,32,12,20
8/30/2014,Wilson Jones Standard D-Ring Binders,Office Supplies,East,3,5,13,25,12
8/30/2014,Fellowes Bankers Box Stor/Drawer Steel Plus,Office Supplies,East,29,3,86,96,10
9/3/2015,Smead Alpha-Z Color-Coded Name Labels First Letter Starter Set,Office Supplies,Central,2,2,4,8,4
3/28/2014,AT&T TR1909W,Technology,West,93,3,280,302,23
5/10/2015,Belkin Standard 104 key USB Keyboard,Technology,West,12,4,50,47,3
4/9/2015,"Perma STOR-ALL Hanging File Box, 13 1/8""W x 12 1/4""D x 10 1/2""H",Office Supplies,East,5,3,15,18,3
4/9/2015,Honeywell Enviracaire Portable HEPA Air Cleaner for up to 10 x 16 Room,Office Supplies,East,75,3,226,370,144
9/19/2016,Avery Heavy-Duty EZD  Binder With Locking Rings,Office Supplies,West,3,2,6,9,3
11/11/2016,Balt Solid Wood Round Tables,Furniture,Central,406,6,2438,2679,241
4/23/2017,O'Sullivan 4-Shelf Bookcase in Odessa Pine,Furniture,South,100,4,402,387,15
4/23/2017,Maxell 4.7GB DVD-R,Technology,South,17,2,33,45,12
4/23/2017,Tenex Chairmats For Use with Hard Floors,Furniture,South,30,3,90,78,12
4/23/2017,Avery 496,Office Supplies,South,2,1,2,3,1
10/22/2015,Eldon Simplefile Box Office,Office Supplies,South,9,1,9,10,1
4/9/2017,Tuf-Vin Binders,Office Supplies,East,17,4,67,38,29
4/9/2017,Xerox 1893,Office Supplies,East,21,2,42,66,24
10/27/2017,Xerox 1882,Office Supplies,West,29,1,29,45,16
10/30/2015,Star Micronics TSP100 TSP143LAN Receipt Printer,Technology,East,192,4,766,1036,269
12/18/2017,Newell 335,Office Supplies,West,2,2,4,6,2
3/12/2016,Hammermill Color Copier Paper (28Lb. and 96 Bright),Office Supplies,West,5,2,11,20,9
7/21/2014,Griffin GC17055 Auxiliary Audio Cable,Technology,Central,13,2,26,36,10
5/24/2016,BIC Liqua Brite Liner,Office Supplies,East,4,3,13,17,3
2/11/2017,Avery 473,Office Supplies,East,5,2,11,21,10
9/20/2016,GBC Poly Designer Binding Covers,Office Supplies,Central,9,5,43,84,41
9/24/2017,12-1/2 Diameter Round Wall Clock,Furniture,West,13,10,128,200,72
3/27/2017,Xerox 1982,Office Supplies,West,12,2,25,46,21
3/27/2017,Xerox 1913,Office Supplies,West,29,2,58,111,53
3/27/2017,Unpadded Memo Slips,Office Supplies,West,2,3,6,12,6
2/2/2016,"HP Designjet T520 Inkjet Large Format Printer - 24"" Color",Technology,South,1190,5,5950,8750,2800
2/2/2016,Presstex Flexible Ring Binders,Office Supplies,South,2,8,18,36,18
2/2/2016,Acrylic Self-Standing Desk Frames,Furniture,South,2,7,12,19,7
7/7/2017,"Brites Rubber Bands, 1 1/2 oz. Box",Office Supplies,West,2,3,6,6,0
10/23/2015,"TOPS 4 x 6 Fluorescent Color Memo Sheets, 500 Sheets per Pack",Office Supplies,Central,5,8,40,61,20
10/23/2015,Canon PC-428 Personal Copier,Technology,Central,106,3,318,480,162
10/23/2015,Ibico Plastic Spiral Binding Combs,Office Supplies,Central,16,1,16,6,10
12/2/2016,WD My Passport Ultra 1TB Portable External Hard Drive,Technology,West,57,3,172,166,6
3/5/2014,Newell 345,Office Supplies,East,15,3,44,60,15
3/5/2014,Logitech Wireless Gaming Headset G930,Technology,East,101,3,302,480,178
3/5/2014,Acme Forged Steel Scissors with Black Enamel Handles,Office Supplies,East,7,2,13,19,5
3/5/2014,GBC Wire Binding Combs,Office Supplies,East,5,6,33,50,17
3/5/2014,Xerox 1891,Office Supplies,East,26,2,52,98,46
3/1/2015,Square Credit Card Reader,Technology,West,7,2,15,16,1
3/1/2015,Global Deluxe Steno Chair,Furniture,West,69,3,206,185,21
2/20/2014,Xerox 204,Office Supplies,West,3,2,7,13,6
5/2/2016,"Office Star - Contemporary Task Swivel chair with Loop Arms, Charcoal",Furniture,Central,119,4,477,367,110
3/8/2016,Pressboard Hanging Data Binders for Unburst Sheets,Office Supplies,Central,3,9,23,9,14
3/8/2016,"Verbatim 25 GB 6x Blu-ray Single Layer Recordable Disc, 3/Pack",Technology,Central,4,5,20,28,8
3/8/2016,"Tyvek Interoffice Envelopes, 9 1/2"" x 12 1/2"", 100/Box",Office Supplies,Central,32,3,97,146,49
12/11/2015,Maxell 4.7GB DVD+RW 3/Pack,Technology,Central,10,11,114,175,61
12/11/2015,BlackBerry Q10,Technology,Central,94,1,94,126,31
12/11/2015,Ibico Covers for Plastic or Wire Binding Elements,Office Supplies,Central,6,2,13,23,10
12/22/2016,"GBC Pre-Punched Binding Paper, Plastic, White, 8-1/2"" x 11""",Office Supplies,East,8,2,17,26,9
2/2/2016,"Deflect-o RollaMat Studded, Beveled Mat for Medium Pile Carpeting",Furniture,Central,76,2,151,74,77
6/5/2017,Xerox 227,Office Supplies,South,3,4,13,21,7
8/21/2015,"Quartet Omega Colored Chalk, 12/Pack",Office Supplies,South,3,3,9,18,8
8/21/2015,"Premium Writing Pencils, Soft, #2 by Central Association for the Blind",Office Supplies,South,2,12,26,36,10
4/7/2016,Newell 322,Office Supplies,East,1,2,3,4,1
6/4/2017,Nu-Dell Executive Frame,Furniture,Central,8,6,48,30,17
12/4/2017,"Tensor ""Hersey Kiss"" Styled Floor Lamp",Furniture,East,11,1,11,13,2
12/4/2017,"Global Value Steno Chair, Gray",Furniture,East,46,3,137,182,46
12/4/2017,Global Low Back Tilter Chair,Furniture,East,95,3,285,303,18
1/11/2016,Ultra Door Push Plate,Furniture,East,3,14,46,55,9
4/1/2016,Cyber Acoustics AC-202b Speech Recognition Stereo Headset,Technology,Central,13,1,13,13,0
9/21/2017,"Adams Telephone Message Book w/Frequently-Called Numbers Space, 400 Messages per Book",Office Supplies,West,4,7,28,56,28
3/16/2017,OtterBox Defender Series Case - iPhone 5c,Technology,East,26,2,52,44,7
3/16/2017,Nu-Dell Oak Frame,Furniture,East,7,6,44,51,8
3/16/2017,Avery Binding System Hidden Tab Executive Style Index Sets,Office Supplies,East,3,3,9,5,3
3/16/2017,Logitech G700s Rechargeable Gaming Mouse,Technology,East,58,2,116,160,44
3/16/2017,"File Shuttle II and Handi-File, Black",Office Supplies,East,25,2,51,54,3
11/10/2017,"Global Leather & Oak Executive Chair, Burgundy",Furniture,West,139,2,278,241,36
11/30/2016,"REDIFORM Incoming/Outgoing Call Register, 11"" X 8 1/2"", 100 Messages",Office Supplies,Central,4,4,17,33,17
11/30/2016,"Adams Phone Message Book, 200 Message Capacity, 8 1/16” x 11”",Office Supplies,Central,4,2,7,14,6
11/30/2016,Sensible Storage WireTech Storage Systems,Office Supplies,Central,67,7,472,497,25
11/30/2016,High-Back Leather Manager's Chair,Furniture,Central,118,3,355,390,35
1/13/2015,Avery 508,Office Supplies,South,3,2,5,10,5
5/16/2014,Imation Clip USB flash drive - 8 GB,Technology,West,18,3,53,56,3
6/7/2015,Aluminum Screw Posts,Office Supplies,East,8,4,31,18,12
6/7/2015,Xerox 200,Office Supplies,East,3,5,17,26,9
6/7/2015,Avery Fluorescent Highlighter Four-Color Set,Office Supplies,East,2,3,7,8,1
3/9/2017,Hewlett Packard 310 Color Digital Copier,Technology,West,210,2,420,480,60
3/9/2017,DXL Angle-View Binders with Locking Rings by Samsill,Office Supplies,West,4,5,21,31,10
12/22/2015,"Tennsco Lockers, Sand",Office Supplies,East,16,2,32,34,2
12/22/2015,Harbour Creations Steel Folding Chair,Furniture,East,60,7,423,423,0
8/6/2014,Logitech G700s Rechargeable Gaming Mouse,Technology,East,58,2,116,200,84
3/27/2016,DAX Two-Tone Silver Metal Document Frame,Furniture,South,12,1,12,20,9
3/27/2016,"Eldon Expressions Wood and Plastic Desk Accessories, Oak",Furniture,South,7,4,29,40,11
3/27/2016,"Acco Flexible ACCOHIDE Square Ring Data Binder, Dark Blue, 11 1/2"" X 14"" 7/8""",Office Supplies,South,8,2,17,33,16
12/5/2015,Memorex Micro Travel Drive 8 GB,Technology,West,7,3,21,39,18
12/5/2015,Avery 488,Office Supplies,West,2,4,7,13,6
9/11/2015,Deflect-O Glasstique Clear Desk Accessories,Furniture,West,5,4,21,25,4
7/17/2015,Avery 479,Office Supplies,Central,1,3,4,6,2
7/17/2015,Advantus T-Pin Paper Clips,Office Supplies,Central,3,4,11,14,3
5/30/2014,Brother DCP1000 Digital 3 in 1 Multifunction Machine,Technology,Central,195,3,585,720,135
11/13/2017,Anker Ultrathin Bluetooth Wireless Keyboard Aluminum Cover with Stand ,Technology,South,27,8,216,240,24
12/9/2016,"Iceberg OfficeWorks 42"" Round Tables",Furniture,South,128,7,898,1057,159
3/22/2015,Logitech G602 Wireless Gaming Mouse,Technology,South,51,7,358,448,90
3/22/2015,"Iris 3-Drawer Stacking Bin, Black",Office Supplies,South,20,9,184,150,34
12/23/2016,Wireless Extenders zBoost YX545 SOHO Signal Booster,Technology,Central,138,3,414,454,40
12/23/2016,"Permanent Self-Adhesive File Folder Labels for Typewriters, 1 1/8 x 3 1/2, White",Office Supplies,Central,3,9,31,45,15
12/23/2016,Cisco SPA 502G IP Phone,Technology,Central,84,3,252,288,36
12/23/2016,Cisco SPA112 2 Port Phone Adapter,Technology,Central,39,3,117,132,15
12/23/2016,"GE General Purpose, Extra Long Life, Showcase & Floodlight Incandescent Bulbs",Furniture,Central,2,2,3,2,1
4/2/2016,Global Executive Mid-Back Manager's Chair,Furniture,Central,215,5,1077,1455,378
4/30/2017,"Acco PRESSTEX Data Binder with Storage Hooks, Light Blue, 9 1/2"" X 11""",Office Supplies,South,3,3,8,5,4
4/30/2017,Tenex B1-RE Series Chair Mats for Low Pile Carpets,Furniture,South,38,6,229,221,8
11/17/2016,Apple EarPods with Remote and Mic,Technology,Central,20,3,60,67,7
11/17/2016,"TOPS Voice Message Log Book, Flash Format",Office Supplies,Central,2,4,10,15,6
11/10/2016,Xerox 227,Office Supplies,East,3,6,20,31,11
12/6/2016,Ibico EB-19 Dual Function Manual Binding System,Office Supplies,East,93,7,654,969,315
12/6/2016,Trimflex Flexible Post Binders,Office Supplies,East,11,13,145,222,78
12/6/2016,Brother DCP1000 Digital 3 in 1 Multifunction Machine,Technology,East,195,2,390,480,90
4/3/2016,Xerox 1962,Office Supplies,Central,2,3,7,10,3
11/28/2014,StarTech.com 10/100 VDSL2 Ethernet Extender Kit,Technology,Central,240,5,1199,999,200
10/20/2015,Easy-staple paper,Office Supplies,East,7,2,13,25,12
9/19/2014,Revere Boxed Rubber Bands by Revere,Office Supplies,West,2,3,6,6,0
8/27/2017,Hoover Portapower Portable Vacuum,Office Supplies,South,3,4,13,14,1
7/3/2017,Luxo Professional Combination Clamp-On Lamps,Furniture,East,76,1,76,102,27
12/22/2017,"Office Impressions End Table, 20-1/2""H x 24""W x 20""D",Furniture,Central,255,2,510,608,97
12/22/2017,Personal File Boxes with Fold-Down Carry Handle,Office Supplies,Central,12,2,23,31,8
12/27/2016,Avery 479,Office Supplies,South,1,1,1,3,1
5/20/2014,Contemporary Borderless Frame,Furniture,Central,5,3,16,10,6
5/20/2014,Xerox 213,Office Supplies,Central,3,2,7,10,4
5/20/2014,SanDisk Ultra 16 GB MicroSDHC Class 10 Memory Card,Technology,Central,12,2,24,21,4
5/20/2014,Rogers Profile Extra Capacity Storage Tub,Office Supplies,Central,16,5,80,67,13
2/4/2014,"GBC Standard Recycled Report Covers, Clear Plastic Sheets",Office Supplies,West,6,2,11,17,6
12/9/2017,"Wilson Jones 1"" Hanging DublLock Ring Binders",Office Supplies,East,3,7,19,11,8
7/11/2017,Logitech P710e Mobile Speakerphone,Technology,West,209,5,1043,1287,245
7/11/2017,Fellowes 8 Outlet Superior Workstation Surge Protector w/o Phone/Fax/Modem Protection,Office Supplies,West,25,5,124,168,44
5/15/2015,Fellowes Neat Ideas Storage Cubes,Office Supplies,East,31,2,62,52,10
1/29/2017,"Premium Writing Pencils, Soft, #2 by Central Association for the Blind",Office Supplies,East,2,2,4,5,0
9/29/2017,Letter or Legal Size Expandable Poly String Tie Envelopes,Office Supplies,East,1,3,4,8,4
4/23/2017,Staple envelope,Office Supplies,West,6,2,12,19,7
4/23/2017,"Eldon Imàge Series Desk Accessories, Clear",Furniture,West,3,3,8,12,3
11/9/2017,Logitech G602 Wireless Gaming Mouse,Technology,South,51,3,154,192,38
11/9/2017,Motorola L703CM,Technology,South,117,4,468,499,31
5/5/2014,Storex Dura Pro Binders,Office Supplies,South,3,2,7,12,5
5/5/2014,Easy-staple paper,Office Supplies,South,19,1,19,35,17
10/27/2016,Avery Legal 4-Ring Binder,Office Supplies,West,10,4,42,67,25
11/26/2014,Wilson Jones Easy Flow II Sheet Lifters,Office Supplies,West,1,3,3,4,2
11/26/2014,Xerox 1970,Office Supplies,West,3,3,8,15,7
11/26/2014,Fellowes Mighty 8 Compact Surge Protector,Office Supplies,West,15,2,29,41,11
11/26/2014,SpineVue Locking Slant-D Ring Binders by Cardinal,Office Supplies,West,5,1,5,7,3
12/31/2014,Panasonic KX TS3282W Corded phone,Technology,West,59,7,416,476,59
1/3/2016,Imation Clip USB flash drive - 8 GB,Technology,Central,18,2,35,30,5
1/3/2016,WD My Passport Ultra 1TB Portable External Hard Drive,Technology,Central,57,3,172,166,6
1/3/2016,AT&T 17929 Lendline Telephone,Technology,Central,33,5,167,181,14
8/18/2017,"Verbatim 25 GB 6x Blu-ray Single Layer Recordable Disc, 10/Pack",Technology,East,8,2,16,23,8
6/4/2014,"Seth Thomas 14"" Day/Date Wall Clock",Furniture,East,18,2,36,57,21
6/4/2014,"Commercial WindTunnel Clean Air Upright Vacuum, Replacement Belts, Filtration Bags",Office Supplies,East,3,4,12,16,4
6/4/2014,O'Sullivan Living Dimensions 5-Shelf Bookcases,Furniture,East,199,2,398,354,44
6/4/2014,G.E. Halogen Desk Lamp Bulbs,Furniture,East,4,2,7,14,7
11/13/2017,Kensington K72356US Mouse-in-a-Box USB Desktop Mouse,Technology,West,11,5,54,83,29
1/28/2016,Newell 345,Office Supplies,West,15,2,29,40,10
11/9/2016,Logitech Wireless Gaming Headset G930,Technology,West,101,3,302,480,178
9/10/2016,Avery 487,Office Supplies,West,2,2,4,7,3
9/10/2016,Storex Dura Pro Binders,Office Supplies,West,3,3,10,14,4
9/10/2016,Xerox 1945,Office Supplies,West,21,2,42,82,40
9/10/2016,JM Magazine Binder,Office Supplies,West,9,3,26,40,14
3/3/2017,"Lesro Sheffield Collection Coffee Table, End Table, Center Table, Corner Table",Furniture,West,59,7,415,400,15
9/8/2017,Adjustable Personal File Tote,Office Supplies,East,12,4,48,65,17
11/6/2017,"Linden 10"" Round Wall Clock, Black",Furniture,Central,10,5,50,31,20
5/13/2017,Fellowes Basic Home/Office Series Surge Protectors,Office Supplies,South,9,2,18,21,2
11/27/2016,Eldon Simplefile Box Office,Office Supplies,West,9,4,36,40,4
11/13/2015,Catalog Binders with Expanding Posts,Office Supplies,South,37,6,222,121,101
11/13/2015,Maxell LTO Ultrium - 800 GB,Technology,South,23,5,113,112,1
12/8/2015,Southworth Parchment Paper & Envelopes,Office Supplies,West,4,3,11,16,5
9/7/2015,Mobile Personal File Cube,Office Supplies,East,17,3,51,70,19
9/7/2015,KeyTronic E03601U1 - Keyboard - Beige,Technology,East,15,5,74,90,16
9/7/2015,"Acco Pressboard Covers with Storage Hooks, 9 1/2"" x 11"", Executive Red",Office Supplies,East,2,2,4,6,2
9/7/2015,Bretford CR8500 Series Meeting Room Furniture,Furniture,East,301,2,601,481,120
9/7/2015,Assorted Color Push Pins,Office Supplies,East,1,4,5,7,2
7/28/2016,"Safco Value Mate Series Steel Bookcases, Baked Enamel Finish on Steel, Gray",Furniture,East,51,5,256,177,78
7/28/2016,GBC Ibimaster 500 Manual ProClick Binding System,Office Supplies,East,380,6,2283,1370,913
7/28/2016,"Hoover Replacement Belts For Soft Guard & Commercial Ltweight Upright Vacs, 2/Pk",Office Supplies,East,3,3,9,9,1
8/25/2017,Bush Somerset Collection Bookcase,Furniture,East,110,2,220,131,89
4/30/2014,Hunt Boston Vacuum Mount KS Pencil Sharpener,Office Supplies,South,26,5,129,175,45
4/30/2014,Economy Rollaway Files,Office Supplies,South,122,5,611,826,215
4/27/2017,Luxo Economy Swing Arm Lamp,Furniture,West,14,7,100,140,39
7/23/2017,Logitech G600 MMO Gaming Mouse,Technology,Central,51,5,256,400,144
12/13/2014,"ACCOHIDE 3-Ring Binder, Blue, 1""",Office Supplies,South,2,3,7,12,6
1/12/2017,GBC Ibimaster 500 Manual ProClick Binding System,Office Supplies,Central,380,5,1902,761,1141
12/2/2017,Vinyl Sectional Post Binders,Office Supplies,West,19,6,113,68,45
11/8/2015,OIC Binder Clips,Office Supplies,South,2,11,20,32,12
11/8/2015,"Permanent Self-Adhesive File Folder Labels for Typewriters, 1 1/8 x 3 1/2, White",Office Supplies,South,3,1,3,5,2
11/8/2015,Poly Designer Cover & Back,Office Supplies,South,10,7,69,40,29
11/8/2015,Eldon Wave Desk Accessories,Furniture,South,3,1,3,5,1
11/25/2016,"Padded Folding Chairs, Black, 4/Carton",Furniture,West,58,3,175,194,19
12/5/2015,"Global Push Button Manager's Chair, Indigo",Furniture,South,43,2,86,97,11
7/29/2016,Fellowes High-Stak Drawer Files,Office Supplies,South,136,5,678,705,26
7/29/2016,"Premier Elliptical Ring Binder, Black",Office Supplies,South,16,3,47,27,20
9/13/2014,OIC Thumb-Tacks,Office Supplies,West,1,5,3,6,3
9/13/2014,C-Line Cubicle Keepers Polyproplyene Holder With Velcro Backings,Furniture,West,3,3,9,14,6
9/13/2014,Acme Value Line Scissors,Office Supplies,West,3,2,5,7,2
9/13/2014,Logitech Wireless Performance Mouse MX for PC and Mac,Technology,West,62,2,124,200,76
9/13/2014,Memorex Mini Travel Drive 64 GB USB 2.0 Flash Drive,Technology,West,21,4,84,145,61
9/13/2014,WD My Passport Ultra 500GB Portable External Hard Drive,Technology,West,49,2,98,118,20
9/13/2014,Xerox 1942,Office Supplies,West,24,1,24,49,24
9/13/2014,"Holmes Replacement Filter for HEPA Air Cleaner, Medium Room",Office Supplies,West,6,2,13,23,10
6/21/2016,Avery Durable Slant Ring Binders With Label Holder,Office Supplies,Central,2,1,2,1,1
9/3/2016,"Wirebound Four 2-3/4 x 5 Forms per Page, 400 Sets per Book",Office Supplies,East,3,6,20,31,11
11/25/2017,O'Sullivan Manor Hill 2-Door Library in Brianna Oak,Furniture,South,161,5,805,724,81
5/12/2015,DAX Wood Document Frame.,Furniture,Central,9,4,38,22,16
5/12/2015,Digium D40 VoIP phone,Technology,Central,92,6,549,619,70
5/12/2015,Xerox 1964,Office Supplies,Central,12,7,86,128,42
3/30/2017,Flat Face Poster Frame,Furniture,West,11,5,55,94,40
11/17/2016,Acme Tagit Stainless Steel Antibacterial Scissors,Office Supplies,West,7,5,36,50,13
12/30/2016,Newell 31,Office Supplies,East,3,5,15,17,2
12/22/2016,Wilson Jones International Size A4 Ring Binders,Office Supplies,West,9,4,36,55,19
12/22/2016,Texas Instrument TI-15 Fraction Calculator,Technology,West,8,1,8,12,4
12/20/2015,Easy-staple paper,Office Supplies,West,2,4,9,17,8
12/27/2014,"Eldon ""L"" Workstation Diamond Chairmat",Furniture,East,67,3,201,182,18
12/27/2014,Safco Industrial Shelving,Office Supplies,East,72,2,143,118,25
2/16/2017,"Vinyl Coated Wire Paper Clips in Organizer Box, 800/Box",Office Supplies,Central,6,2,12,18,6
2/16/2017,Global Deluxe High-Back Manager's Chair,Furniture,Central,203,3,609,601,9
2/16/2017,"Tennsco Lockers, Gray",Office Supplies,Central,20,3,59,50,8
2/16/2017,Newell 312,Office Supplies,Central,4,6,25,28,4
2/16/2017,"Executive Impressions 13"" Clairmont Wall Clock",Furniture,Central,11,1,11,8,4
10/24/2017,Hon 2111 Invitation Series Straight Table,Furniture,Central,120,5,599,517,81
9/2/2016,"Acco PRESSTEX Data Binder with Storage Hooks, Dark Blue, 9 1/2"" X 11""",Office Supplies,Central,3,8,22,9,13
9/2/2016,Logitech MX Performance Wireless Mouse,Technology,Central,25,5,126,160,34
12/1/2016,Honeywell Enviracaire Portable HEPA Air Cleaner for 17' x 22' Room,Office Supplies,South,201,7,1410,2105,695
12/1/2016,Acme Softgrip Scissors,Office Supplies,South,6,5,29,41,12
11/5/2014,Maxell 4.7GB DVD-RW 3/Pack,Technology,South,11,3,32,48,16
11/25/2017,DIXON Oriole Pencils,Office Supplies,West,2,2,4,5,1
12/16/2016,Imation USB 2.0 Swivel Flash Drive USB flash drive - 4 GB - Pink,Technology,West,2,7,17,21,4
11/14/2017,"Letter/Legal File Tote with Clear Snap-On Lid, Black Granite",Office Supplies,East,12,6,71,96,25
6/26/2016,Premier Electric Letter Opener,Office Supplies,West,110,2,220,232,12
6/26/2016,OIC Binder Clips,Office Supplies,West,2,5,9,18,9
6/26/2016,"Ampad Phone Message Book, Recycled, 400 Message Capacity, 5 ¾” x 11”",Office Supplies,West,3,2,7,12,6
12/26/2014,"Eldon Spacemaker Box, Quick-Snap Lid, Clear",Office Supplies,East,2,3,7,8,1
8/14/2016,Cisco IP Phone 7961G-GE VoIP phone,Technology,East,158,2,316,260,56
8/14/2016,Plantronics Voyager Pro Legend,Technology,East,148,2,297,247,49
8/14/2016,Logitech G500s Laser Gaming Mouse with Adjustable Weight Tuning,Technology,East,46,5,231,280,49
10/24/2016,NETGEAR N750 Dual Band Wi-Fi Gigabit Router,Technology,West,58,5,288,450,162
8/23/2014,Xerox 1993,Office Supplies,Central,3,3,10,19,10
9/15/2017,Bretford Rectangular Conference Table Tops,Furniture,West,290,1,290,301,11
6/15/2017,HTC One,Technology,South,71,3,213,240,27
6/15/2017,Staple-based wall hangings,Furniture,South,5,4,22,31,9
6/15/2017,"Barricks 18"" x 48"" Non-Folding Utility Table with Bottom Storage Shelf",Furniture,South,75,2,149,121,28
6/15/2017,Samsung Galaxy S III - 16GB - pebble blue (T-Mobile),Technology,South,252,8,2016,2240,224
6/15/2017,Staple holder,Office Supplies,South,9,8,70,77,7
6/15/2017,"Hot File 7-Pocket, Floor Stand",Office Supplies,South,125,1,125,143,18
6/15/2017,Xerox 1955,Office Supplies,South,12,5,62,91,30
3/1/2015,Hoover Replacement Belt for Commercial Guardsman Heavy-Duty Upright Vacuum,Office Supplies,East,2,2,3,4,0
7/23/2016,Griffin GC17055 Auxiliary Audio Cable,Technology,Central,13,8,104,115,12
10/1/2014,Sterling Rubber Bands by Alliance,Office Supplies,West,5,1,5,5,0
9/8/2014,Global Super Steno Chair,Furniture,East,80,2,159,173,13
9/8/2014,Nontoxic Chalk,Office Supplies,East,1,2,2,4,2
11/16/2014,OtterBox Commuter Series Case - Samsung Galaxy S4,Technology,West,24,4,98,80,18
11/16/2014,"Bush Andora Bookcase, Maple/Graphite Gray Finish",Furniture,West,94,3,281,306,25
11/16/2014,Space Solutions HD Industrial Steel Shelving.,Office Supplies,West,112,3,335,345,10
3/3/2014,"Bevis Oval Conference Table, Walnut",Furniture,West,217,3,650,626,23
12/3/2015,"Sauder Forest Hills Library, Woodland Oak Finish",Furniture,West,130,3,389,359,30
7/11/2017,Belkin iPhone and iPad Lightning Cable,Technology,West,11,6,67,72,5
7/11/2017,"Acco Four Pocket Poly Ring Binder with Label Holder, Smoke, 1""",Office Supplies,West,4,5,20,30,9
11/16/2017,Prestige Round Ring Binders,Office Supplies,East,3,1,3,2,1
6/12/2016,APC 7 Outlet Network SurgeArrest Surge Protector,Office Supplies,Central,56,4,225,64,161
6/12/2016,Dax Clear Box Frame,Furniture,Central,6,2,12,7,5
6/12/2016,Nontoxic Chalk,Office Supplies,Central,1,8,7,11,4
6/12/2016,Xerox 1975,Office Supplies,Central,3,3,10,16,6
6/12/2016,Global Enterprise Series Seating High-Back Swivel/Tilt Chairs,Furniture,Central,249,2,499,379,119
6/12/2016,Staple magnet,Office Supplies,Central,7,9,61,68,7
6/12/2016,"Acco Pressboard Covers with Storage Hooks, 14 7/8"" x 11"", Executive Red",Office Supplies,Central,2,2,4,2,3
12/29/2016,Xerox 1898,Office Supplies,South,3,7,24,37,13
12/29/2016,Astroparche Fine Business Paper,Office Supplies,South,3,6,16,25,9
3/18/2017,Deluxe Chalkboard Eraser Cleaner,Office Supplies,West,6,4,25,46,21
12/27/2015,Maxell CD-R Discs,Technology,South,1,3,4,5,1
12/27/2015,"Executive Impressions 14"" Contract Wall Clock with Quartz Movement",Furniture,South,12,3,37,53,16
12/27/2015,O'Sullivan 5-Shelf Heavy-Duty Bookcases,Furniture,South,61,2,123,131,8
12/27/2015,Staple magnet,Office Supplies,South,7,3,20,23,2
12/27/2015,SanDisk Ultra 16 GB MicroSDHC Class 10 Memory Card,Technology,South,12,7,85,73,13
7/31/2015,"Acme 10"" Easy Grip Assistive Scissors",Office Supplies,Central,12,3,37,53,16
6/27/2017,Xerox 1997,Office Supplies,West,3,3,10,19,9
6/27/2017,Executive Impressions Supervisor Wall Clock,Furniture,West,29,3,86,126,40
6/27/2017,Logitech P710e Mobile Speakerphone,Technology,West,209,5,1043,1287,245
2/7/2014,Acco Perma 4000 Stacking Storage Drawers,Office Supplies,East,14,4,55,65,10
9/4/2016,"Hot File 7-Pocket, Floor Stand",Office Supplies,Central,125,3,375,535,161
4/6/2017,3M Organizer Strips,Office Supplies,South,3,5,14,8,6
12/8/2017,BIC Brite Liner Highlighters,Office Supplies,East,2,4,10,13,4
12/8/2017,iHome FM Clock Radio with Lightning Dock,Technology,East,52,2,105,84,21
7/24/2016,Panasonic KP-4ABK Battery-Operated Pencil Sharpener,Office Supplies,South,10,5,52,73,21
11/9/2015,Avery Poly Binder Pockets,Office Supplies,Central,2,3,6,11,5
10/2/2015,9-3/4 Diameter Round Wall Clock,Furniture,West,8,1,8,11,3
10/2/2015,SanDisk Ultra 32 GB MicroSDHC Class 10 Memory Card,Technology,West,19,3,58,53,5
11/22/2015,Newell 341,Office Supplies,East,3,4,12,17,5
11/22/2015,Xerox 1936,Office Supplies,East,11,3,32,60,28
2/2/2017,Eldon Antistatic Chair Mats for Low to Medium Pile Carpets,Furniture,West,99,2,198,211,13
2/2/2017,GBC Durable Plastic Covers,Office Supplies,West,10,2,21,31,10
2/2/2017,"HP Officejet Pro 8600 e-All-In-One Printer, Copier, Scanner, Fax",Technology,West,100,2,201,240,39
6/16/2015,Fellowes PB500 Electric Punch Plastic Comb Binding Machine with Manual Bind,Office Supplies,East,635,3,1906,3050,1144
6/16/2015,RCA Visys Integrated PBX 8-Line Router,Technology,East,50,2,100,134,33
5/5/2016,"Snap-A-Way Black Print Carbonless Speed Message, No Reply Area, Duplicate",Office Supplies,South,15,4,62,93,31
5/5/2016,Avaya 4621SW VoIP phone,Technology,South,53,3,158,177,20
9/9/2017,Avery 501,Office Supplies,East,2,6,12,18,6
9/9/2017,3M Organizer Strips,Office Supplies,East,3,3,8,5,4
9/9/2017,"Acco Data Flex Cable Posts For Top & Bottom Load Binders, 6"" Capacity",Office Supplies,East,6,2,11,6,5
7/22/2016,Belkin F9H710-06 7 Outlet SurgeMaster Surge Protector,Office Supplies,East,14,2,27,38,11
7/22/2016,Xerox 216,Office Supplies,East,3,8,27,52,25
7/22/2016,"Eldon Stackable Tray, Side-Load, Legal, Smoke",Furniture,East,6,3,18,27,9
7/22/2016,Wilson Jones Easy Flow II Sheet Lifters,Office Supplies,East,1,3,3,5,3
1/31/2016,Fellowes PB500 Electric Punch Plastic Comb Binding Machine with Manual Bind,Office Supplies,South,635,1,635,1271,635
1/31/2016,"#10 White Business Envelopes,4 1/8 x 9 1/2",Office Supplies,South,8,8,66,125,59
12/29/2016,Project Tote Personal File,Office Supplies,West,10,1,10,14,4
12/29/2016,Fiskars Spring-Action Scissors,Office Supplies,West,10,2,21,28,7
11/21/2015,"Eldon Spacemaker Box, Quick-Snap Lid, Clear",Office Supplies,Central,2,2,5,5,1
11/21/2015,Storex DuraTech Recycled Plastic Frosted Binders,Office Supplies,Central,2,2,4,2,3
11/21/2015,Kensington 6 Outlet SmartSocket Surge Protector,Office Supplies,Central,31,3,92,25,68
11/21/2015,Cardinal Hold-It CD Pocket,Office Supplies,Central,4,5,21,8,13
10/5/2015,NETGEAR N750 Dual Band Wi-Fi Gigabit Router,Technology,East,58,4,230,288,58
9/12/2016,Lunatik TT5L-002 Taktik Strike Impact Protection System for iPhone 5,Technology,West,46,3,138,147,9
9/12/2016,"Global Stack Chair without Arms, Black",Furniture,West,19,4,78,83,5
9/14/2017,3.6 Cubic Foot Counter Height Office Refrigerator,Office Supplies,South,212,4,849,943,94
9/14/2017,Xerox 1988,Office Supplies,South,17,3,51,74,23
2/23/2015,Hoover Portapower Portable Vacuum,Office Supplies,East,3,6,20,27,7
2/23/2015,Avery Self-Adhesive Photo Pockets for Polaroid Photos,Office Supplies,East,4,2,7,11,4
12/5/2016,Newell 311,Office Supplies,Central,2,2,3,4,0
7/2/2016,"Global Airflow Leather Mesh Back Chair, Black",Furniture,Central,106,5,528,528,0
7/2/2016,Xerox 201,Office Supplies,Central,3,8,27,41,15
12/13/2017,"Bush Andora Bookcase, Maple/Graphite Gray Finish",Furniture,East,94,3,281,288,7
3/20/2015,Portable Personal File Box,Office Supplies,West,9,3,27,29,3
3/1/2015,Panasonic KP-350BK Electric Pencil Sharpener with Auto Stop,Office Supplies,Central,25,2,49,55,6
3/1/2015,"Atlantic Metals Mobile 5-Shelf Bookcases, Custom Colors",Furniture,Central,211,6,1264,1228,36
9/15/2016,Avery Heavy-Duty EZD View Binder with Locking Rings,Office Supplies,West,3,4,14,20,7
9/15/2016,Bretford Rectangular Conference Table Tops,Furniture,West,290,3,869,1128,260
3/17/2017,Avery 474,Office Supplies,South,1,2,3,5,2
5/28/2017,Panasonic KX TS208W Corded phone,Technology,West,35,5,176,196,20
5/28/2017,Xerox 230,Office Supplies,West,3,3,10,16,5
5/28/2017,Logitech Gaming G510s - Keyboard,Technology,West,54,4,218,272,54
6/15/2017,Global Executive Mid-Back Manager's Chair,Furniture,South,215,3,646,698,52
6/15/2017,O'Sullivan 2-Shelf Heavy-Duty Bookcases,Furniture,South,41,2,82,78,4
9/6/2015,"SlimView Poly Binder, 3/8""",Office Supplies,South,3,9,25,47,21
3/18/2017,Pyle PMP37LED,Technology,Central,70,7,491,538,47
12/19/2014,Avery 516,Office Supplies,West,4,2,8,15,7
12/19/2014,Advantus T-Pin Paper Clips,Office Supplies,West,3,5,14,23,9
12/19/2014,Wi-Ex zBoost YX540 Cellular Phone Signal Booster,Technology,West,102,5,511,584,73
12/19/2014,Clarity 53712,Technology,West,49,4,195,211,16
7/7/2016,Xerox 226,Office Supplies,West,3,2,7,13,6
7/7/2016,Boston KS Multi-Size Manual Pencil Sharpener,Office Supplies,West,17,2,33,46,13
4/6/2016,Nortel Meridian M5316 Digital phone,Technology,East,192,5,958,1295,337
5/8/2014,Hewlett Packard LaserJet 3310 Copier,Technology,East,312,5,1560,1800,240
11/23/2017,Xerox 1959,Office Supplies,Central,3,2,7,11,4
11/10/2016,Samsung Convoy 3,Technology,Central,80,2,160,222,62
11/10/2016,"Sauder Facets Collection Library, Sky Alder Finish",Furniture,Central,144,2,287,342,55
12/31/2014,"Verbatim 25 GB 6x Blu-ray Single Layer Recordable Disc, 10/Pack",Technology,East,8,3,23,35,11
12/31/2014,Avery 51,Office Supplies,East,3,3,10,19,9
8/19/2017,"Wilson Jones Elliptical Ring 3 1/2"" Capacity Binders, 800 sheets",Office Supplies,West,22,3,65,103,37
9/12/2016,"DAX Contemporary Wood Frame with Silver Metal Mat, Desktop, 11 x 14 Size",Furniture,East,13,2,26,40,15
10/26/2017,"GBC Velobind Prepunched Cover Sets, Regency Series",Office Supplies,East,20,3,61,33,28
10/26/2017,Motorla HX550 Universal Bluetooth Headset,Technology,East,20,5,99,119,20
10/26/2017,Avery 517,Office Supplies,East,2,5,10,15,5
5/30/2017,"Rediform S.O.S. 1-Up Phone Message Bk, 4-1/4x3-1/16 Bk, 1 Form/Pg, 40 Messages/Bk, 3/Pk",Office Supplies,West,5,4,20,38,18
3/8/2016,Honeywell Enviracaire Portable Air Cleaner for up to 8 x 10 Room,Office Supplies,Central,53,3,159,207,48
3/8/2016,Prang Drawing Pencil Set,Office Supplies,Central,2,5,10,14,4
7/26/2015,Office Star - Contemporary Task Swivel Chair,Furniture,West,84,3,253,266,13
11/23/2015,Nortel Meridian M3904 Professional Digital phone,Technology,East,109,2,219,308,89
11/23/2015,"1/4 Fold Party Design Invitations & White Envelopes, 24 8-1/2"" X 11"" Cards, 25 Env./Pack",Office Supplies,East,4,6,23,44,21
11/23/2015,"Sanford Colorific Eraseable Coloring Pencils, 12 Count",Office Supplies,East,2,4,7,13,6
11/23/2015,Staple envelope,Office Supplies,East,4,2,9,17,8
11/23/2015,Xerox 226,Office Supplies,East,3,6,20,39,19
11/28/2015,Xerox 1941,Office Supplies,Central,55,4,218,336,117
11/3/2017,Canon Image Class D660 Copier,Technology,South,324,2,648,960,312
11/3/2017,Avery Self-Adhesive Photo Pockets for Polaroid Photos,Office Supplies,South,4,2,7,4,3
11/3/2017,Hunt Boston Vacuum Mount KS Pencil Sharpener,Office Supplies,South,26,2,52,56,4
11/3/2017,Xerox 1923,Office Supplies,South,3,2,7,11,4
3/21/2017,Colored Envelopes,Office Supplies,East,2,3,6,9,3
12/19/2015,Avery 474,Office Supplies,East,1,3,4,7,3
4/2/2014,Xerox 1898,Office Supplies,Central,3,5,17,27,9
4/2/2014,Xerox 1947,Office Supplies,Central,3,7,23,33,10
6/5/2015,Xerox 1981,Office Supplies,Central,3,2,6,11,5
10/6/2014,Fellowes Staxonsteel Drawer Files,Office Supplies,Central,166,2,332,386,54
8/21/2016,Avery Durable Slant Ring Binders With Label Holder,Office Supplies,West,2,10,22,33,12
11/15/2015,12-1/2 Diameter Round Wall Clock,Furniture,South,13,2,26,40,14
6/22/2015,GBC Ibimaster 500 Manual ProClick Binding System,Office Supplies,East,380,2,761,1218,457
9/24/2017,"Tenex Personal Filing Tote With Secure Closure Lid, Black/Frost",Office Supplies,South,12,1,12,16,4
9/24/2017,Plantronics Encore H101 Dual Earpieces Headset,Technology,South,32,2,65,90,25
9/24/2017,Barrel Sharpener,Office Supplies,South,3,4,11,14,4
9/24/2017,"BIC Brite Liner Grip Highlighters, Assorted, 5/Pack",Office Supplies,South,3,3,8,13,5
9/24/2017,Self-Adhesive Removable Labels,Office Supplies,South,2,5,8,16,8
4/6/2014,Boston Home & Office Model 2000 Electric Pencil Sharpeners,Office Supplies,West,18,3,53,71,18
4/6/2014,"Avery Trapezoid Ring Binder, 3"" Capacity, Black, 1040 sheets",Office Supplies,West,21,2,42,66,24
4/6/2014,Razer Kraken 7.1 Surround Sound Over Ear USB Gaming Headset,Technology,West,56,3,168,300,132
2/9/2016,Logitech 910-002974 M325 Wireless Mouse for Web Scrolling,Technology,West,17,3,50,90,40
2/9/2016,Maxell 4.7GB DVD+RW 3/Pack,Technology,West,10,2,21,32,11
11/18/2014,Fellowes Desktop Hanging File Manager,Office Supplies,Central,10,5,50,67,17
12/18/2017,"Fellowes Twister Kit, Gray/Clear, 3/pkg",Office Supplies,East,4,3,13,7,6
12/18/2017,Ideal Clamps,Office Supplies,East,1,3,3,5,2
12/18/2017,"Xerox Color Copier Paper, 11"" x 17"", Ream",Office Supplies,East,12,5,62,91,30
12/18/2017,Kensington 4 Outlet MasterPiece Compact Power Control Center,Office Supplies,East,59,2,117,130,13
7/2/2015,Geemarc AmpliPOWER60,Technology,South,66,1,66,74,8
7/2/2015,24-Hour Round Wall Clock,Furniture,South,11,10,114,160,46
7/2/2015,Wilson Jones Turn Tabs Binder Tool for Ring Binders,Office Supplies,South,3,2,5,3,2
7/2/2015,Things To Do Today Pad,Office Supplies,South,3,2,6,9,3
10/8/2014,Xerox 197,Office Supplies,East,17,4,68,124,56
9/22/2015,"Acme Hot Forged Carbon Steel Scissors with Nickel-Plated Handles, 3 7/8"" Cut, 8""L",Office Supplies,East,10,5,49,56,6
9/22/2015,Logitech P710e Mobile Speakerphone,Technology,East,209,3,626,618,8
12/24/2017,GBC Instant Index System for Binding Systems,Office Supplies,West,4,3,13,21,8
10/13/2017,Logitech Media Keyboard K200,Technology,West,28,6,170,210,40
10/13/2017,Anker Astro Mini 3000mAh Ultra-Compact Portable Charger,Technology,West,20,2,40,32,8
10/13/2017,Fellowes PB500 Electric Punch Plastic Comb Binding Machine with Manual Bind,Office Supplies,West,635,5,3177,5084,1906
8/20/2017,Plantronics Encore H101 Dual Earpieces Headset,Technology,South,32,1,32,36,4
9/11/2015,Avery 503,Office Supplies,East,5,3,16,31,15
9/11/2015,Eldon Pizzaz Desk Accessories,Furniture,East,1,4,5,9,4
9/11/2015,Ibico Laser Imprintable Binding System Covers,Office Supplies,East,28,4,113,210,96
9/11/2015,Fellowes Advanced 8 Outlet Surge Suppressor with Phone/Fax Protection,Office Supplies,East,20,4,81,111,30
9/11/2015,Xerox 208,Office Supplies,East,3,6,20,39,19
12/20/2015,Acco 6 Outlet Guardian Standard Surge Suppressor,Office Supplies,South,8,3,25,36,11
9/20/2014,"Bush Heritage Pine Collection 5-Shelf Bookcase, Albany Pine Finish, *Special Order",Furniture,Central,113,5,564,493,70
9/20/2014,QVS USB Car Charger 2-Port 2.1Amp for iPod/iPhone/iPad/iPad 2/iPad 3,Technology,Central,4,2,8,11,3
11/4/2016,Okidata B400 Printer,Technology,West,305,2,609,686,77
12/1/2017,Ibico Presentation Index for Binding Systems,Office Supplies,West,2,5,11,16,5
12/1/2017,Eldon Wave Desk Accessories,Furniture,West,3,12,40,71,31
12/1/2017,"Tennsco Stur-D-Stor Boltless Shelving, 5 Shelves, 24"" Deep, Sand",Office Supplies,West,134,4,536,541,5
10/10/2014,Hewlett-Packard Deskjet F4180 All-in-One Color Ink-jet - Printer / copier / scanner,Technology,East,87,2,173,102,71
10/10/2014,"Premier Elliptical Ring Binder, Black",Office Supplies,East,16,2,32,18,13
11/14/2017,Wilson Jones Legal Size Ring Binders,Office Supplies,Central,11,5,55,22,33
8/13/2016,Premier Electric Letter Opener,Office Supplies,Central,110,2,220,185,35
8/13/2016,3.6 Cubic Foot Counter Height Office Refrigerator,Office Supplies,Central,212,1,212,59,153
9/17/2017,Lexmark 20R1285 X6650 Wireless All-in-One Printer,Technology,East,64,4,254,480,226
9/17/2017,"SimpliFile Personal File, Black Granite, 15w x 6-15/16d x 11-1/4h",Office Supplies,East,8,3,25,34,10
3/23/2015,"TOPS Carbonless Receipt Book, Four 2-3/4 x 7-1/4 Money Receipts per Page",Office Supplies,West,9,11,100,193,93
3/23/2015,Logitech G600 MMO Gaming Mouse,Technology,West,51,3,154,240,86
6/30/2016,Kingston Digital DataTraveler 16GB USB 2.0,Technology,Central,7,7,51,50,1
10/20/2017,PayAnywhere Card Reader,Technology,South,7,2,15,16,1
10/20/2017,Great White Multi-Use Recycled Paper (20Lb. and 84 Bright),Office Supplies,South,3,3,10,14,4
8/25/2014,Wilson Jones Custom Binder Spines & Labels,Office Supplies,East,3,4,11,7,5
8/25/2014,Insertable Tab Indexes For Data Binders,Office Supplies,East,2,3,5,3,2
8/25/2014,"Cardinal Slant-D Ring Binder, Heavy Gauge Vinyl",Office Supplies,East,5,8,38,21,17
7/27/2014,"SAFCO Commercial Wire Shelving, Black",Office Supplies,West,138,2,276,276,0
12/1/2017,"Tenex ""The Solids"" Textured Chair Mats",Furniture,West,58,9,523,630,107
10/17/2016,Panasonic KX-TG9541B DECT 6.0 Digital 2-Line Expandable Cordless Phone With Digital Answering System,Technology,Central,76,3,229,450,220
10/17/2016,Honeywell Enviracaire Portable HEPA Air Cleaner for 16' x 20' Room,Office Supplies,Central,168,7,1176,1928,752
9/16/2016,"Global Value Mid-Back Manager's Chair, Gray",Furniture,South,46,2,91,122,30
12/1/2015,GuestStacker Chair with Chrome Finish Legs,Furniture,West,268,9,2409,2677,268
8/5/2014,"SAFCO PlanMaster Heigh-Adjustable Drafting Table Base, 43w x 30d x 30-37h, Black",Furniture,Central,224,2,447,489,42
8/15/2016,Luxo Professional Magnifying Clamp-On Fluorescent Lamps,Furniture,West,89,3,268,312,44
8/15/2016,"Perma STOR-ALL Hanging File Box, 13 1/8""W x 12 1/4""D x 10 1/2""H",Office Supplies,West,5,3,15,18,3
8/15/2016,AT&T 841000 Phone,Technology,West,52,3,155,166,10
8/15/2016,"Rediform S.O.S. 1-Up Phone Message Bk, 4-1/4x3-1/16 Bk, 1 Form/Pg, 40 Messages/Bk, 3/Pk",Office Supplies,West,5,4,20,38,18
8/7/2015,"Ativa D5772 2-Line 5.8GHz Digital Expandable Corded/Cordless Phone System with Answering & Caller ID/Call Waiting, Black/Silver",Technology,South,115,3,346,495,148
8/7/2015,Avery 50,Office Supplies,South,7,2,13,25,12
5/31/2016,"Executive Impressions 16-1/2"" Circular Wall Clock",Furniture,Central,15,3,45,32,13
5/31/2016,Xerox 1899,Office Supplies,Central,3,4,12,18,7
5/31/2016,Global Highback Leather Tilter in Burgundy,Furniture,Central,76,3,229,191,38
5/31/2016,Xerox 212,Office Supplies,Central,3,2,7,10,4
7/1/2016,Avery 477,Office Supplies,East,16,1,16,31,14
7/1/2016,KeyTronic KT400U2 - Keyboard - Black,Technology,East,8,3,25,31,6
7/1/2016,Southworth 25% Cotton Antique Laid Paper & Envelopes,Office Supplies,East,5,9,41,75,34
12/18/2016,I Need's 3d Hello Kitty Hybrid Silicone Case Cover for HTC One X 4g with 3d Hello Kitty Stylus Pen Green/pink,Technology,West,9,7,60,67,7
1/26/2015,Xerox 1991,Office Supplies,West,12,8,99,183,84
10/28/2017,Avery 519,Office Supplies,East,4,3,12,22,10
11/4/2017,Logitech M510 Wireless Mouse,Technology,South,27,3,80,96,16
11/4/2017,iOttie XL Car Mount,Technology,South,20,9,176,144,32
11/4/2017,Storex Dura Pro Binders,Office Supplies,South,3,2,7,4,3
11/4/2017,Avery 481,Office Supplies,South,2,2,3,5,2
5/9/2016,"Hot File 7-Pocket, Floor Stand",Office Supplies,Central,125,6,750,857,107
5/9/2016,Ibico Standard Transparent Covers,Office Supplies,Central,8,4,34,13,20
5/9/2016,Euro Pro Shark Stick Mini Vacuum,Office Supplies,Central,45,4,181,49,132
5/9/2016,Xerox 1911,Office Supplies,Central,25,2,50,77,27
5/9/2016,GBC VeloBind Cover Sets,Office Supplies,Central,8,6,46,19,28
4/2/2014,Luxo Adjustable Task Clamp Lamp,Furniture,South,66,2,131,178,46
4/28/2014,Logitech G600 MMO Gaming Mouse,Technology,East,51,2,102,160,58
10/4/2016,Samsung HM1900 Bluetooth Headset,Technology,South,11,3,33,53,20
10/4/2016,Magna Visual Magnetic Picture Hangers,Furniture,South,3,3,9,12,3
6/11/2017,"Acco Pressboard Covers with Storage Hooks, 14 7/8"" x 11"", Executive Red",Office Supplies,South,2,4,8,5,4
1/30/2016,Nokia Lumia 1020,Technology,Central,324,4,1296,1440,144
1/30/2016,Avery Durable Binders,Office Supplies,Central,1,3,4,2,3
1/30/2016,Bretford “Just In Time” Height-Adjustable Multi-Task Work Tables,Furniture,Central,388,3,1165,626,538
9/27/2015,Newell 334,Office Supplies,West,15,5,73,99,26
4/13/2015,"Chromcraft Bull-Nose Wood Round Conference Table Top, Wood Base",Furniture,Central,181,4,723,610,113
4/13/2015,"Iceberg OfficeWorks 42"" Round Tables",Furniture,Central,128,2,257,211,45
4/13/2015,Apple iPhone 5C,Technology,Central,74,3,222,240,18
12/18/2017,Tensor Track Tree Floor Lamp,Furniture,Central,15,5,77,100,23
12/18/2017,"Maxell 74 Minute CDR, 10/Pack",Technology,Central,6,3,18,29,11
3/14/2016,Westinghouse Clip-On Gooseneck Lamps,Furniture,Central,6,2,12,17,4
8/27/2017,Xerox 1981,Office Supplies,East,3,3,9,13,4
8/27/2017,Logitech Wireless Headset h800,Technology,East,65,14,910,1120,210
12/17/2015,Sanford 52201 APSCO Electric Pencil Sharpener,Office Supplies,West,30,5,152,205,53
12/17/2015,Panasonic KX TS3282W Corded phone,Technology,West,59,2,119,136,17
12/17/2015,"Sanford Colorific Eraseable Coloring Pencils, 12 Count",Office Supplies,West,2,5,9,16,7
12/17/2015,Avery Arch Ring Binders,Office Supplies,West,31,2,62,93,31
8/22/2014,Acme Serrated Blade Letter Opener,Office Supplies,South,3,3,9,8,2
11/3/2016,Avery Reinforcements for Hole-Punch Pages,Office Supplies,West,1,7,8,4,3
11/3/2016,Okidata B401 Printer,Technology,West,144,3,432,180,252
10/10/2017,Hon Comfortask Task/Swivel Chairs,Furniture,Central,96,3,287,239,48
12/7/2014,Green Bar Computer Printout Paper,Office Supplies,West,28,3,84,165,81
11/15/2014,Acme Value Line Scissors,Office Supplies,West,3,3,8,11,3
12/24/2017,Xerox 214,Office Supplies,East,3,3,10,19,9
12/24/2017,"Avery Triangle Shaped Sheet Lifters, Black, 2/Pack",Office Supplies,East,1,5,6,12,6
12/24/2014,Belkin 7-Outlet SurgeMaster Home Series,Office Supplies,West,10,1,10,14,4
12/22/2017,"Bevis Round Bullnose 29"" High Table Top",Furniture,South,197,6,1184,935,249
12/22/2017,Logitech ClearChat Comfort/USB Headset H390,Technology,South,20,2,39,47,8
12/22/2017,Crate-A-Files,Office Supplies,South,8,3,24,26,2
12/22/2017,Newell 325,Office Supplies,South,3,7,20,23,3
12/22/2017,"Holmes Replacement Filter for HEPA Air Cleaner, Large Room",Office Supplies,South,9,5,43,59,16
8/8/2014,O'Sullivan 2-Shelf Heavy-Duty Bookcases,Furniture,South,41,4,163,155,8
9/20/2014,Xerox 1900,Office Supplies,West,2,2,5,9,4
12/25/2017,"Eldon 400 Class Desk Accessories, Black Carbon",Furniture,South,5,3,15,21,6
12/25/2017,Lexmark 20R1285 X6650 Wireless All-in-One Printer,Technology,South,64,2,127,120,7
11/25/2017,Blue Parrot B250XT Professional Grade Wireless Bluetooth Headset with,Technology,Central,52,5,262,300,37
11/25/2017,Fellowes Command Center 5-outlet power strip,Office Supplies,Central,50,5,248,68,180
11/25/2017,Hon Deluxe Fabric Upholstered Stacking Chairs,Furniture,Central,176,5,878,854,24
11/25/2017,Avery Hi-Liter Smear-Safe Highlighters,Office Supplies,Central,4,4,15,19,4
11/5/2016,"3M Polarizing Task Lamp with Clamp Arm, Light Gray",Furniture,South,101,2,203,274,71
11/5/2016,Microsoft Natural Ergonomic Keyboard 4000,Technology,South,24,3,71,90,19
11/5/2016,"Tenex Chairmat w/ Average Lip, 45"" x 53""",Furniture,South,136,5,681,757,76
11/6/2017,Zipper Ring Binder Pockets,Office Supplies,Central,2,2,3,1,2
11/3/2016,NETGEAR N750 Dual Band Wi-Fi Gigabit Router,Technology,East,58,1,58,72,14
11/3/2016,Bevis Steel Folding Chairs,Furniture,East,69,7,484,470,13
12/30/2014,Tennsco Industrial Shelving,Office Supplies,South,48,1,48,39,9
12/2/2017,Rogers Handheld Barrel Pencil Sharpener,Office Supplies,East,2,9,18,20,2
12/2/2017,AT&T CL2909,Technology,East,88,2,176,151,25
3/24/2017,"Global Airflow Leather Mesh Back Chair, Black",Furniture,East,106,2,211,272,60
11/19/2014,Logitech G105 Gaming Keyboard,Technology,East,49,1,49,47,1
4/25/2017,"Bush Westfield Collection Bookcases, Medium Cherry Finish",Furniture,West,45,7,317,345,28
11/23/2017,Xerox 22,Office Supplies,Central,3,7,24,36,13
11/23/2017,Xerox 1942,Office Supplies,Central,24,2,49,78,29
11/23/2017,"Lesro Round Back Collection Coffee Table, End Table",Furniture,Central,159,1,159,128,31
11/23/2017,Aluminum Screw Posts,Office Supplies,Central,8,2,15,6,9
11/3/2014,Avery Durable Binders,Office Supplies,East,1,2,3,6,3
10/19/2015,Avery Printable Repositionable Plastic Tabs,Office Supplies,Central,5,1,5,2,3
2/6/2014,"Avery Flip-Chart Easel Binder, Black",Office Supplies,Central,12,2,24,9,15
3/6/2016,"Commercial WindTunnel Clean Air Upright Vacuum, Replacement Belts, Filtration Bags",Office Supplies,Central,3,3,9,2,6
3/6/2016,Peel & Stick Add-On Corner Pockets,Office Supplies,Central,1,4,4,2,3
3/6/2016,Eldon Cleatmat Plus Chair Mats for High Pile Carpets,Furniture,Central,71,5,354,159,195
3/6/2016,Bevis Rectangular Conference Tables,Furniture,Central,123,2,245,146,99
12/3/2015,"Seth Thomas 16"" Steel Case Clock",Furniture,South,22,3,65,78,13
12/3/2015,GBC DocuBind P50 Personal Binding Machine,Office Supplies,South,34,5,170,96,74
12/3/2015,Panasonic KX-TG6844B Expandable Digital Cordless Telephone,Technology,South,48,2,96,106,9
12/3/2015,Newell 312,Office Supplies,South,4,2,8,9,1
12/24/2015,"Eldon Regeneration Recycled Desk Accessories, Black",Furniture,Central,3,2,6,10,4
12/24/2015,Canon PC1060 Personal Laser Copier,Technology,Central,371,7,2597,4900,2303
10/1/2017,Sony 32GB Class 10 Micro SDHC R40 Memory Card,Technology,West,17,5,83,105,22
10/16/2017,Memorex Mini Travel Drive 8 GB USB 2.0 Flash Drive,Technology,South,7,2,14,19,4
10/16/2017,Balt Solid Wood Round Tables,Furniture,South,406,7,2844,1875,969
8/15/2014,Xerox 1955,Office Supplies,South,12,5,62,91,30
8/15/2014,Fellowes Superior 10 Outlet Split Surge Protector,Office Supplies,South,27,5,135,152,17
11/11/2017,OtterBox Commuter Series Case - iPhone 5 & 5s,Technology,Central,11,2,23,35,12
3/20/2017,Easy-staple paper,Office Supplies,Central,19,2,38,57,19
3/20/2017,Xerox 1916,Office Supplies,Central,24,7,171,274,103
5/13/2017,Office Star - Mesh Screen back chair with Vinyl seat,Furniture,East,117,5,583,458,124
6/22/2014,SpineVue Locking Slant-D Ring Binders by Cardinal,Office Supplies,West,5,3,14,8,6
12/2/2014,Kingston Digital DataTraveler 8GB USB 2.0,Technology,South,5,1,5,6,1
12/2/2014,"RSVP Cards & Envelopes, Blank White, 8-1/2"" X 11"", 24 Cards/25 Envelopes/Set",Office Supplies,South,3,3,8,15,7
4/5/2015,SanDisk Ultra 64 GB MicroSDHC Class 10 Memory Card,Technology,West,36,6,214,240,26
4/5/2015,Dixon Ticonderoga Pencils,Office Supplies,West,2,8,17,24,6
11/18/2017,"Decoflex Hanging Personal Folder File, Blue",Office Supplies,Central,11,6,68,93,25
11/18/2017,"Companion Letter/Legal File, Black",Office Supplies,Central,27,1,27,38,11
11/18/2017,Avery 487,Office Supplies,Central,2,2,4,7,3
11/18/2017,"GE General Purpose, Extra Long Life, Showcase & Floodlight Incandescent Bulbs",Furniture,Central,2,2,3,6,3
7/12/2017,"Wirebound Message Books, Four 2 3/4 x 5 Forms per Page, 200 Sets per Book",Office Supplies,East,3,1,3,4,1
5/19/2017,Wilson Jones Four-Pocket Poly Binders,Office Supplies,South,3,4,13,26,13
12/20/2015,Hypercom P1300 Pinpad,Technology,Central,40,2,79,101,21
2/21/2016,"Floodlight Indoor Halogen Bulbs, 1 Bulb per Pack, 60 Watts",Furniture,East,10,7,69,136,67
3/18/2017,Prang Drawing Pencil Set,Office Supplies,West,2,5,10,14,4
3/18/2017,Peel & Seel Envelopes,Office Supplies,West,2,5,10,19,9
12/17/2016,Ibico Plastic and Wire Spiral Binding Combs,Office Supplies,West,5,2,9,13,4
12/17/2016,"GBC Laser Imprintable Binding System Covers, Desert Sand",Office Supplies,West,8,1,8,11,4
3/26/2016,"Adams Telephone Message Book W/Dividers/Space For Phone Numbers, 5 1/4""X8 1/2"", 300/Messages",Office Supplies,West,3,3,9,18,9
3/26/2016,"Wilson Jones Hanging View Binder, White, 1""",Office Supplies,West,4,3,12,17,6
12/16/2014,Case Logic 2.4GHz Wireless Keyboard,Technology,South,46,2,92,100,8
12/16/2014,Ultra Door Push Plate,Furniture,South,3,6,20,29,10
11/15/2015,"Wilson Jones Elliptical Ring 3 1/2"" Capacity Binders, 800 sheets",Office Supplies,East,22,13,284,167,117
8/22/2016,Dana Halogen Swing-Arm Architect Lamp,Furniture,West,29,3,88,98,10
6/29/2015,Office Star - Mesh Screen back chair with Vinyl seat,Furniture,East,117,1,117,118,1
6/26/2016,AmazonBasics 3-Button USB Wired Mouse,Technology,East,4,3,12,21,9
6/26/2016,"Perixx PERIBOARD-512B, Ergonomic Split Keyboard",Technology,East,33,4,130,140,10
6/26/2016,"DAX Executive Solid Wood Document Frame, Desktop or Hang, Mahogany, 5 x 7",Furniture,East,8,3,25,38,13
9/17/2016,"C-Line Magnetic Cubicle Keepers, Clear Polypropylene",Furniture,East,3,3,9,15,6
9/17/2016,"Howard Miller 14-1/2"" Diameter Chrome Round Wall Clock",Furniture,East,43,3,130,192,61
7/18/2014,"Cardinal Slant-D Ring Binder, Heavy Gauge Vinyl",Office Supplies,East,5,2,9,14,5
9/1/2017,Honeywell Quietcare HEPA Air Cleaner,Office Supplies,West,53,4,211,315,104
9/1/2017,KI Conference Tables,Furniture,West,60,4,238,284,45
6/22/2017,"Hon Deluxe Fabric Upholstered Stacking Chairs, Rounded Back",Furniture,Central,171,2,342,488,146
9/2/2014,GBC DocuBind TL300 Electric Binding System,Office Supplies,South,475,2,951,1794,843
10/1/2015,Accohide Poly Flexible Ring Binders,Office Supplies,Central,2,4,7,3,4
10/1/2015,Lenovo 17-Key USB Numeric Keypad,Technology,Central,27,4,106,109,3
4/7/2015,Xerox 192,Office Supplies,East,3,4,13,26,12
4/7/2015,X-Rack File for Hanging Folders,Office Supplies,East,8,2,17,23,6
11/21/2017,Motorola HK250 Universal Bluetooth Headset,Technology,Central,23,3,68,55,12
12/17/2016,GBC Ibimaster 500 Manual ProClick Binding System,Office Supplies,Central,380,13,4946,9893,4946
9/19/2014,Hon 2111 Invitation Series Straight Table,Furniture,West,120,1,120,74,46
9/28/2014,Deflect-o DuraMat Antistatic Studded Beveled Mat for Medium Pile Carpeting,Furniture,South,80,4,320,337,17
9/22/2015,Kensington 6 Outlet Guardian Standard Surge Protector,Office Supplies,West,15,3,45,61,17
11/7/2016,NETGEAR AC1750 Dual Band Gigabit Smart WiFi Router,Technology,West,106,3,317,480,163
12/16/2017,Accohide Poly Flexible Ring Binders,Office Supplies,West,2,2,4,6,2
12/16/2017,Imation Secure Drive + Hardware Encrypted USB flash drive - 16 GB,Technology,West,29,5,144,190,46
12/16/2017,Microsoft Natural Ergonomic Keyboard 4000,Technology,West,24,5,118,150,31
12/16/2017,Bulldog Table or Wall-Mount Pencil Sharpener,Office Supplies,West,4,5,21,30,9
12/16/2017,Avery 475,Office Supplies,West,7,3,22,44,22
9/21/2014,Boston 16801 Nautilus Battery Pencil Sharpener,Office Supplies,East,16,3,49,66,17
5/18/2015,"Wirebound Message Book, 4 per Page",Office Supplies,West,3,2,6,11,5
3/26/2014,Newell 308,Office Supplies,West,1,2,3,3,1
3/26/2014,Wilson Jones Leather-Like Binders with DublLock Round Rings,Office Supplies,West,5,4,19,28,9
3/26/2014,Griffin GC17055 Auxiliary Audio Cable,Technology,West,13,2,26,29,3
9/22/2017,Fiskars Softgrip Scissors,Office Supplies,West,8,2,16,22,6
9/12/2015,Memorex Froggy Flash Drive 4 GB,Technology,West,7,2,13,22,9
11/2/2015,Hon Olson Stacker Chairs,Furniture,East,188,11,2068,2621,553
10/20/2015,Nu-Dell Oak Frame,Furniture,West,7,7,51,75,24
10/20/2015,"SAFCO PlanMaster Boards, 60w x 37-1/2d, White Melamine",Furniture,West,112,3,337,365,27
6/14/2016,Hon Non-Folding Utility Tables,Furniture,West,112,7,781,1115,335
11/20/2015,"Performers Binder/Pad Holder, Black",Office Supplies,West,14,4,56,90,34
11/20/2015,Avery 485,Office Supplies,West,7,4,27,50,24
2/28/2016,Staples,Office Supplies,East,3,6,18,36,18
10/14/2014,Xerox 1951,Office Supplies,Central,17,13,222,322,101
10/14/2014,"Pressboard Covers with Storage Hooks, 9 1/2"" x 11"", Light Blue",Office Supplies,Central,3,3,8,3,5
10/14/2014,Xerox 1903,Office Supplies,Central,3,4,12,19,7
5/26/2017,"Verbatim Slim CD and DVD Storage Cases, 50/Pack",Technology,South,8,2,16,23,7
2/4/2016,AT&T 17929 Lendline Telephone,Technology,East,33,2,67,90,24
9/2/2016,"Global Leather Task Chair, Black",Furniture,West,73,3,219,216,3
9/2/2016,"Inter-Office Recycled Envelopes, Brown Kraft, Button-String,10"" x 13"" , 100/Box",Office Supplies,West,12,3,35,66,31
12/4/2017,C-Line Cubicle Keepers Polyproplyene Holder With Velcro Backings,Furniture,East,3,3,9,11,3
6/12/2015,Recycled Eldon Regeneration Jumbo File,Office Supplies,Central,9,2,18,25,7
9/4/2016,Staple envelope,Office Supplies,Central,4,2,9,17,8
9/4/2016,Sony Micro Vault Click 16 GB USB 2.0 Flash Drive,Technology,Central,43,5,213,280,67
4/21/2014,"SAFCO Commercial Wire Shelving, Black",Office Supplies,South,138,6,829,829,0
11/5/2015,Insertable Tab Post Binder Dividers,Office Supplies,East,4,3,13,7,6
11/5/2015,Acme Titanium Bonded Scissors,Office Supplies,East,6,4,25,27,2
11/3/2014,Belkin F8E887 USB Wired Ergonomic Keyboard,Technology,Central,24,3,71,90,19
2/16/2016,Eldon Cleatmat Plus Chair Mats for High Pile Carpets,Furniture,South,71,4,283,318,35
2/16/2016,Wilson Jones “Snap” Scratch Pad Binder Tool for Ring Binders,Office Supplies,South,3,1,3,6,3
9/11/2017,OtterBox Defender Series Case - Samsung Galaxy S4,Technology,West,21,6,126,144,18
9/11/2017,Xerox 192,Office Supplies,West,3,3,10,19,9
11/2/2017,Newell 318,Office Supplies,South,2,2,4,6,1
2/6/2015,Tennsco Industrial Shelving,Office Supplies,South,48,3,144,147,3
2/6/2015,Xerox 1920,Office Supplies,South,3,5,16,30,13
9/10/2016,Ibico EB-19 Dual Function Manual Binding System,Office Supplies,West,93,2,187,277,90
9/26/2016,Hoover Commercial Lightweight Upright Vacuum with E-Z Empty Dirt Cup,Office Supplies,Central,172,2,344,93,251
9/26/2016,High-Back Leather Manager's Chair,Furniture,Central,118,5,591,455,136
12/15/2015,Cisco Small Business SPA 502G VoIP phone,Technology,South,75,3,225,246,22
9/17/2016,Safco Industrial Shelving,Office Supplies,East,72,5,358,295,63
10/13/2017,"Trav-L-File Heavy-Duty Shuttle II, Black",Office Supplies,South,30,8,244,349,105
6/28/2015,Xerox 1999,Office Supplies,East,3,3,10,16,5
6/28/2015,"Sauder Forest Hills Library with Doors, Woodland Oak Finish",Furniture,East,143,6,860,483,377
6/1/2015,Polycom CX300 Desktop Phone USB VoIP phone,Technology,Central,108,2,216,300,84
6/1/2015,Catalog Binders with Expanding Posts,Office Supplies,Central,37,6,222,404,182
6/1/2015,"iKross Bluetooth Portable Keyboard + Cell Phone Stand Holder + Brush for Apple iPhone 5S 5C 5, 4S 4",Technology,Central,15,2,30,42,12
6/1/2015,Avery 491,Office Supplies,Central,2,7,16,29,13
4/12/2014,Xerox 213,Office Supplies,Central,3,5,17,32,16
10/12/2017,Clarity 53712,Technology,Central,49,7,342,370,28
10/12/2017,Xerox 1993,Office Supplies,Central,3,2,7,10,4
10/12/2017,Plantronics CS510 - Over-the-Head monaural Wireless Headset System,Technology,Central,221,3,663,792,129
11/7/2015,Lumber Crayons,Office Supplies,Central,6,3,18,24,5
11/7/2015,"Gould Plastics 9-Pocket Panel Bin, 18-3/8w x 5-1/4d x 20-1/2h, Black",Office Supplies,Central,51,2,102,85,17
11/7/2015,Tenex Chairmats For Use with Hard Floors,Furniture,Central,30,5,149,65,84
11/7/2015,Avery Recycled Flexi-View Covers for Binding Systems,Office Supplies,Central,8,10,83,32,51
11/7/2015,Fellowes Recycled Storage Drawers,Office Supplies,Central,103,2,207,178,29
11/7/2015,Canon PC170 Desktop Personal Copier,Technology,Central,85,3,254,288,34
5/25/2015,Fiskars Spring-Action Scissors,Office Supplies,Central,10,2,21,22,2
5/25/2015,Xerox 1978,Office Supplies,Central,3,7,21,32,12
5/25/2015,Logitech G35 7.1-Channel Surround Sound Headset,Technology,Central,86,2,172,208,36
10/13/2014,Pastel Pink Envelopes,Office Supplies,South,4,5,19,36,17
10/13/2014,SanDisk Cruzer 16 GB USB Flash Drive,Technology,South,9,2,19,23,4
10/13/2014,Space Solutions Industrial Galvanized Steel Shelving.,Office Supplies,South,77,4,309,315,6
10/13/2014,Wilson Jones Standard D-Ring Binders,Office Supplies,South,3,3,8,15,7
2/7/2016,Motorola L703CM,Technology,West,117,5,585,624,39
1/19/2017,Wilson Electronics DB Pro Signal Booster,Technology,East,261,2,523,430,93
1/19/2017,12-1/2 Diameter Round Wall Clock,Furniture,East,13,2,26,32,6
1/19/2017,Global Comet Stacking Arm Chair,Furniture,East,317,3,951,887,63
1/19/2017,Strathmore Photo Mount Cards,Office Supplies,East,4,4,15,22,7
6/6/2016,Avery 488,Office Supplies,West,2,7,11,22,11
6/6/2016,Xerox Blank Computer Paper,Office Supplies,West,11,5,53,100,47
3/18/2017,Fellowes Basic Home/Office Series Surge Protectors,Office Supplies,West,9,7,65,91,26
11/24/2017,"Southworth 100% Résumé Paper, 24lb.",Office Supplies,West,4,1,4,8,4
11/26/2016,Binding Machine Supplies,Office Supplies,East,15,9,137,79,58
8/18/2016,Staple-based wall hangings,Furniture,Central,4,3,13,10,4
8/18/2016,OIC Stacking Trays,Furniture,Central,2,4,7,5,2
11/28/2015,BIC Brite Liner Highlighters,Office Supplies,West,2,2,5,8,3
5/25/2017,"Iris 3-Drawer Stacking Bin, Black",Office Supplies,Central,20,3,61,50,11
9/4/2017,"Avery Trapezoid Extra Heavy Duty 4"" Binders",Office Supplies,West,21,7,147,88,59
3/24/2016,O'Sullivan Living Dimensions 3-Shelf Bookcases,Furniture,East,181,3,543,301,241
3/24/2016,"Hunt BOSTON Vista Battery-Operated Pencil Sharpener, Black",Office Supplies,East,9,2,17,19,2
5/28/2017,DAX Wood Document Frame,Furniture,East,9,2,18,27,10
5/28/2017,Fellowes 8 Outlet Superior Workstation Surge Protector,Office Supplies,East,30,3,89,125,36
8/31/2015,Toshiba IPT2010-SD IP Telephone,Technology,West,103,5,514,556,42
4/12/2016,Fellowes Bankers Box Recycled Super Stor/Drawer,Office Supplies,South,51,3,152,130,23
4/12/2016,Fellowes Bankers Box Staxonsteel Drawer File/Stacking System,Office Supplies,South,57,1,57,52,5
4/12/2016,"TOPS ""Important Message"" Pads, Canary, 4-1/4 x 5-1/2, 50 Sheets per Pad",Office Supplies,South,2,3,7,10,3
2/2/2014,Surelock Post Binders,Office Supplies,South,15,2,31,18,12
2/2/2014,AT&T 17929 Lendline Telephone,Technology,South,33,5,167,181,14
9/2/2014,Logitech Gaming G510s - Keyboard,Technology,Central,54,7,381,476,95
9/30/2017,Razer Kraken PRO Over Ear PC and Music Headset,Technology,West,56,2,112,160,48
9/5/2016,"LF Elite 3D Dazzle Designer Hard Case Cover, Lf Stylus Pen and Wiper For Apple Iphone 5c Mini Lite",Technology,East,8,4,31,44,12
5/20/2017,Wilson Jones Impact Binders,Office Supplies,West,3,2,5,8,3
5/20/2017,Motorola L703CM,Technology,West,117,9,1053,1123,70
5/20/2017,Fellowes Basic Home/Office Series Surge Protectors,Office Supplies,West,9,5,46,65,19
9/20/2015,Acco Translucent Poly Ring Binders,Office Supplies,Central,2,3,7,3,4
1/23/2016,Logitech Wireless Marathon Mouse M705,Technology,East,28,2,57,100,43
1/23/2016,4009 Highlighters,Office Supplies,East,1,6,5,8,3
1/23/2016,Iceberg Mobile Mega Data/Printer Cart ,Office Supplies,East,89,13,1158,1564,407
6/1/2014,Wilson Jones Heavy-Duty Casebound Ring Binders with Metal Hinges,Office Supplies,Central,18,4,72,139,67
6/1/2014,Acco 6 Outlet Guardian Premium Surge Suppressor,Office Supplies,Central,11,5,53,66,12
9/24/2015,Dixon Ticonderoga Core-Lock Colored Pencils,Office Supplies,West,6,2,12,15,2
9/24/2015,HP Standard 104 key PS/2 Keyboard,Technology,West,11,2,22,23,1
9/24/2015,Newell 317,Office Supplies,West,2,7,15,16,2
8/1/2016,Eldon 500 Class Desk Accessories,Furniture,East,8,2,16,19,3
1/23/2014,Xerox 195,Office Supplies,West,3,6,21,40,19
8/4/2014,Eureka The Boss Cordless Rechargeable Stick Vac,Office Supplies,East,37,2,74,102,28
8/4/2014,Southworth 25% Cotton Premium Laser Paper and Envelopes,Office Supplies,East,10,13,135,260,125
8/4/2014,Maxell 4.7GB DVD-R,Technology,East,17,9,151,255,105
8/9/2016,Tuff Stuff Recycled Round Ring Binders,Office Supplies,South,2,3,7,4,3
8/9/2016,Avery Durable Slant Ring Binders,Office Supplies,South,4,5,20,12,8
12/8/2016,"Bush Westfield Collection Bookcases, Dark Cherry Finish",Furniture,Central,53,7,373,406,32
12/8/2016,Hon GuestStacker Chair,Furniture,Central,168,3,503,680,177
6/8/2015,Maxell 4.7GB DVD+R 5/Pack,Technology,Central,1,3,2,2,1
6/8/2015,Hoover Shoulder Vac Commercial Portable Vacuum,Office Supplies,Central,268,2,537,143,394
6/24/2016,Okidata MB760 Printer,Technology,West,993,4,3973,4477,504
6/24/2016,Xerox 189,Office Supplies,West,55,1,55,105,50
6/24/2016,APC 7 Outlet Network SurgeArrest Surge Protector,Office Supplies,West,56,3,169,241,72
3/15/2016,Xerox 1964,Office Supplies,South,12,14,173,320,147
3/15/2016,Xerox 1964,Office Supplies,South,12,2,25,46,21
12/1/2016,Tenex Chairmats For Use With Carpeted Floors,Furniture,West,15,2,30,32,2
12/1/2016,Xerox 1886,Office Supplies,West,25,1,25,48,23
12/1/2016,"Sauder Facets Collection Locker/File Cabinet, Sky Alder Finish",Office Supplies,West,297,3,890,1113,223
12/1/2016,"#10- 4 1/8"" x 9 1/2"" Security-Tint Envelopes",Office Supplies,West,4,3,12,23,11
6/12/2017,OtterBox Defender Series Case - Samsung Galaxy S4,Technology,West,21,3,63,72,9
6/12/2017,Xerox 203,Office Supplies,West,3,3,10,19,9
3/19/2016,Ibico Recycled Grain-Textured Covers,Office Supplies,South,17,3,52,31,21
11/14/2016,"SmartStand Mobile Device Holder, Assorted Colors",Technology,East,5,2,10,14,4
11/14/2016,Boston Home & Office Model 2000 Electric Pencil Sharpeners,Office Supplies,East,18,1,18,24,6
8/7/2017,Polycom VoiceStation 500 Conference phone,Technology,West,221,3,664,708,44
8/7/2017,Cardinal Holdit Business Card Pockets,Office Supplies,West,3,3,8,12,4
8/7/2017,"Mead 1st Gear 2"" Zipper Binder, Asst. Colors",Office Supplies,West,6,3,19,31,12
8/7/2017,Sony Micro Vault Click 4 GB USB 2.0 Flash Drive,Technology,West,12,4,48,56,8
8/7/2017,Xerox 1881,Office Supplies,West,7,2,13,25,12
8/7/2017,"Howard Miller 13-3/4"" Diameter Brushed Chrome Round Wall Clock",Furniture,West,36,1,36,52,16
8/7/2017,Global Enterprise Series Seating Low-Back Swivel/Tilt Chairs,Furniture,West,181,1,181,207,26
8/7/2017,3.6 Cubic Foot Counter Height Office Refrigerator,Office Supplies,West,212,5,1061,1473,412
8/21/2015,Staple remover,Office Supplies,East,2,2,4,3,1
8/21/2015,Sabrent 4-Port USB 2.0 Hub,Technology,East,4,4,18,22,4
8/21/2015,"SAFCO Commercial Wire Shelving, Black",Office Supplies,East,138,6,829,663,166
8/21/2015,GBC DocuBind P100 Manual Binding Machine,Office Supplies,East,91,2,183,100,83
8/21/2015,Xerox 1979,Office Supplies,East,17,2,34,50,15
11/2/2015,GBC Premium Transparent Covers with Diagonal Lined Pattern,Office Supplies,Central,11,7,76,29,47
11/2/2015,Aastra 6757i CT Wireless VoIP phone,Technology,Central,153,2,306,345,39
11/30/2014,Acme Office Executive Series Stainless Steel Trimmers,Office Supplies,West,6,7,44,48,4
11/30/2014,"Memorex 25GB 6X Branded Blu-Ray Recordable Disc, 30/Pack",Technology,West,30,4,119,102,17
5/10/2014,Southworth 25% Cotton Premium Laser Paper and Envelopes,Office Supplies,West,10,2,21,40,19
5/10/2014,Wilson Electronics DB Pro Signal Booster,Technology,West,261,5,1307,1432,125
5/10/2014,Acme Design Stainless Steel Bent Scissors,Office Supplies,West,5,6,30,41,11
5/10/2014,Hon Pagoda Stacking Chairs,Furniture,West,225,1,225,257,32
10/17/2016,O'Sullivan Living Dimensions 2-Shelf Bookcases,Furniture,East,109,1,109,121,12
10/17/2016,GBC ProClick 150 Presentation Binding System,Office Supplies,East,167,1,167,316,149
10/30/2016,GBC Personal VeloBind Strips,Office Supplies,East,6,3,19,29,10
10/30/2016,Boston KS Multi-Size Manual Pencil Sharpener,Office Supplies,East,17,5,83,115,32
12/1/2016,"Sanford Colorific Colored Pencils, 12/Box",Office Supplies,West,2,8,16,23,7
4/21/2016,Colorific Watercolor Pencils,Office Supplies,East,4,3,11,15,4
4/21/2016,Xerox 209,Office Supplies,East,3,8,27,52,25
8/3/2017,Kensington K72356US Mouse-in-a-Box USB Desktop Mouse,Technology,Central,11,3,32,40,7
8/3/2017,"Letter/Legal File Tote with Clear Snap-On Lid, Black Granite",Office Supplies,West,12,1,12,16,4
12/11/2017,Pastel Pink Envelopes,Office Supplies,Central,4,1,4,7,3
12/11/2017,Wilson Jones Easy Flow II Sheet Lifters,Office Supplies,Central,1,3,3,5,3
3/14/2015,Xerox 223,Office Supplies,West,3,3,10,19,9
12/8/2014,Luxo Economy Swing Arm Lamp,Furniture,West,14,2,29,40,11
12/8/2014,DAX Natural Wood-Tone Poster Frame,Furniture,West,17,3,51,79,29
9/30/2017,Self-Adhesive Address Labels for Typewriters with Dispenser Box,Office Supplies,East,2,7,14,21,7
11/21/2016,Xerox 222,Office Supplies,West,3,5,17,32,16
11/24/2017,"Holmes Replacement Filter for HEPA Air Cleaner, Very Large Room, HEPA Filter",Office Supplies,Central,39,1,39,14,25
11/14/2017,Security-Tint Envelopes,Office Supplies,Central,4,2,8,15,7
8/16/2015,Iris Project Case,Office Supplies,East,6,7,41,45,3
8/16/2015,O'Sullivan Plantations 2-Door Library in Landvery Oak,Furniture,East,169,3,506,301,205
10/13/2017,Avery 52,Office Supplies,South,2,3,6,11,5
10/13/2017,Bretford Rectangular Conference Table Tops,Furniture,South,290,4,1158,1505,346
10/13/2017,Xerox 231,Office Supplies,South,3,4,13,26,12
11/4/2017,GBC Standard Plastic Binding Systems' Combs,Office Supplies,Central,3,6,21,8,13
11/4/2017,Self-Adhesive Ring Binder Labels,Office Supplies,Central,2,2,4,1,2
11/4/2017,Wilson Jones Impact Binders,Office Supplies,Central,3,4,11,4,6
11/4/2017,Rogers Deluxe File Chest,Office Supplies,Central,22,3,65,53,13
3/19/2017,Belkin 5 Outlet SurgeMaster Power Centers,Office Supplies,West,39,7,275,381,107
11/3/2014,Prang Dustless Chalk Sticks,Office Supplies,West,1,4,3,7,3
7/23/2017,"Cardinal HOLDit! Binder Insert Strips,Extra Strips",Office Supplies,West,3,3,10,15,6
7/23/2017,Weyerhaeuser First Choice Laser/Copy Paper (20Lb. and 88 Bright),Office Supplies,West,3,9,30,58,28
12/27/2014,GBC DocuBind 300 Electric Binding Machine,Office Supplies,West,274,6,1641,947,694
9/2/2016,Ultra Door Pull Handle,Furniture,West,7,9,63,95,31
9/2/2016,Akro Stacking Bins,Office Supplies,West,8,3,23,24,1
9/2/2016,Cisco Unified IP Phone 7945G VoIP phone,Technology,West,256,4,1023,1091,68
9/2/2016,Blackstonian Pencils,Office Supplies,West,2,7,13,19,5
9/2/2016,Chromcraft Rectangular Conference Tables,Furniture,West,180,3,540,569,28
9/2/2016,SpineVue Locking Slant-D Ring Binders by Cardinal,Office Supplies,West,5,1,5,7,3
2/11/2017,"Deflect-o RollaMat Studded, Beveled Mat for Medium Pile Carpeting",Furniture,East,76,2,151,148,4
10/27/2017,Easy-staple paper,Office Supplies,South,5,7,36,57,21
10/27/2017,Avery Hole Reinforcements,Office Supplies,South,3,3,10,6,4
10/27/2017,Rogers Handheld Barrel Pencil Sharpener,Office Supplies,South,2,3,6,7,1
7/9/2014,Avery Hidden Tab Dividers for Binding Systems,Office Supplies,West,2,6,10,14,5
7/9/2014,"Bush Heritage Pine Collection 5-Shelf Bookcase, Albany Pine Finish, *Special Order",Furniture,West,113,1,113,120,7
7/9/2014,Prang Drawing Pencil Set,Office Supplies,West,2,2,3,6,2
7/9/2014,Xerox 1967,Office Supplies,West,3,5,17,32,16
5/22/2017,Newell 350,Office Supplies,West,2,3,7,10,3
5/22/2017,Newell 333,Office Supplies,West,2,1,2,3,1
11/10/2016,Presstex Flexible Ring Binders,Office Supplies,East,2,1,2,4,1
11/10/2016,BlackBerry Q10,Technology,East,94,7,661,882,220
12/2/2016,"GBC White Gloss Covers, Plain Front",Office Supplies,Central,8,8,61,116,54
3/2/2017,Catalog Binders with Expanding Posts,Office Supplies,West,37,2,74,108,34
9/23/2017,Microsoft Wireless Mobile Mouse 4000,Technology,South,27,5,136,200,64
9/23/2017,Xerox 225,Office Supplies,South,3,2,7,13,6
2/11/2014,"Global Value Mid-Back Manager's Chair, Gray",Furniture,Central,46,1,46,61,15
2/11/2014,Avery 483,Office Supplies,Central,3,3,8,15,7
2/11/2014,Wilson Jones Turn Tabs Binder Tool for Ring Binders,Office Supplies,Central,3,2,5,10,4
2/11/2014,"Rubbermaid ClusterMat Chairmats, Mat Size- 66"" x 60"", Lip 20"" x 11"" -90 Degree Angle",Furniture,Central,93,3,280,333,53
2/11/2014,VariCap6 Expandable Binder,Office Supplies,Central,9,3,28,52,24
2/11/2014,Fellowes Neat Ideas Storage Cubes,Office Supplies,Central,31,2,62,65,3
11/11/2017,Acme Titanium Bonded Scissors,Office Supplies,Central,6,3,19,26,7
9/2/2017,"Global Leather Task Chair, Black",Furniture,West,73,3,219,216,3
10/9/2015,High-Back Leather Manager's Chair,Furniture,Central,118,3,355,390,35
10/9/2015,Belkin 8 Outlet SurgeMaster II Gold Surge Protector,Office Supplies,Central,43,5,216,270,54
11/24/2017,"Mead 1st Gear 2"" Zipper Binder, Asst. Colors",Office Supplies,South,6,3,19,12,8
11/24/2017,"Peel & Seel Recycled Catalog Envelopes, Brown",Office Supplies,South,6,7,41,65,24
2/8/2014,"Master Caster Door Stop, Large Brown",Furniture,West,5,2,9,15,6
9/25/2015,Hon Comfortask Task/Swivel Chairs,Furniture,East,96,1,96,103,7
9/25/2015,Xerox 1923,Office Supplies,East,3,3,10,20,10
8/21/2017,Avery Metallic Poly Binders,Office Supplies,East,3,7,21,32,11
8/21/2017,GBC DocuBind TL300 Electric Binding System,Office Supplies,East,475,6,2852,4306,1453
5/12/2016,OIC Stacking Trays,Furniture,East,2,3,6,10,4
5/12/2016,Jawbone JAMBOX Wireless Bluetooth Speaker,Technology,East,82,4,329,632,303
9/2/2017,GBC DocuBind 300 Electric Binding Machine,Office Supplies,South,274,3,821,1578,757
10/10/2014,"Dixon Ticonderoga Core-Lock Colored Pencils, 48-Color Set",Office Supplies,West,20,7,143,256,113
5/26/2016,Advantus Rolling Drawer Organizers,Office Supplies,South,28,6,171,185,14
5/26/2016,Imation 32GB Pocket Pro USB 3.0 Flash Drive - 32 GB - Black - 1 P ...,Technology,South,18,2,36,48,12
12/1/2017,Avery 483,Office Supplies,East,3,4,11,16,5
12/1/2017,"Acco Pressboard Covers with Storage Hooks, 14 7/8"" x 11"", Dark Blue",Office Supplies,East,2,7,14,8,6
12/1/2017,Global Commerce Series High-Back Swivel/Tilt Chairs,Furniture,East,214,2,427,399,28
9/20/2016,O'Sullivan 5-Shelf Heavy-Duty Bookcases,Furniture,West,61,2,123,164,41
9/11/2017,Hoover Commercial SteamVac,Office Supplies,South,10,5,48,68,20
12/30/2016,Embossed Ink Jet Note Cards,Office Supplies,South,12,4,47,72,25
9/2/2017,Avery 519,Office Supplies,West,4,2,8,12,4
11/18/2014,Office Star - Mesh Screen back chair with Vinyl seat,Furniture,Central,117,3,350,393,43
11/21/2015,"Executive Impressions 14"" Two-Color Numerals Wall Clock",Furniture,South,13,1,13,18,5
6/19/2017,GBC Plasticlear Binding Covers,Office Supplies,Central,6,3,18,7,11
6/19/2017,"Chromcraft Bull-Nose Wood Round Conference Table Top, Wood Base",Furniture,Central,181,3,542,457,85
11/30/2017,Global Commerce Series Low-Back Swivel/Tilt Chairs,Furniture,East,182,6,1095,1079,15
4/23/2014,Xerox 1891,Office Supplies,West,26,1,26,49,23
9/23/2014,Newell 351,Office Supplies,East,2,3,7,10,3
9/23/2014,Ibico Covers for Plastic or Wire Binding Elements,Office Supplies,East,6,3,19,35,16
3/2/2017,Acco Suede Grain Vinyl Round Ring Binder,Office Supplies,Central,2,1,2,1,1
11/17/2017,"Angle-D Binders with Locking Rings, Label Holders",Office Supplies,East,4,6,23,44,21
5/28/2017,HP Office Recycled Paper (20Lb. and 87 Bright),Office Supplies,East,3,3,9,14,5
5/28/2017,"Bush Westfield Collection Bookcases, Medium Cherry Finish",Furniture,East,45,4,181,116,65
4/18/2015,"TRENDnet 56K USB 2.0 Phone, Internet and Fax Modem",Technology,Central,17,2,33,41,8
4/18/2015,Grandstream GXP2100 Mainstream Business Phone,Technology,Central,55,4,220,245,24
4/18/2015,"Boston School Pro Electric Pencil Sharpener, 1670",Office Supplies,Central,23,3,68,74,7
4/18/2015,"GBC Standard Recycled Report Covers, Clear Plastic Sheets",Office Supplies,Central,6,2,11,4,7
4/18/2015,"Global Geo Office Task Chair, Gray",Furniture,Central,77,1,77,57,20
4/18/2015,Lunatik TT5L-002 Taktik Strike Impact Protection System for iPhone 5,Technology,Central,46,2,92,98,6
4/18/2015,Newell 348,Office Supplies,Central,2,3,7,8,1
4/18/2015,Xerox 1994,Office Supplies,Central,3,3,10,16,5
4/18/2015,GBC Plastic Binding Combs,Office Supplies,Central,4,1,4,1,2
9/19/2015,Newell 323,Office Supplies,West,1,5,6,8,2
3/25/2014,Newell 35,Office Supplies,West,2,2,5,7,2
3/25/2014,"Eberhard Faber 3 1/2"" Golf Pencils",Office Supplies,West,6,2,11,15,4
3/25/2014,Imation Swivel Flash Drive USB flash drive - 8 GB,Technology,West,7,4,30,45,16
3/25/2014,"BIC Brite Liner Grip Highlighters, Assorted, 5/Pack",Office Supplies,West,3,6,16,25,10
8/26/2016,Deluxe Heavy-Duty Vinyl Round Ring Binder,Office Supplies,East,13,8,101,147,46
3/6/2017,Avery 511,Office Supplies,Central,2,2,3,5,2
3/6/2017,Newell 345,Office Supplies,Central,15,4,59,63,5
11/11/2015,"Advantus 10-Drawer Portable Organizer, Chrome Metal Frame, Smoke Drawers",Office Supplies,Central,43,7,301,418,117
11/11/2015,"Holmes Replacement Filter for HEPA Air Cleaner, Very Large Room, HEPA Filter",Office Supplies,Central,39,2,77,124,47
4/5/2016,Clearsounds A400,Technology,East,49,3,146,119,28
4/5/2016,Premier Automatic Letter Opener,Office Supplies,East,233,4,933,769,163
2/21/2017,Microsoft Natural Keyboard Elite,Technology,Central,51,1,51,48,3
7/20/2017,Xerox 1977,Office Supplies,East,3,2,7,13,6
7/20/2017,Office Star - Task Chair with Contemporary Loop Arms,Furniture,East,69,2,138,164,25
7/20/2017,Tenex B1-RE Series Chair Mats for Low Pile Carpets,Furniture,East,38,4,153,184,31
11/4/2016,"DAX Two-Tone Rosewood/Black Document Frame, Desktop, 5 x 7",Furniture,Central,6,3,17,11,6
11/4/2016,"Deflect-o EconoMat Studded, No Bevel Mat for Low Pile Carpeting",Furniture,Central,38,4,150,66,84
9/23/2017,Xerox 1909,Office Supplies,West,14,8,114,211,97
9/23/2017,GuestStacker Chair with Chrome Finish Legs,Furniture,West,268,2,535,595,59
9/23/2017,Ibico Plastic Spiral Binding Combs,Office Supplies,West,16,3,49,73,24
9/7/2017,DAX Two-Tone Silver Metal Document Frame,Furniture,West,12,4,46,81,35
9/7/2017,Konftel 250 Conference phone - Charcoal black,Technology,West,211,2,422,456,34
9/7/2017,Boston 1799 Powerhouse Electric Pencil Sharpener,Office Supplies,West,19,1,19,26,7
11/28/2015,"Holmes Visible Mist Ultrasonic Humidifier with 2.3-Gallon Output per Day, Replacement Filter",Office Supplies,West,7,4,30,45,15
11/12/2015,Staple envelope,Office Supplies,East,4,2,8,16,7
9/29/2016,Wilson Electronics DB Pro Signal Booster,Technology,West,261,3,784,859,75
9/11/2017,"Fellowes Premier Superior Surge Suppressor, 10-Outlet, With Phone and Remote",Office Supplies,South,36,4,145,196,51
9/11/2017,"Acco Clips to Go Binder Clips, 24 Clips in Two Sizes",Office Supplies,South,2,4,8,14,7
5/1/2017,Bush Somerset Collection Bookcase,Furniture,South,110,3,330,314,16
5/1/2017,Avery 492,Office Supplies,South,2,2,3,5,1
9/16/2017,"OIC Colored Binder Clips, Assorted Sizes",Office Supplies,West,2,5,9,18,9
10/19/2014,Accohide Poly Flexible Ring Binders,Office Supplies,West,2,1,2,3,1
10/19/2014,Avery Durable Slant Ring Binders With Label Holder,Office Supplies,West,2,6,13,20,7
10/19/2014,Xerox 1917,Office Supplies,West,26,3,78,147,69
10/19/2014,Avery 480,Office Supplies,West,2,5,10,19,9
10/19/2014,Panasonic KX TS208W Corded phone,Technology,West,35,3,106,118,12
3/13/2016,Cardinal EasyOpen D-Ring Binders,Office Supplies,West,5,7,32,51,19
2/17/2017,"SAFCO PlanMaster Boards, 60w x 37-1/2d, White Melamine",Furniture,East,112,5,562,456,106
2/17/2017,"Acco Pressboard Covers with Storage Hooks, 14 7/8"" x 11"", Executive Red",Office Supplies,East,2,5,10,6,5
2/17/2017,Vtech CS6719,Technology,East,69,1,69,58,12
2/17/2017,Flat Face Poster Frame,Furniture,East,11,2,22,30,8
2/17/2017,Global Commerce Series Low-Back Swivel/Tilt Chairs,Furniture,East,182,5,912,899,13
12/22/2016,Deflect-o DuraMat Antistatic Studded Beveled Mat for Medium Pile Carpeting,Furniture,West,80,8,640,843,202
12/22/2016,Magnifier Swing Arm Lamp,Furniture,West,16,2,31,42,11
9/23/2016,"ACCOHIDE 3-Ring Binder, Blue, 1""",Office Supplies,West,2,4,9,13,4
9/23/2016,Global Deluxe Steno Chair,Furniture,West,69,3,206,185,21
9/24/2017,GuestStacker Chair with Chrome Finish Legs,Furniture,Central,268,2,535,520,15
9/24/2017,Wirebound Voice Message Log Book,Office Supplies,Central,3,3,8,11,4
12/1/2015,Xerox 207,Office Supplies,Central,3,3,10,19,9
12/1/2015,Newell 307,Office Supplies,Central,1,2,3,4,1
12/1/2015,"Wirebound Message Books, Four 2 3/4"" x 5"" Forms per Page, 600 Sets per Book",Office Supplies,Central,5,2,10,19,9
1/25/2016,"GBC Standard Recycled Report Covers, Clear Plastic Sheets",Office Supplies,East,6,5,28,43,15
1/25/2016,Chromcraft Round Conference Tables,Furniture,East,138,3,413,314,99
1/25/2016,Tenex B1-RE Series Chair Mats for Low Pile Carpets,Furniture,East,38,1,38,46,8
1/25/2016,"SAFCO Commercial Wire Shelving, 72h",Office Supplies,East,61,7,429,429,0
3/21/2017,"C-Line Peel & Stick Add-On Filing Pockets, 8-3/4 x 5-1/8, 10/Pack",Office Supplies,West,3,6,20,31,10
3/21/2017,"Super Bands, 12/Pack",Office Supplies,West,2,7,13,13,0
3/21/2017,"Eldon Expressions Wood Desk Accessories, Oak",Furniture,West,5,3,16,22,6
3/21/2017,Fellowes Officeware Wire Shelving,Office Supplies,West,88,4,352,359,7
8/22/2014,Xerox 1899,Office Supplies,Central,3,2,6,12,6
6/8/2014,"Green Canvas Binder for 8-1/2"" x 14"" Sheets",Office Supplies,East,21,2,43,68,26
6/8/2014,"Tennsco Snap-Together Open Shelving Units, Starter Sets and Add-On Units",Office Supplies,East,266,6,1593,1677,84
4/7/2016,Xerox 1939,Office Supplies,East,10,2,20,38,18
11/7/2017,Global Highback Leather Tilter in Burgundy,Furniture,East,76,3,229,273,44
5/29/2015,"Tensor ""Hersey Kiss"" Styled Floor Lamp",Furniture,East,11,4,46,42,4
5/29/2015,Novimex Swivel Fabric Task Chair,Furniture,East,134,3,403,317,86
5/29/2015,Ideal Clamps,Office Supplies,East,1,5,5,8,3
5/7/2017,Blue Parrot B250XT Professional Grade Wireless Bluetooth Headset with,Technology,West,52,7,367,420,52
6/5/2016,Acme Box Cutter Scissors,Office Supplies,West,8,6,45,61,16
12/14/2015,Micro Innovations USB RF Wireless Keyboard with Mouse,Technology,West,20,2,40,50,11
12/25/2017,Memorex Micro Travel Drive 4 GB,Technology,East,6,3,18,32,14
12/17/2017,Adjustable Personal File Tote,Office Supplies,Central,12,2,24,33,8
5/10/2016,Grip Seal Envelopes,Office Supplies,Central,2,2,5,7,2
12/23/2014,Computer Printout Paper with Letter-Trim Perforations,Office Supplies,South,10,3,30,46,16
12/23/2014,"Padded Folding Chairs, Black, 4/Carton",Furniture,South,58,1,58,65,6
12/23/2014,Tennsco 6- and 18-Compartment Lockers,Office Supplies,South,217,2,435,424,11
12/23/2014,Prang Dustless Chalk Sticks,Office Supplies,South,1,1,1,1,1
12/23/2014,Acco Perma 3000 Stacking Storage Drawers,Office Supplies,South,17,5,85,84,1
8/11/2017,Xerox 226,Office Supplies,East,3,4,13,26,12
8/27/2017,Flat Face Poster Frame,Furniture,West,11,8,87,121,33
1/19/2017,Xerox 191,Office Supplies,East,11,4,42,80,38
1/19/2017,Xerox 1881,Office Supplies,East,7,1,7,12,6
1/19/2017,Avanti 4.4 Cu. Ft. Refrigerator,Office Supplies,East,130,3,391,543,152
1/19/2017,Poly String Tie Envelopes,Office Supplies,East,1,1,1,2,1
6/19/2015,Recycled Steel Personal File for Hanging File Folders,Office Supplies,Central,43,5,215,229,14
3/13/2017,PowerGen Dual USB Car Charger,Technology,Central,5,1,5,8,3
10/25/2015,Global Highback Leather Tilter in Burgundy,Furniture,West,76,8,611,582,29
9/20/2014,Ooma Telo VoIP Home Phone System,Technology,East,94,5,472,630,157
9/20/2014,Global Leather Executive Chair,Furniture,East,246,2,491,632,140
9/20/2014,DMI Eclipse Executive Suite Bookcases,Furniture,East,406,2,812,802,10
9/20/2014,Avery 485,Office Supplies,East,7,6,40,75,35
9/20/2014,Euro-Pro Shark Turbo Vacuum,Office Supplies,East,23,1,23,31,8
9/20/2014,Panasonic KX-TG9541B DECT 6.0 Digital 2-Line Expandable Cordless Phone With Digital Answering System,Technology,East,76,9,688,1350,661
11/11/2016,Newell 332,Office Supplies,Central,2,6,13,14,1
9/16/2015,Staple envelope,Office Supplies,South,4,4,16,31,15
6/24/2014,Acrylic Self-Standing Desk Frames,Furniture,West,2,2,3,4,1
8/12/2016,Chromcraft Round Conference Tables,Furniture,East,138,2,275,209,66
8/12/2016,Tennsco 6- and 18-Compartment Lockers,Office Supplies,East,217,6,1305,1591,286
4/13/2017,Translucent Push Pins by OIC,Office Supplies,East,1,5,6,8,2
3/14/2014,Hewlett-Packard Deskjet 6540 Color Inkjet Printer,Technology,Central,209,2,419,575,156
3/14/2014,Xerox 1963,Office Supplies,Central,3,2,6,8,3
9/22/2017,WD My Passport Ultra 2TB Portable External Hard Drive,Technology,East,100,9,900,1071,171
9/22/2017,Eldon 500 Class Desk Accessories,Furniture,East,8,1,8,12,4
12/10/2017,Heavy-Duty E-Z-D Binders,Office Supplies,East,6,1,6,3,3
12/10/2017,"Contract Clock, 14"", Brown",Furniture,East,15,5,73,88,15
3/10/2016,"Mini 13-1/2 Capacity Data Binder Rack, Pearl",Office Supplies,West,98,1,98,105,7
1/27/2015,HON 5400 Series Task Chairs for Big and Tall,Furniture,West,561,5,2804,2804,0
9/26/2016,GBC Recycled VeloBinder Covers,Office Supplies,Central,9,2,18,7,12
10/18/2015,Motorola L703CM,Technology,West,117,2,234,250,16
10/18/2015,Xerox 1903,Office Supplies,West,3,3,9,18,9
10/18/2015,Eldon 100 Class Desk Accessories,Furniture,West,2,3,7,10,3
10/27/2014,Xerox 2,Office Supplies,South,3,2,7,10,4
10/27/2014,Easy-staple paper,Office Supplies,South,3,3,8,12,4
10/2/2017,Fellowes Superior 10 Outlet Split Surge Protector,Office Supplies,Central,27,2,54,15,39
10/2/2017,Acco 6 Outlet Guardian Premium Plus Surge Suppressor,Office Supplies,Central,13,6,78,22,56
7/23/2014,VTech DS6151,Technology,West,91,6,544,605,60
7/23/2014,Acme Softgrip Scissors,Office Supplies,West,6,5,29,41,12
7/23/2014,AT&T CL2909,Technology,West,88,3,265,302,38
7/23/2014,Imation 8gb Micro Traveldrive Usb 2.0 Flash Drive,Technology,West,13,3,40,45,5
9/12/2014,HON 5400 Series Task Chairs for Big and Tall,Furniture,East,561,6,3365,3785,421
9/15/2016,SANFORD Major Accent Highlighters,Office Supplies,West,4,5,22,35,13
11/27/2014,Eldon Radial Chair Mat for Low to Medium Pile Carpets,Furniture,East,32,5,160,200,40
5/11/2014,Hon Multipurpose Stacking Arm Chairs,Furniture,Central,160,8,1282,1213,69
8/28/2015,Mitel MiVoice 5330e IP Phone,Technology,Central,203,5,1017,1100,82
8/28/2015,Hon 2111 Invitation Series Straight Table,Furniture,Central,120,1,120,103,16
6/19/2015,Self-Adhesive Address Labels for Typewriters with Dispenser Box,Office Supplies,East,2,2,4,6,2
8/17/2015,Imation Clip USB flash drive - 8 GB,Technology,West,18,2,35,30,5
8/17/2015,Xerox 21,Office Supplies,West,3,7,24,36,13
8/17/2015,Newell 336,Office Supplies,West,3,3,9,10,1
8/17/2015,First Data FD10 PIN Pad,Technology,West,71,4,284,253,32
9/25/2015,"Acco Pressboard Covers with Storage Hooks, 14 7/8"" x 11"", Light Blue",Office Supplies,East,3,2,5,3,2
5/26/2017,Xerox 201,Office Supplies,West,3,2,7,13,6
7/31/2017,Polycom SoundPoint Pro SE-225 Corded phone,Technology,East,86,4,343,286,57
10/12/2014,"Acme Hot Forged Carbon Steel Scissors with Nickel-Plated Handles, 3 7/8"" Cut, 8""L",Office Supplies,Central,10,2,20,22,3
5/25/2014,Strathmore Photo Frame Cards,Office Supplies,East,4,2,8,15,7
12/29/2014,Acco 6 Outlet Guardian Standard Surge Suppressor,Office Supplies,East,8,5,42,48,6
4/7/2017,50 Colored Long Pencils,Office Supplies,South,8,2,15,16,1
4/7/2017,AT&T 1080 Corded phone,Technology,South,100,2,200,219,19
3/1/2015,Jackery Bar Premium Fast-charging Portable Charger,Technology,Central,15,4,61,96,35
5/29/2015,Avery 476,Office Supplies,Central,2,3,7,12,6
9/22/2016,Xerox 1895,Office Supplies,Central,3,6,20,36,16
5/27/2017,"Electrix Architect's Clamp-On Swing Arm Lamp, Black",Furniture,Central,68,5,339,477,138
9/17/2016,Avery 481,Office Supplies,West,2,4,6,12,6
9/8/2014,"Acco PRESSTEX Data Binder with Storage Hooks, Light Blue, 9 1/2"" X 11""",Office Supplies,West,3,2,6,9,3
6/3/2017,Eldon Gobal File Keepers,Office Supplies,West,15,9,131,136,5
9/28/2015,"Acco Smartsocket Table Surge Protector, 6 Color-Coded Adapter Outlets",Office Supplies,West,43,3,130,186,56
9/28/2015,GBC Recycled VeloBinder Covers,Office Supplies,West,9,6,55,82,27
9/28/2015,Acme Galleria Hot Forged Steel Scissors with Colored Handles,Office Supplies,West,11,3,34,47,14
9/28/2015,Motorola HK250 Universal Bluetooth Headset,Technology,West,23,2,45,37,8
6/16/2016,Penpower WorldCard Pro Card Scanner,Technology,South,93,1,93,91,2
5/27/2017,Sony 8GB Class 10 Micro SDHC R40 Memory Card,Technology,South,9,3,27,27,0
5/27/2017,"Fellowes Twister Kit, Gray/Clear, 3/pkg",Office Supplies,South,4,5,22,12,10
10/9/2014,Boston Heavy-Duty Trimline Electric Pencil Sharpeners,Office Supplies,West,34,3,103,145,42
10/9/2014,iOttie HLCRIO102 Car Mount,Technology,West,19,1,19,16,3
11/17/2014,Southworth 100% Cotton The Best Paper,Office Supplies,East,6,3,17,34,17
10/19/2014,RCA Visys Integrated PBX 8-Line Router,Technology,West,50,6,301,322,20
11/25/2017,Office Star - Professional Matrix Back Chair with 2-to-1 Synchro Tilt and Mesh Fabric Seat,Furniture,South,267,2,533,702,168
2/27/2014,Zebra Zazzle Fluorescent Highlighters,Office Supplies,East,4,4,16,19,3
12/21/2014,Avery 492,Office Supplies,East,2,6,9,17,8
11/19/2016,Tenex Chairmats For Use With Carpeted Floors,Furniture,West,15,2,30,32,2
11/5/2017,GBC Prestige Therm-A-Bind Covers,Office Supplies,East,18,6,109,165,56
11/5/2017,Balt Split Level Computer Training Table,Furniture,East,117,2,233,167,67
11/5/2017,Xerox 202,Office Supplies,East,3,2,7,13,6
11/5/2017,"Eaton Premium Continuous-Feed Paper, 25% Cotton, Letter Size, White, 1000 Shts/Box",Office Supplies,East,29,2,58,111,53
11/5/2017,Anker Astro 15000mAh USB Portable Charger,Technology,East,48,2,96,100,4
11/5/2017,Avery Premier Heavy-Duty Binder with Round Locking Rings,Office Supplies,East,8,1,8,11,4
11/5/2017,Harbour Creations 67200 Series Stacking Chairs,Furniture,East,52,2,104,128,24
11/5/2017,"Career Cubicle Clock, 8 1/4"", Black",Furniture,East,13,5,63,101,39
5/31/2015,Avery 501,Office Supplies,Central,2,2,4,6,2
5/31/2015,Xerox 1988,Office Supplies,Central,17,7,119,173,54
5/31/2015,"Tenex Traditional Chairmats for Hard Floors, Average Lip, 36"" x 48""",Furniture,Central,57,2,113,52,62
5/31/2015,Storex Dura Pro Binders,Office Supplies,Central,3,3,10,4,6
9/7/2014,Acco Hot Clips Clips to Go,Office Supplies,Central,2,5,9,13,4
9/7/2014,Avery Heavy-Duty EZD View Binder with Locking Rings,Office Supplies,Central,3,3,10,4,7
9/7/2014,Ibico Hi-Tech Manual Binding System,Office Supplies,Central,168,5,839,305,534
11/6/2017,"SimpliFile Personal File, Black Granite, 15w x 6-15/16d x 11-1/4h",Office Supplies,Central,8,2,16,18,2
6/20/2015,Razer Tiamat Over Ear 7.1 Surround Sound PC Gaming Headset,Technology,East,114,2,228,320,92
7/22/2014,Crayola Colored Pencils,Office Supplies,West,2,6,13,20,6
12/2/2016,Sauder Camden County Collection Library,Furniture,Central,92,10,920,782,138
12/2/2016,Xerox 1962,Office Supplies,Central,2,9,21,31,10
10/12/2017,"Chromcraft 48"" x 96"" Racetrack Double Pedestal Table",Furniture,East,250,3,750,673,77
12/11/2017,Stockwell Push Pins,Office Supplies,East,1,3,4,7,2
10/1/2015,Wilson Electronics DB Pro Signal Booster,Technology,West,261,2,523,573,50
8/5/2016,"Boston Model 1800 Electric Pencil Sharpener, Gray",Office Supplies,South,20,7,138,197,59
1/3/2017,GBC ProClick 150 Presentation Binding System,Office Supplies,West,167,8,1340,2022,683
1/3/2017,Manco Dry-Lighter Erasable Highlighter,Office Supplies,West,2,3,6,9,3
11/7/2017,Storex DuraTech Recycled Plastic Frosted Binders,Office Supplies,Central,2,9,19,38,19
1/3/2016,"Hon Practical Foundations 30 x 60 Training Table, Light Gray/Charcoal",Furniture,Central,177,7,1242,1593,350
1/3/2016,Storex Dura Pro Binders,Office Supplies,Central,3,2,7,12,5
5/12/2016,Memorex Mini Travel Drive 32 GB USB 2.0 Flash Drive,Technology,West,12,6,73,120,47
5/12/2016,Staple holder,Office Supplies,West,6,1,6,9,2
11/5/2017,"Ampad Gold Fibre Wirebound Steno Books, 6"" x 9"", Gregg Ruled",Office Supplies,Central,2,1,2,4,2
11/5/2017,Easy-staple paper,Office Supplies,Central,29,3,86,168,82
11/5/2017,Strathmore Photo Mount Cards,Office Supplies,Central,4,10,37,68,31
5/26/2016,Nu-Dell Float Frame 11 x 14 1/2,Furniture,Central,5,3,16,27,11
11/20/2015,Dana Swing-Arm Lamps,Furniture,West,8,3,24,32,8
4/22/2016,Barrel Sharpener,Office Supplies,East,3,9,24,32,8
4/22/2016,Newell 32,Office Supplies,East,2,1,2,3,1
10/14/2016,Motorola L703CM,Technology,East,117,7,819,1092,273
10/14/2016,Xerox 1908,Office Supplies,East,29,2,57,112,55
4/5/2014,Stanley Contemporary Battery Pencil Sharpeners,Office Supplies,Central,10,2,19,27,7
4/5/2014,"Fellowes Twister Kit, Gray/Clear, 3/pkg",Office Supplies,Central,4,5,22,40,18
4/5/2014,"Binney & Smith Crayola Metallic Colored Pencils, 8-Color Set",Office Supplies,Central,3,3,9,14,5
4/5/2014,Space Solutions HD Industrial Steel Shelving.,Office Supplies,Central,112,6,669,690,21
8/6/2016,"Dixon Prang Watercolor Pencils, 10-Color Set with Brush",Office Supplies,East,3,9,23,38,16
12/14/2014,GBC VeloBind Cover Sets,Office Supplies,Central,8,3,23,9,14
5/30/2017,"Atlantic Metals Mobile 5-Shelf Bookcases, Custom Colors",Furniture,Central,211,1,211,205,6
10/14/2016,Plantronics CS510 - Over-the-Head monaural Wireless Headset System,Technology,Central,221,5,1105,1650,544
3/14/2014,Xerox 1887,Office Supplies,South,10,6,59,91,32
2/17/2014,Staples in misc. colors,Office Supplies,Central,3,14,45,54,9
8/24/2015,"Belkin SportFit Armband For iPhone 5s/5c, Fuchsia",Technology,East,8,3,23,27,4
8/24/2015,Avery 474,Office Supplies,East,1,3,4,7,3
8/24/2015,Adjustable Depth Letter/Legal Cart,Office Supplies,East,129,3,387,436,49
5/8/2017,Fellowes Mighty 8 Compact Surge Protector,Office Supplies,West,15,4,58,81,23
2/4/2016,Safco Commercial Shelving,Office Supplies,West,45,2,89,93,4
12/19/2014,RCA ViSYS 25425RE1 Corded phone,Technology,Central,96,3,288,324,36
12/19/2014,Xerox 229,Office Supplies,Central,3,3,10,16,5
12/19/2014,"Rogers Jumbo File, Granite",Office Supplies,Central,13,3,40,33,8
12/5/2017,GBC Premium Transparent Covers with Diagonal Lined Pattern,Office Supplies,West,11,5,55,84,29
12/5/2017,Eldon Radial Chair Mat for Low to Medium Pile Carpets,Furniture,West,32,5,160,200,40
12/5/2017,Cyber Acoustics AC-202b Speech Recognition Stereo Headset,Technology,West,13,3,38,31,7
12/5/2017,GBC VeloBinder Manual Binding System,Office Supplies,West,19,6,112,173,60
12/5/2017,Fellowes Black Plastic Comb Bindings,Office Supplies,West,3,2,6,9,3
3/24/2017,Iris Project Case,Office Supplies,Central,6,2,12,13,1
7/8/2017,Easy-staple paper,Office Supplies,West,14,2,28,53,24
10/26/2017,"Multi-Use Personal File Cart and Caster Set, Three Stacking Bins",Office Supplies,Central,25,2,50,56,6
10/27/2016,"Metal Folding Chairs, Beige, 4/Carton",Furniture,East,25,14,347,428,81
10/27/2016,"Advantus Push Pins, Aluminum Head",Office Supplies,East,4,7,28,41,13
10/27/2016,Rogers Profile Extra Capacity Storage Tub,Office Supplies,East,16,2,32,33,1
10/27/2016,Prestige Round Ring Binders,Office Supplies,East,3,2,6,10,3
6/12/2017,"Eldon Expressions Wood Desk Accessories, Oak",Furniture,Central,5,3,16,9,7
9/25/2016,"Atlantic Metals Mobile 4-Shelf Bookcases, Custom Colors",Furniture,West,197,2,393,478,84
9/7/2017,Avoid Verbal Orders Carbonless Minifold Book,Office Supplies,East,2,5,9,17,8
9/7/2017,Xerox 191,Office Supplies,East,11,2,21,40,19
5/11/2015,Global Chrome Stack Chair,Furniture,West,25,7,175,192,17
8/6/2015,Avery 505,Office Supplies,Central,7,3,22,36,13
8/6/2015,Avery Hole Reinforcements,Office Supplies,Central,3,5,16,6,10
8/6/2015,Xerox 1906,Office Supplies,Central,19,2,38,57,19
8/6/2015,O'Sullivan Manor Hill 2-Door Library in Brianna Oak,Furniture,Central,161,3,483,369,114
10/29/2014,Maxell 4.7GB DVD+R 5/Pack,Technology,Central,1,2,1,2,1
10/29/2014,"Snap-A-Way Black Print Carbonless Ruled Speed Letter, Triplicate",Office Supplies,Central,20,2,40,76,36
6/18/2016,Xerox 1900,Office Supplies,East,2,2,5,7,2
6/18/2016,DXL Angle-View Binders with Locking Rings by Samsill,Office Supplies,East,4,2,8,5,4
6/18/2016,Harmony Air Purifier,Office Supplies,East,121,3,363,454,91
5/3/2015,Avery Binding System Hidden Tab Executive Style Index Sets,Office Supplies,West,3,3,9,14,5
11/10/2015,Iceberg Mobile Mega Data/Printer Cart ,Office Supplies,East,89,6,534,578,43
5/30/2015,Imation Secure Drive + Hardware Encrypted USB flash drive - 16 GB,Technology,South,29,4,115,152,36
9/22/2016,Aluminum Document Frame,Furniture,West,9,7,60,68,9
11/28/2015,"Seth Thomas 13 1/2"" Wall Clock",Furniture,East,12,5,61,71,10
11/28/2015,Staples,Office Supplies,East,1,2,2,3,1
12/3/2015,Xerox 1935,Office Supplies,East,14,7,100,185,85
10/17/2014,G.E. Longer-Life Indoor Recessed Floodlight Bulbs,Furniture,Central,3,2,7,5,2
5/3/2016,Imation 16GB Mini TravelDrive USB 2.0 Flash Drive,Technology,East,20,5,98,133,35
5/3/2016,Tennsco Industrial Shelving,Office Supplies,East,48,5,240,196,44
5/3/2016,"Computer Room Manger, 14""",Furniture,East,21,2,42,52,10
5/3/2016,Logitech VX Revolution Cordless Laser Mouse for Notebooks (Black),Technology,East,169,3,508,432,76
5/3/2016,Cisco 8961 IP Phone Charcoal,Technology,East,130,3,390,225,165
5/3/2016,Avery 496,Office Supplies,East,2,2,4,6,2
6/1/2015,"Adams Telephone Message Book W/Dividers/Space For Phone Numbers, 5 1/4""X8 1/2"", 300/Messages",Office Supplies,West,3,2,6,12,6
3/31/2014,"Global Leather Highback Executive Chair with Pneumatic Height Adjustment, Black",Furniture,South,147,7,1027,1125,98
3/31/2014,Ibico Plastic and Wire Spiral Binding Combs,Office Supplies,South,5,5,23,13,10
3/31/2014,"Binney & Smith inkTank Erasable Desk Highlighter, Chisel Tip, Yellow, 12/Box",Office Supplies,South,1,2,3,4,1
7/5/2017,Anker 36W 4-Port USB Wall Charger Travel Power Adapter for iPhone 5s 5c 5,Technology,Central,14,4,58,80,22
9/24/2015,Accohide Poly Flexible Ring Binders,Office Supplies,East,2,6,11,7,4
9/24/2015,"Tennsco Lockers, Sand",Office Supplies,East,16,2,32,34,2
9/24/2015,#6 3/4 Gummed Flap White Envelopes,Office Supplies,East,5,2,10,16,6
9/24/2015,"Avery 4027 File Folder Labels for Dot Matrix Printers, 5000 Labels per Box, White",Office Supplies,East,16,1,16,24,8
9/24/2015,Newell 347,Office Supplies,East,3,5,15,17,2
8/13/2015,Ultra Door Pull Handle,Furniture,West,7,3,21,32,10
5/26/2015,Novimex Swivel Fabric Task Chair,Furniture,Central,134,1,134,106,29
5/26/2015,StarTech.com 10/100 VDSL2 Ethernet Extender Kit,Technology,Central,240,2,479,400,80
5/26/2015,"Global Stack Chair with Arms, Black",Furniture,Central,22,5,109,105,4
9/14/2017,Wilson SignalBoost 841262 DB PRO Amplifier Kit,Technology,East,252,3,756,1080,324
9/14/2017,Sensible Storage WireTech Storage Systems,Office Supplies,East,67,1,67,71,4
9/14/2017,Bulldog Table or Wall-Mount Pencil Sharpener,Office Supplies,East,4,5,21,30,9
9/14/2017,"Office Star - Contemporary Task Swivel chair with Loop Arms, Charcoal",Furniture,East,119,5,596,589,7
6/7/2016,Ideal Clamps,Office Supplies,East,1,6,6,10,3
6/25/2017,DMI Eclipse Executive Suite Bookcases,Furniture,East,406,1,406,401,5
8/26/2017,"Neat Ideas Personal Hanging Folder Files, Black",Office Supplies,Central,10,4,40,54,14
8/26/2016,Xerox 1944,Office Supplies,South,20,1,20,31,11
11/18/2016,Recycled Premium Regency Composition Covers,Office Supplies,West,8,5,39,61,22
4/17/2017,Carina Media Storage Towers in Natural & Black,Office Supplies,Central,60,4,239,195,44
7/23/2017,"Hunt PowerHouse Electric Pencil Sharpener, Blue",Office Supplies,Central,27,4,106,122,15
5/11/2014,"Black Print Carbonless 8 1/2"" x 8 1/4"" Rapid Memo Book",Office Supplies,Central,4,3,12,17,6
5/11/2014,Avery Arch Ring Binders,Office Supplies,Central,31,9,277,105,173
7/28/2016,"Eldon Image Series Desk Accessories, Ebony",Furniture,Central,7,5,35,25,10
7/28/2016,"Tenex Chairmat w/ Average Lip, 45"" x 53""",Furniture,Central,136,5,681,303,378
9/14/2017,Xerox 1980,Office Supplies,East,2,2,5,9,4
9/14/2017,Xerox 1987,Office Supplies,East,3,2,6,12,6
1/24/2017,"Acco Six-Outlet Power Strip, 4' Cord Length",Office Supplies,West,6,3,19,26,7
1/24/2017,Ibico EB-19 Dual Function Manual Binding System,Office Supplies,West,93,2,187,277,90
1/24/2017,Jensen SMPS-640 - speaker phone,Technology,West,34,3,102,110,8
9/19/2015,"Seth Thomas 8 1/2"" Cubicle Clock",Furniture,West,14,3,41,61,19
4/14/2015,Acco Smartsocket Color-Coded Six-Outlet AC Adapter Model Surge Protectors,Office Supplies,West,33,1,33,35,3
5/8/2017,Xerox 1997,Office Supplies,Central,3,8,27,41,15
9/4/2016,Xerox 1886,Office Supplies,South,25,5,125,240,115
5/19/2014,Acme Design Stainless Steel Bent Scissors,Office Supplies,South,5,5,25,34,9
6/17/2016,Hon 2111 Invitation Series Corner Table,Furniture,East,197,3,590,377,214
11/2/2015,"Eureka Hand Vacuum, Bagless",Office Supplies,South,36,4,142,198,55
11/4/2017,SanDisk Ultra 32 GB MicroSDHC Class 10 Memory Card,Technology,East,19,4,77,71,6
11/4/2017,"Carina 42""Hx23 3/4""W Media Storage Unit",Office Supplies,East,79,3,238,194,44
12/5/2017,"Telephone Message Books with Fax/Mobile Section, 4 1/4"" x 6""",Office Supplies,East,2,6,12,22,10
12/5/2017,Avery 52,Office Supplies,East,2,3,6,11,5
5/16/2016,"Tenex Carpeted, Granite-Look or Clear Contemporary Contour Shape Chair Mats",Furniture,West,66,4,263,283,20
5/16/2016,Avery 481,Office Supplies,West,2,9,14,28,13
10/24/2017,Staples,Office Supplies,South,2,4,6,12,5
9/18/2016,Polycom CX300 Desktop Phone USB VoIP phone,Technology,West,108,2,216,240,24
11/11/2014,Belkin F5C206VTEL 6 Outlet Surge,Office Supplies,West,16,1,16,23,7
11/11/2014,Belkin Standard 104 key USB Keyboard,Technology,West,12,7,87,102,15
11/11/2014,Fellowes PB500 Electric Punch Plastic Comb Binding Machine with Manual Bind,Office Supplies,West,635,2,1271,2034,763
8/22/2016,Newell 346,Office Supplies,West,2,2,4,6,2
11/16/2017,Hewlett Packard 610 Color Digital Copier / Printer,Technology,East,275,3,825,900,75
11/16/2017,Panasonic KP-380BK Classic Electric Pencil Sharpener,Office Supplies,East,27,3,81,86,5
11/16/2017,Logitech Media Keyboard K200,Technology,East,28,5,142,140,2
9/26/2014,Hoover Commercial Lightweight Upright Vacuum,Office Supplies,East,3,6,15,17,1
9/26/2014,Maxell CD-R Discs,Technology,East,1,2,3,3,0
9/26/2014,"Message Book, Wirebound, Four 5 1/2"" X 4"" Forms/Pg., 200 Dupl. Sets/Book",Office Supplies,East,5,4,22,33,11
6/29/2017,Belkin F9G930V10-GRY 9 Outlet Surge,Office Supplies,Central,38,2,76,21,55
6/29/2017,Bevis Round Conference Table Top & Single Column Base,Furniture,Central,116,3,347,307,40
6/29/2017,O'Sullivan Plantations 2-Door Library in Landvery Oak,Furniture,Central,169,3,506,410,96
9/23/2017,Xerox 1899,Office Supplies,Central,3,2,6,9,3
11/23/2014,UniKeep View Case Binders,Office Supplies,Central,3,3,8,15,7
1/13/2014,Xerox 1923,Office Supplies,East,3,7,24,37,13
1/13/2014,Avery Metallic Poly Binders,Office Supplies,East,3,2,6,3,3
5/31/2016,Avery Hidden Tab Dividers for Binding Systems,Office Supplies,East,2,3,5,7,2
5/31/2016,Jackery Bar Premium Fast-charging Portable Charger,Technology,East,15,6,92,180,88
2/13/2017,"Holmes Replacement Filter for HEPA Air Cleaner, Medium Room",Office Supplies,Central,6,8,52,91,39
10/14/2014,WD My Passport Ultra 500GB Portable External Hard Drive,Technology,East,49,3,147,177,30
10/14/2014,"SimpliFile Personal File, Black Granite, 15w x 6-15/16d x 11-1/4h",Office Supplies,East,8,7,57,79,22
10/14/2014,Office Star - Ergonomic Mid Back Chair with 2-Way Adjustable Arms,Furniture,East,152,9,1368,1629,261
11/18/2014,"Howard Miller 13-1/2"" Diameter Rosebrook Wall Clock",Furniture,West,41,2,83,138,55
11/18/2014,"Lesro Round Back Collection Coffee Table, End Table",Furniture,West,159,4,635,730,95
11/12/2017,Xerox 1899,Office Supplies,West,3,2,6,12,6
1/28/2015,Chromcraft Bull-Nose Wood Oval Conference Tables & Bases,Furniture,South,474,13,6160,4298,1862
3/7/2014,Newell Chalk Holder,Office Supplies,West,2,5,11,21,9
3/7/2014,"Contico 72""H Heavy-Duty Storage System",Office Supplies,West,41,5,205,205,0
3/7/2014,Office Star - Task Chair with Contemporary Loop Arms,Furniture,West,69,6,415,437,22
3/7/2014,"Global Leather and Oak Executive Chair, Black",Furniture,West,214,2,427,482,54
6/8/2017,Memorex Micro Travel Drive 16 GB,Technology,West,11,7,77,90,12
6/8/2017,Rogers Deluxe File Chest,Office Supplies,West,22,2,44,35,8
6/8/2017,GBC VeloBinder Electric Binding Machine,Office Supplies,West,60,2,121,73,48
11/19/2014,Recycled Steel Personal File for Standard File Folders,Office Supplies,Central,41,4,164,221,58
11/19/2014,Jabra SPEAK 410,Technology,Central,68,3,203,282,79
11/26/2016,DMI Eclipse Executive Suite Bookcases,Furniture,West,406,8,3246,3407,160
11/26/2016,Newell 31,Office Supplies,West,3,9,27,37,10
11/26/2016,Belkin F9S820V06 8 Outlet Surge,Office Supplies,West,23,2,45,65,19
11/26/2016,"GE 48"" Fluorescent Tube, Cool White Energy Saver, 34 Watts, 30/Box",Furniture,West,50,6,298,595,298
1/23/2017,Logitech Wireless Anywhere Mouse MX for PC and Mac,Technology,West,42,2,84,96,12
1/23/2017,Wilson Jones data.warehouse D-Ring Binders with DublLock,Office Supplies,West,4,2,9,5,4
9/22/2014,"Computer Room Manger, 14""",Furniture,East,21,3,62,97,35
9/22/2014,Cardinal Holdit Business Card Pockets,Office Supplies,East,3,1,3,4,1
9/22/2014,"Avery Hi-Liter GlideStik Fluorescent Highlighter, Yellow Ink",Office Supplies,East,2,4,7,13,6
9/22/2014,Office Star - Mid Back Dual function Ergonomic High Back Chair with 2-Way Adjustable Arms,Furniture,East,124,4,496,580,84
3/26/2014,Smead Alpha-Z Color-Coded Name Labels First Letter Starter Set,Office Supplies,West,2,5,10,19,9
6/6/2016,Samsung Galaxy Mega 6.3,Technology,West,311,9,2797,3024,227
6/6/2016,Rosewill 107 Normal Keys USB Wired Standard Keyboard,Technology,West,12,2,23,27,4
6/6/2016,Bose SoundLink Bluetooth Speaker,Technology,West,105,3,316,478,161
8/31/2017,Space Solutions Commercial Steel Shelving,Office Supplies,West,61,3,184,194,10
12/7/2015,Xerox 218,Office Supplies,West,3,2,7,13,6
11/16/2017,Eldon Radial Chair Mat for Low to Medium Pile Carpets,Furniture,West,32,3,96,120,24
11/16/2017,Eldon Image Series Black Desk Accessories,Furniture,West,3,3,8,12,4
4/23/2016,Recycled Pressboard Report Cover with Reinforced Top Hinge,Office Supplies,West,2,7,12,18,7
4/23/2016,"Recycled Interoffice Envelopes with String and Button Closure, 10 x 13",Office Supplies,West,12,3,36,72,36
4/2/2017,Avery 499,Office Supplies,South,3,3,8,15,7
8/13/2015,Newell 309,Office Supplies,South,8,7,57,65,8
11/13/2017,Samsung Replacement EH64AVFWE Premium Headset,Technology,West,4,5,21,22,1
12/23/2016,Xerox 1952,Office Supplies,East,3,2,5,8,3
12/23/2016,LG G2,Technology,East,375,5,1875,1500,375
7/22/2014,Fellowes Bases and Tops For Staxonsteel/High-Stak Systems,Office Supplies,Central,25,1,25,27,1
5/6/2016,"Executive Impressions 8-1/2"" Career Panel/Partition Cubicle Clock",Furniture,West,7,4,27,42,14
11/28/2014,Laser & Ink Jet Business Envelopes,Office Supplies,Central,6,6,35,64,29
4/18/2016,American Pencil,Office Supplies,East,2,3,5,7,2
4/18/2016,"Acme Design Line 8"" Stainless Steel Bent Scissors w/Champagne Handles, 3-1/8"" Cut",Office Supplies,East,5,1,5,7,2
12/27/2015,Fellowes Super Stor/Drawer Files,Office Supplies,West,131,2,262,323,61
12/27/2015,Geemarc AmpliPOWER60,Technology,West,66,9,593,668,75
12/13/2017,Avery 49,Office Supplies,West,1,3,4,9,4
12/13/2017,Xerox 1996,Office Supplies,West,3,6,20,39,19
12/13/2017,"Eldon Executive Woodline II Desk Accessories, Mahogany",Furniture,West,18,8,147,201,54
12/13/2017,Xerox 1975,Office Supplies,West,3,2,7,13,6
1/2/2017,Kensington K72356US Mouse-in-a-Box USB Desktop Mouse,Technology,West,11,1,11,17,6
5/30/2017,"Dixon My First Ticonderoga Pencil, #2",Office Supplies,West,4,6,25,35,10
9/30/2017,GBC Instant Report Kit,Office Supplies,Central,3,9,29,12,17
6/20/2017,Xerox 230,Office Supplies,South,3,5,17,32,16
6/20/2017,BlackBerry Q10,Technology,South,94,4,378,504,126
4/4/2017,Newell 326,Office Supplies,East,1,4,5,7,2
11/13/2015,"Atlantic Metals Mobile 5-Shelf Bookcases, Custom Colors",Furniture,Central,211,3,632,614,18
8/28/2015,"SAFCO Mobile Desk Side File, Wire Frame",Office Supplies,East,32,11,348,470,122
9/24/2017,Array Memo Cubes,Office Supplies,West,3,6,16,31,15
9/24/2017,Acme Value Line Scissors,Office Supplies,West,3,2,5,7,2
12/11/2016,Belkin F5C206VTEL 6 Outlet Surge,Office Supplies,East,16,4,64,74,9
6/10/2014,"Dot Matrix Printer Tape Reel Labels, White, 5000/Box",Office Supplies,Central,50,5,251,492,241
3/11/2016,"DAX Charcoal/Nickel-Tone Document Frame, 5 x 7",Furniture,East,5,4,21,30,9
12/15/2017,"Wirebound Message Books, Two 4 1/4"" x 5"" Forms per Page",Office Supplies,West,4,3,12,23,11
12/15/2017,Hoover Commercial SteamVac,Office Supplies,West,10,4,38,54,16
12/15/2017,Panasonic KX TS3282B Corded phone,Technology,West,61,3,182,197,15
10/30/2016,Assorted Color Push Pins,Office Supplies,West,1,2,2,4,1
7/31/2017,Avery Personal Creations Heavyweight Cards,Office Supplies,East,6,1,6,12,6
7/31/2017,Fellowes PB200 Plastic Comb Binding Machine,Office Supplies,East,92,5,459,850,391
7/31/2017,"Black Avery Memo-Size 3-Ring Binder, 5 1/2"" x 8 1/2""",Office Supplies,East,2,3,6,11,5
10/19/2017,JM Magazine Binder,Office Supplies,West,9,3,26,40,14
10/21/2016,Office Star Flex Back Scooter Chair with Aluminum Finish Frame,Furniture,West,77,3,230,242,12
10/21/2016,Newell Chalk Holder,Office Supplies,West,2,3,7,12,6
10/21/2016,"Eldon Expressions Wood and Plastic Desk Accessories, Oak",Furniture,West,7,2,14,20,6
10/21/2016,SAFCO Boltless Steel Shelving,Office Supplies,West,113,3,338,341,3
11/5/2014,Tenex Antistatic Computer Chair Mats,Furniture,East,154,2,308,274,34
11/5/2014,Wilson Jones Legal Size Ring Binders,Office Supplies,East,11,2,22,13,9
11/5/2014,Tennsco Double-Tier Lockers,Office Supplies,East,196,6,1175,1080,95
11/5/2014,Sony 16GB Class 10 Micro SDHC R40 Memory Card,Technology,East,12,5,58,52,6
11/5/2014,Memorex Micro Travel Drive 32 GB,Technology,East,21,2,42,58,17
11/7/2016,GBC VeloBinder Manual Binding System,Office Supplies,West,19,2,37,58,20
8/12/2016,Boston 16765 Mini Stand Up Battery Pencil Sharpener,Office Supplies,East,9,4,35,37,3
5/30/2016,Anker 36W 4-Port USB Wall Charger Travel Power Adapter for iPhone 5s 5c 5,Technology,Central,14,5,72,80,8
5/30/2016,Sony Micro Vault Click 16 GB USB 2.0 Flash Drive,Technology,Central,43,5,213,224,11
11/12/2017,"SAFCO Commercial Wire Shelving, Black",Office Supplies,East,138,2,276,221,55
9/22/2016,"DAX Two-Tone Rosewood/Black Document Frame, Desktop, 5 x 7",Furniture,Central,6,2,11,19,8
2/16/2016,Hon Every-Day Chair Series Swivel Task Chairs,Furniture,East,96,3,287,327,40
2/16/2016,Logitech 910-002974 M325 Wireless Mouse for Web Scrolling,Technology,East,17,3,50,90,40
12/22/2014,Lock-Up Easel 'Spel-Binder',Office Supplies,East,15,13,197,297,100
12/5/2015,Security-Tint Envelopes,Office Supplies,Central,4,2,8,12,4
9/17/2017,Logitech Trackman Marble Mouse,Technology,West,17,3,52,90,38
12/2/2017,Belkin 8 Outlet Surge Protector,Office Supplies,East,30,7,207,287,80
12/2/2017,GE 30524EE4,Technology,East,139,5,696,980,284
12/2/2017,Staple remover,Office Supplies,East,2,2,4,4,0
9/29/2014,GBC Standard Plastic Binding Systems' Combs,Office Supplies,West,3,2,7,10,3
9/29/2014,Fellowes Super Stor/Drawer Files,Office Supplies,West,131,5,654,808,153
11/14/2017,Newell 347,Office Supplies,West,3,8,24,34,10
8/20/2014,"Safco Chair Connectors, 6/Carton",Furniture,South,27,13,355,500,145
8/20/2014,Riverleaf Stik-Withit Designer Note Cubes,Office Supplies,South,5,2,11,20,9
8/20/2014,GBC DocuBind TL300 Electric Binding System,Office Supplies,South,475,1,475,897,422
11/19/2014,"1/4 Fold Party Design Invitations & White Envelopes, 24 8-1/2"" X 11"" Cards, 25 Env./Pack",Office Supplies,East,4,1,4,6,2
6/29/2015,Cisco 8x8 Inc. 6753i IP Business Phone System,Technology,Central,99,2,197,270,73
3/16/2017,"Dual Level, Single-Width Filing Carts",Office Supplies,West,115,2,229,310,81
3/16/2017,"XtraLife ClearVue Slant-D Ring Binder, White, 3""",Office Supplies,West,8,6,48,70,23
3/16/2017,Pressboard Hanging Data Binders for Unburst Sheets,Office Supplies,West,3,5,13,20,7
3/16/2017,Bionaire Personal Warm Mist Humidifier/Vaporizer,Office Supplies,West,29,3,86,141,55
11/8/2015,"Riverside Palais Royal Lawyers Bookcase, Royale Cherry Finish",Furniture,East,678,5,3392,4405,1013
11/28/2017,Round Specialty Laser Printer Labels,Office Supplies,West,7,5,33,63,29
6/16/2016,Avery 518,Office Supplies,East,2,3,5,9,5
1/21/2017,Airmail Envelopes,Office Supplies,Central,44,4,178,269,91
11/24/2017,"Hon Practical Foundations 30 x 60 Training Table, Light Gray/Charcoal",Furniture,West,177,2,355,364,9
11/24/2017,Hon 61000 Series Interactive Training Tables,Furniture,West,36,2,73,71,2
11/11/2014,DAX Wood Document Frame.,Furniture,Central,9,2,19,11,8
11/11/2014,Global Commerce Series High-Back Swivel/Tilt Chairs,Furniture,Central,214,4,855,798,57
3/4/2016,Logitech G602 Wireless Gaming Mouse,Technology,East,51,2,102,160,58
10/11/2016,Avery Fluorescent Highlighter Four-Color Set,Office Supplies,Central,2,2,5,5,1
10/11/2016,Newell 309,Office Supplies,Central,8,3,24,28,3
7/1/2016,Zipper Ring Binder Pockets,Office Supplies,West,2,1,2,2,1
3/27/2017,"Avery 05222 Permanent Self-Adhesive File Folder Labels for Typewriters, on Rolls, White, 250/Roll",Office Supplies,South,2,2,4,8,4
3/27/2017,GBC Instant Index System for Binding Systems,Office Supplies,South,4,2,9,18,9
3/27/2017,"Carina Mini System Audio Rack, Model AR050B",Office Supplies,South,108,3,323,333,10
3/27/2017,BPI Conference Tables,Furniture,South,117,2,234,292,58
3/27/2017,Panasonic KX - TS880B Telephone,Technology,South,30,5,150,206,56
3/27/2017,"Ampad Gold Fibre Wirebound Steno Books, 6"" x 9"", Gregg Ruled",Office Supplies,South,2,4,10,18,8
10/31/2016,Office Star - Professional Matrix Back Chair with 2-to-1 Synchro Tilt and Mesh Fabric Seat,Furniture,West,267,5,1334,1404,70
11/4/2017,"Binney & Smith inkTank Desk Highlighter, Chisel Tip, Yellow, 12/Box",Office Supplies,South,1,2,3,4,1
2/14/2014,Logitech G600 MMO Gaming Mouse,Technology,West,51,3,154,240,86
2/14/2014,Belkin 8 Outlet Surge Protector,Office Supplies,West,30,2,59,82,23
2/14/2014,Compact Automatic Electric Letter Opener,Office Supplies,West,117,2,234,239,5
6/18/2014,Plantronics Cordless Phone Headset with In-line Volume - M214C,Technology,West,26,5,128,140,12
2/28/2017,Pressboard Hanging Data Binders for Unburst Sheets,Office Supplies,East,3,2,5,10,5
2/28/2017,"Southworth 100% Résumé Paper, 24lb.",Office Supplies,East,4,1,4,8,4
12/9/2017,GBC Imprintable Covers,Office Supplies,Central,6,5,28,55,27
12/7/2017,"REDIFORM Incoming/Outgoing Call Register, 11"" X 8 1/2"", 100 Messages",Office Supplies,West,4,6,25,50,25
11/24/2016,O'Sullivan Cherrywood Estates Traditional Bookcase,Furniture,South,66,5,331,340,8
11/24/2016,Tops Wirebound Message Log Books,Office Supplies,South,2,4,7,11,3
11/24/2016,Fellowes Advanced Computer Series Surge Protectors,Office Supplies,South,19,2,38,42,4
7/3/2016,Xerox 1925,Office Supplies,East,17,5,85,124,39
6/26/2016,Cisco IP Phone 7961G VoIP phone - Dark gray,Technology,South,97,1,97,136,39
7/26/2014,GBC DocuBind P400 Electric Binding System,Office Supplies,Central,735,8,5879,2178,3702
7/26/2014,DAX Clear Channel Poster Frame,Furniture,Central,9,3,28,17,10
7/26/2014,GBC Premium Transparent Covers with Diagonal Lined Pattern,Office Supplies,Central,11,4,44,17,27
7/26/2014,Microsoft Natural Keyboard Elite,Technology,Central,51,9,458,431,27
7/26/2014,GBC Instant Index System for Binding Systems,Office Supplies,Central,4,5,22,9,13
7/26/2014,Acco 6 Outlet Guardian Standard Surge Suppressor,Office Supplies,Central,8,2,17,5,12
9/14/2016,Wi-Ex zBoost YX540 Cellular Phone Signal Booster,Technology,East,102,3,306,438,131
9/14/2016,GBC DocuBind 200 Manual Binding Machine,Office Supplies,East,210,2,421,674,253
5/31/2015,Xerox 1889,Office Supplies,East,28,5,140,275,135
5/31/2015,"Fellowes Mobile File Cart, Black",Office Supplies,East,45,1,45,62,17
5/31/2015,Eldon Image Series Black Desk Accessories,Furniture,East,3,2,5,8,3
5/9/2015,"Acco Flexible ACCOHIDE Square Ring Data Binder, Dark Blue, 11 1/2"" X 14"" 7/8""",Office Supplies,South,8,3,25,49,24
11/5/2014,"Global Stack Chair with Arms, Black",Furniture,South,22,5,109,150,40
3/27/2017,"Atlantic Metals Mobile 5-Shelf Bookcases, Custom Colors",Furniture,Central,211,5,1053,1023,30
3/27/2017,Global Deluxe High-Back Manager's Chair,Furniture,Central,203,3,609,601,9
3/27/2017,Kensington SlimBlade Notebook Wireless Mouse with Nano Receiver ,Technology,Central,33,1,33,40,7
3/27/2017,"Global Leather & Oak Executive Chair, Burgundy",Furniture,Central,139,2,278,211,66
5/21/2014,Staple envelope,Office Supplies,Central,6,6,35,56,21
5/21/2014,Global Deluxe Steno Chair,Furniture,Central,69,2,137,108,29
5/21/2014,"Adams Telephone Message Books, 5 1/4” x 11”",Office Supplies,Central,3,1,3,5,2
5/21/2014,Ibico Plastic Spiral Binding Combs,Office Supplies,Central,16,3,49,18,31
5/21/2016,"Cardinal HOLDit! Binder Insert Strips,Extra Strips",Office Supplies,Central,3,3,10,4,6
1/12/2015,"BIC Brite Liner Highlighters, Chisel Tip",Office Supplies,East,4,2,9,10,2
1/12/2015,GE 30524EE4,Technology,East,139,2,278,235,43
1/12/2015,Anker 24W Portable Micro USB Car Charger,Technology,East,6,4,24,26,3
1/12/2015,SanDisk Cruzer 4 GB USB Flash Drive,Technology,East,4,2,8,10,2
1/12/2015,LG Electronics Tone+ HBS-730 Bluetooth Headset,Technology,East,43,3,129,107,21
9/29/2017,"Acme Hot Forged Carbon Steel Scissors with Nickel-Plated Handles, 3 7/8"" Cut, 8""L",Office Supplies,West,10,7,69,97,28
7/18/2015,Economy Binders,Office Supplies,East,1,2,2,3,1
7/18/2015,"Plantronics CS 50-USB - headset - Convertible, Monaural",Technology,East,99,1,99,136,37
7/18/2015,"Eldon Expressions Wood Desk Accessories, Oak",Furniture,East,5,1,5,7,2
10/21/2016,"Seth Thomas 14"" Day/Date Wall Clock",Furniture,South,18,2,36,46,10
10/21/2016,GBC Personal VeloBind Strips,Office Supplies,South,6,8,50,29,21
7/27/2017,"Global Value Mid-Back Manager's Chair, Gray",Furniture,South,46,4,183,195,12
7/21/2017,"Wilson Jones 1"" Hanging DublLock Ring Binders",Office Supplies,Central,3,2,5,2,3
11/7/2014,Xerox 1995,Office Supplies,West,3,5,17,26,9
11/7/2014,Panasonic KP-150 Electric Pencil Sharpener,Office Supplies,West,28,4,112,121,9
11/27/2016,Xerox 215,Office Supplies,East,3,4,13,26,12
11/27/2016,Newell 324,Office Supplies,East,8,3,25,35,10
11/27/2016,Xerox 1945,Office Supplies,East,21,5,105,205,100
11/27/2016,"GBC Pre-Punched Binding Paper, Plastic, White, 8-1/2"" x 11""",Office Supplies,East,8,5,42,80,38
6/8/2015,Xerox 1951,Office Supplies,South,17,7,119,173,54
6/8/2015,Fellowes Super Stor/Drawer Files,Office Supplies,South,131,4,523,517,6
6/8/2015,"Advantus Employee of the Month Certificate Frame, 11 x 13-1/2",Furniture,South,18,7,128,173,45
6/8/2015,Newell 344,Office Supplies,South,2,2,4,4,0
6/8/2015,Smead Alpha-Z Color-Coded Name Labels First Letter Starter Set,Office Supplies,South,2,3,6,9,3
6/8/2015,Xerox 1963,Office Supplies,South,3,10,29,42,13
6/8/2015,"Premier Elliptical Ring Binder, Black",Office Supplies,South,16,2,32,18,13
8/15/2014,Tripp Lite TLP810NET Broadband Surge for Modem/Fax,Office Supplies,West,37,3,110,153,43
8/15/2014,Xerox 1925,Office Supplies,West,17,3,51,93,42
8/15/2014,Avery Heavy-Duty EZD  Binder With Locking Rings,Office Supplies,West,3,4,12,18,6
8/15/2014,GBC Durable Plastic Covers,Office Supplies,West,10,3,31,46,15
8/15/2014,Novimex Fabric Task Chair,Furniture,West,52,4,207,195,12
6/19/2017,Space Solutions Commercial Steel Shelving,Office Supplies,East,61,2,123,129,6
6/19/2017,Wilson Jones Turn Tabs Binder Tool for Ring Binders,Office Supplies,East,3,3,8,12,4
7/16/2017,"Global Fabric Manager's Chair, Dark Gray",Furniture,South,76,3,227,242,15
12/16/2014,Razer Kraken 7.1 Surround Sound Over Ear USB Gaming Headset,Technology,Central,56,4,224,320,96
12/16/2014,Longer-Life Soft White Bulbs,Furniture,Central,2,7,11,9,3
5/18/2014,Xerox 1949,Office Supplies,Central,3,1,3,4,1
9/14/2017,Logitech Wireless Gaming Headset G930,Technology,East,101,7,706,896,190
10/10/2016,"Eldon 400 Class Desk Accessories, Black Carbon",Furniture,Central,5,4,20,14,6
10/10/2016,"Wilson Jones Ledger-Size, Piano-Hinge Binder, 2"", Blue",Office Supplies,Central,21,2,43,16,26
9/25/2016,"Ampad Evidence Wirebond Steno Books, 6"" x 9""",Office Supplies,West,1,5,6,11,5
9/25/2016,Alphabetical Labels for Top Tab Filing,Office Supplies,West,7,2,15,30,15
9/25/2016,Avery 513,Office Supplies,West,3,1,3,5,2
9/25/2016,Canon PC-428 Personal Copier,Technology,West,106,3,318,480,162
9/25/2016,"SmartStand Mobile Device Holder, Assorted Colors",Technology,West,5,8,40,45,4
9/25/2016,Newell 346,Office Supplies,West,2,2,4,6,2
9/25/2016,"Global Airflow Leather Mesh Back Chair, Black",Furniture,West,106,4,423,483,60
6/3/2014,Avery 513,Office Supplies,Central,3,4,11,16,5
6/3/2014,"Contract Clock, 14"", Brown",Furniture,Central,15,7,102,62,40
6/3/2014,Recycled Steel Personal File for Standard File Folders,Office Supplies,Central,41,3,123,133,10
9/2/2017,"Acco Six-Outlet Power Strip, 4' Cord Length",Office Supplies,West,6,5,32,43,11
9/2/2017,Luxo Professional Combination Clamp-On Lamps,Furniture,West,76,5,379,512,133
9/2/2017,"GBC Velobind Prepunched Cover Sets, Regency Series",Office Supplies,West,20,5,102,148,46
4/12/2014,Prismacolor Color Pencil Set,Office Supplies,West,12,2,23,40,16
5/2/2016,Eldon 200 Class Desk Accessories,Furniture,East,4,2,9,13,4
5/2/2016,Vinyl Sectional Post Binders,Office Supplies,East,19,3,57,90,34
5/2/2016,Southworth Parchment Paper & Envelopes,Office Supplies,East,4,2,7,13,6
5/2/2016,"Howard Miller 13"" Diameter Pewter Finish Round Wall Clock",Furniture,East,26,5,131,215,84
6/19/2017,"DAX Copper Panel Document Frame, 5 x 7 Size",Furniture,West,7,4,29,50,21
6/19/2017,Xerox 1907,Office Supplies,West,7,2,13,25,12
11/6/2014,"Array Parchment Paper, Assorted Colors",Office Supplies,South,4,6,23,44,21
3/26/2015,Bush Advantage Collection Racetrack Conference Table,Furniture,West,348,8,2783,3394,611
1/14/2017,"Tenex Personal Project File with Scoop Front Design, Black",Office Supplies,Central,10,5,50,67,18
1/14/2017,Bagged Rubber Bands,Office Supplies,Central,1,2,2,3,0
1/14/2017,ARKON Windshield Dashboard Air Vent Car Mount Holder,Technology,Central,17,4,66,68,1
1/14/2017,Staple magnet,Office Supplies,Central,7,2,14,19,5
1/14/2017,Imation USB 2.0 Swivel Flash Drive USB flash drive - 4 GB - Pink,Technology,Central,2,4,10,12,3
1/14/2017,Xerox 188,Office Supplies,Central,6,1,6,11,6
1/14/2017,Microsoft Sculpt Comfort Mouse,Technology,Central,22,4,89,160,70
1/14/2017,"DAX Charcoal/Nickel-Tone Document Frame, 5 x 7",Furniture,Central,5,2,10,19,9
3/26/2015,"Dual Level, Single-Width Filing Carts",Office Supplies,East,115,7,803,1085,282
3/26/2015,Disposable Triple-Filter Dust Bags,Office Supplies,East,3,3,10,13,3
11/1/2014,"Howard Miller 13"" Diameter Pewter Finish Round Wall Clock",Furniture,East,26,2,52,69,16
11/1/2014,Acco Economy Flexible Poly Round Ring Binder,Office Supplies,East,3,2,6,3,3
11/1/2014,GBC Standard Therm-A-Bind Covers,Office Supplies,East,13,3,40,22,18
10/6/2017,Adjustable Depth Letter/Legal Cart,Office Supplies,Central,129,2,258,290,33
10/6/2017,Staples in misc. colors,Office Supplies,Central,9,2,18,19,1
12/10/2016,Xerox 221,Office Supplies,East,3,1,3,6,3
9/22/2016,"Blue String-Tie & Button Interoffice Envelopes, 10 x 13",Office Supplies,East,22,2,44,64,20
12/29/2015,Acme Serrated Blade Letter Opener,Office Supplies,East,3,2,6,6,0
4/20/2017,Tennsco 6- and 18-Compartment Lockers,Office Supplies,East,217,4,870,849,21
4/20/2017,"Wilson Jones Clip & Carry Folder Binder Tool for Ring Binders, Clear",Office Supplies,East,3,5,15,9,6
4/20/2017,Avaya 5410 Digital phone,Technology,East,49,3,147,122,24
8/21/2016,"Leather Task Chair, Black",Furniture,East,73,7,509,573,64
5/29/2015,Easy-staple paper,Office Supplies,East,19,3,56,85,29
8/12/2014,Acco Translucent Poly Ring Binders,Office Supplies,South,2,3,7,14,7
8/12/2014,"Maxell 74 Minute CD-R Spindle, 50/Pack",Technology,South,13,13,174,273,98
4/3/2014,Staple envelope,Office Supplies,West,3,2,6,11,6
4/3/2014,Enermax Briskie RF Wireless Keyboard and Mouse Combo,Technology,West,13,3,40,62,22
4/3/2014,Logitech G600 MMO Gaming Mouse,Technology,West,51,2,102,160,58
1/23/2014,"Alliance Big Bands Rubber Bands, 12/Pack",Office Supplies,Central,2,3,6,6,0
10/12/2017,Xerox 1952,Office Supplies,East,3,2,5,10,5
8/8/2015,Logitech G600 MMO Gaming Mouse,Technology,East,51,1,51,80,29
3/19/2017,Dixon Ticonderoga Pencils,Office Supplies,East,2,3,7,9,2
7/25/2016,"Speediset Carbonless Redi-Letter 7"" x 8 1/2""",Office Supplies,Central,5,2,11,21,10
7/25/2016,Memorex Froggy Flash Drive 8 GB,Technology,Central,11,7,76,124,48
7/25/2016,LG Electronics Tone+ HBS-730 Bluetooth Headset,Technology,Central,43,5,214,298,83
7/25/2016,Office Star Flex Back Scooter Chair with Aluminum Finish Frame,Furniture,Central,77,4,307,404,97
7/25/2016,"Eldon Expressions Desk Accessory, Wood Photo Frame, Mahogany",Furniture,Central,14,5,68,95,28
9/26/2014,"Maxell Pro 80 Minute CD-R, 10/Pack",Technology,Central,10,11,115,154,38
6/17/2014,Xerox 1892,Office Supplies,Central,20,2,40,62,22
6/6/2016,Electrix Halogen Magnifier Lamp,Furniture,East,144,3,431,466,35
6/6/2016,"Deflect-o EconoMat Nonstudded, No Bevel Mat",Furniture,East,41,2,83,83,0
3/28/2014,Chromcraft Bull-Nose Wood Oval Conference Tables & Bases,Furniture,East,474,1,474,331,143
8/21/2017,"Recycled Data-Pak for Archival Bound Computer Printouts, 12-1/2 x 12-1/2 x 16",Office Supplies,West,72,3,216,237,21
8/21/2017,"DAX Charcoal/Nickel-Tone Document Frame, 5 x 7",Furniture,West,5,3,16,23,7
8/21/2017,Southworth 25% Cotton Antique Laid Paper & Envelopes,Office Supplies,West,5,1,5,7,2
11/12/2014,"GE General Use Halogen Bulbs, 100 Watts, 1 Bulb per Pack",Furniture,Central,11,3,32,25,7
11/12/2014,Logitech G602 Wireless Gaming Mouse,Technology,Central,51,2,102,128,26
9/13/2015,Flat Face Poster Frame,Furniture,West,11,7,76,132,55
9/13/2015,"Acco Data Flex Cable Posts For Top & Bottom Load Binders, 6"" Capacity",Office Supplies,West,6,3,17,25,8
9/13/2015,Global Comet Stacking Armless Chair,Furniture,West,215,3,646,718,72
9/13/2015,Eldon Econocleat Chair Mats for Low Pile Carpets,Furniture,West,36,5,182,207,25
9/13/2015,Tensor Computer Mounted Lamp,Furniture,West,11,3,33,45,12
9/13/2015,Xerox 1915,Office Supplies,West,55,2,109,210,101
4/5/2014,Ibico Standard Transparent Covers,Office Supplies,South,8,7,59,115,57
10/10/2015,"Global Leather & Oak Executive Chair, Burgundy",Furniture,West,139,3,416,362,54
10/10/2015,Avery 503,Office Supplies,West,5,3,16,31,15
1/29/2017,Xerox 1997,Office Supplies,Central,3,2,7,13,6
1/29/2017,Xerox 1887,Office Supplies,Central,10,5,49,95,46
1/29/2017,"Tenex Personal Project File with Scoop Front Design, Black",Office Supplies,Central,10,1,10,13,4
1/29/2017,"DAX Value U-Channel Document Frames, Easel Back",Furniture,Central,3,3,10,15,5
9/24/2015,"Blue String-Tie & Button Interoffice Envelopes, 10 x 13",Office Supplies,East,22,1,22,40,18
3/15/2016,Novimex Swivel Fabric Task Chair,Furniture,Central,134,5,672,528,143
3/15/2016,"GBC Pre-Punched Binding Paper, Plastic, White, 8-1/2"" x 11""",Office Supplies,Central,8,7,58,22,36
11/24/2014,Acco Expandable Hanging Binders,Office Supplies,East,3,3,10,6,5
5/6/2017,Kensington Orbit Wireless Mobile Trackball for PC and Mac,Technology,Central,41,4,163,192,29
3/20/2015,Wilson Jones Century Plastic Molded Ring Binders,Office Supplies,East,11,3,33,50,17
3/20/2015,"Recycled Interoffice Envelopes with String and Button Closure, 10 x 13",Office Supplies,East,12,1,12,24,12
3/20/2015,Fellowes PB200 Plastic Comb Binding Machine,Office Supplies,East,92,8,734,1088,354
3/20/2015,Panasonic KX T7731-B Digital phone,Technology,East,73,2,146,200,54
3/20/2015,"Tennsco Lockers, Sand",Office Supplies,East,16,4,64,84,20
9/4/2016,"6"" Cubicle Wall Clock, Black",Furniture,West,5,3,16,24,9
9/4/2016,Canon PC1060 Personal Laser Copier,Technology,West,371,5,1855,2800,945
11/13/2015,"Universal Recycled Hanging Pressboard Report Binders, Letter Size",Office Supplies,West,3,2,6,10,3
11/13/2015,O'Sullivan Living Dimensions 3-Shelf Bookcases,Furniture,West,181,4,724,683,40
11/13/2015,Xerox 1900,Office Supplies,West,2,7,16,30,13
7/11/2014,Cisco SPA112 2 Port Phone Adapter,Technology,East,39,3,117,165,48
4/7/2016,Belkin 7-Outlet SurgeMaster Home Series,Office Supplies,East,10,3,31,34,3
4/7/2016,Eldon Jumbo ProFile Portable File Boxes Graphite/Black,Office Supplies,East,11,3,33,37,4
6/24/2017,GBC Prestige Therm-A-Bind Covers,Office Supplies,East,18,3,55,103,48
6/3/2016,Hon 61000 Series Interactive Training Tables,Furniture,West,36,2,73,71,2
12/12/2016,Eldon 500 Class Desk Accessories,Furniture,East,8,5,40,60,20
12/12/2016,Fiskars Home & Office Scissors,Office Supplies,East,6,4,26,36,10
12/12/2016,Sanford Pocket Accent Highlighters,Office Supplies,East,1,7,6,11,5
11/24/2017,Memorex Mini Travel Drive 16 GB USB 2.0 Flash Drive,Technology,West,10,14,136,224,87
12/28/2014,"Carina Mini System Audio Rack, Model AR050B",Office Supplies,West,108,9,969,999,30
12/28/2014,Acme Box Cutter Scissors,Office Supplies,West,8,5,38,51,13
4/12/2015,"Rogers Jumbo File, Granite",Office Supplies,West,13,3,40,41,0
3/2/2014,Xerox 1971,Office Supplies,East,2,1,2,3,1
3/2/2014,Hypercom P1300 Pinpad,Technology,East,40,3,119,151,32
6/1/2017,Hon 4070 Series Pagoda Round Back Stacking Chairs,Furniture,Central,231,6,1387,1926,539
6/1/2017,Honeywell Enviracaire Portable HEPA Air Cleaner for 17' x 22' Room,Office Supplies,Central,201,8,1611,2405,794
6/1/2017,Maxell LTO Ultrium - 800 GB,Technology,Central,23,3,68,84,16
6/1/2017,Logitech MX Performance Wireless Mouse,Technology,Central,25,1,25,40,15
6/1/2017,Cardinal Slant-D Ring Binders,Office Supplies,Central,4,2,9,17,9
12/14/2015,Ibico Recycled Grain-Textured Covers,Office Supplies,West,17,2,35,55,21
12/14/2015,Xerox 23,Office Supplies,West,3,1,3,6,3
12/14/2015,"GBC Laser Imprintable Binding System Covers, Desert Sand",Office Supplies,West,8,3,23,34,12
12/14/2015,"Bush Andora Conference Table, Maple/Graphite Gray Finish",Furniture,West,132,2,263,274,10
11/11/2014,"Wirebound Message Books, Four 2 3/4"" x 5"" Forms per Page, 600 Sets per Book",Office Supplies,East,5,5,25,46,22
11/11/2014,Xerox 1882,Office Supplies,East,29,4,114,224,110
11/11/2014,Acme Value Line Scissors,Office Supplies,East,3,2,5,7,2
10/6/2017,Avery Hi-Liter Smear-Safe Highlighters,Office Supplies,West,4,2,7,9,2
9/16/2017,KeyTronic E03601U1 - Keyboard - Beige,Technology,South,15,1,15,18,3
3/19/2015,Xerox 1919,Office Supplies,Central,21,2,42,66,24
3/19/2015,"Bush Heritage Pine Collection 5-Shelf Bookcase, Albany Pine Finish, *Special Order",Furniture,Central,113,4,451,383,68
7/26/2015,"Eureka Recycled Copy Paper 8 1/2"" x 11"", Ream",Office Supplies,East,3,2,7,10,4
12/5/2016,Electrix 20W Halogen Replacement Bulb for Zoom-In Desk Lamp,Furniture,East,7,1,7,13,6
12/5/2016,Easy-staple paper,Office Supplies,East,3,1,3,5,2
12/5/2016,"#10 White Business Envelopes,4 1/8 x 9 1/2",Office Supplies,East,8,7,58,110,52
12/11/2017,"Fellowes Twister Kit, Gray/Clear, 3/pkg",Office Supplies,East,4,5,22,40,18
12/11/2017,Ibico Ibimaster 300 Manual Binding System,Office Supplies,East,202,2,405,736,331
12/11/2017,"Bravo II Megaboss 12-Amp Hard Body Upright, Replacement Belts, 2 Belts per Pack",Office Supplies,East,2,7,16,23,7
6/28/2015,GBC Recycled Regency Composition Covers,Office Supplies,South,32,2,65,120,55
6/28/2015,"Boston Model 1800 Electric Pencil Sharpener, Gray",Office Supplies,South,20,5,99,141,42
9/11/2016,Cameo Buff Policy Envelopes,Office Supplies,Central,33,2,66,100,34
12/6/2016,Avaya 5410 Digital phone,Technology,West,49,5,245,272,27
12/6/2016,Blackstonian Pencils,Office Supplies,West,2,7,13,19,5
12/6/2016,Xerox 1977,Office Supplies,West,3,2,7,13,6
12/6/2016,Cisco SPA301,Technology,West,109,2,218,250,31
12/6/2016,"Alliance Big Bands Rubber Bands, 12/Pack",Office Supplies,West,2,7,14,14,0
12/6/2016,Avery Durable Slant Ring Binders With Label Holder,Office Supplies,West,2,4,9,13,5
12/6/2016,Ibico Recycled Linen-Style Covers,Office Supplies,West,20,14,284,437,153
9/6/2015,KI Adjustable-Height Table,Furniture,South,64,1,64,86,22
8/3/2017,Avery 476,Office Supplies,East,2,5,11,17,5
9/22/2016,"RSVP Cards & Envelopes, Blank White, 8-1/2"" X 11"", 24 Cards/25 Envelopes/Set",Office Supplies,Central,3,7,19,36,17
9/22/2016,Panasonic KX TS208W Corded phone,Technology,Central,35,2,71,98,27
5/17/2015,Self-Adhesive Removable Labels,Office Supplies,East,2,10,16,32,15
5/17/2015,"Acme Hot Forged Carbon Steel Scissors with Nickel-Plated Handles, 3 7/8"" Cut, 8""L",Office Supplies,East,10,4,39,56,16
9/29/2016,Memorex Mini Travel Drive 64 GB USB 2.0 Flash Drive,Technology,West,21,1,21,36,15
11/17/2017,Logitech G430 Surround Sound Gaming Headset with Dolby 7.1 Technology,Technology,South,51,1,51,80,29
11/17/2017,Panasonic KX - TS880B Telephone,Technology,South,30,5,150,206,56
1/21/2014,Ultra Door Pull Handle,Furniture,South,7,3,21,25,4
2/26/2017,Tenex B1-RE Series Chair Mats for Low Pile Carpets,Furniture,West,38,2,76,92,16
2/26/2017,Aastra 57i VoIP phone,Technology,West,120,2,239,259,19
2/26/2017,"It's Hot Message Books with Stickers, 2 3/4"" x 5""",Office Supplies,West,4,4,16,30,13
5/4/2017,"Acco 7-Outlet Masterpiece Power Center, Wihtout Fax/Phone Line Protection",Office Supplies,West,85,2,170,243,73
